-- --------------------------------------------------------
-- Host:                         127.0.0.1
-- Server version:               5.7.33 - MySQL Community Server (GPL)
-- Server OS:                    Win64
-- HeidiSQL Version:             11.2.0.6213
-- --------------------------------------------------------

/*!40101 SET @OLD_CHARACTER_SET_CLIENT=@@CHARACTER_SET_CLIENT */;
/*!40101 SET NAMES utf8 */;
/*!50503 SET NAMES utf8mb4 */;
/*!40014 SET @OLD_FOREIGN_KEY_CHECKS=@@FOREIGN_KEY_CHECKS, FOREIGN_KEY_CHECKS=0 */;
/*!40101 SET @OLD_SQL_MODE=@@SQL_MODE, SQL_MODE='NO_AUTO_VALUE_ON_ZERO' */;
/*!40111 SET @OLD_SQL_NOTES=@@SQL_NOTES, SQL_NOTES=0 */;


-- Dumping database structure for sas
CREATE DATABASE IF NOT EXISTS `sas` /*!40100 DEFAULT CHARACTER SET latin1 */;
USE `sas`;

-- Dumping structure for table sas.annee_scolaires
CREATE TABLE IF NOT EXISTS `annee_scolaires` (
  `id` bigint(20) unsigned NOT NULL AUTO_INCREMENT,
  `nom` varchar(255) COLLATE utf8mb4_unicode_ci NOT NULL,
  `date_debut` date NOT NULL,
  `date_fin` date NOT NULL,
  `created_at` timestamp NULL DEFAULT NULL,
  `updated_at` timestamp NULL DEFAULT NULL,
  `deleted_at` timestamp NULL DEFAULT NULL,
  `selected` tinyint(1) NOT NULL DEFAULT '0',
  PRIMARY KEY (`id`),
  UNIQUE KEY `annee_scolaires_nom_unique` (`nom`)
) ENGINE=InnoDB AUTO_INCREMENT=6 DEFAULT CHARSET=utf8mb4 COLLATE=utf8mb4_unicode_ci;

-- Dumping data for table sas.annee_scolaires: ~5 rows (approximately)
/*!40000 ALTER TABLE `annee_scolaires` DISABLE KEYS */;
INSERT INTO `annee_scolaires` (`id`, `nom`, `date_debut`, `date_fin`, `created_at`, `updated_at`, `deleted_at`, `selected`) VALUES
	(1, '2022-2023', '2022-09-02', '2023-07-02', '2022-08-24 14:55:26', '2022-11-17 18:33:09', NULL, 0),
	(2, '2023-2024', '2023-09-02', '2024-07-02', '2022-08-29 19:21:58', '2022-11-17 18:33:34', NULL, 0),
	(3, '2024-2025', '2024-09-02', '2025-07-02', '2022-09-15 14:02:08', '2023-05-09 16:13:38', '2023-05-09 16:13:38', 0),
	(4, '2021-2022', '2021-09-22', '2022-07-02', '2023-05-09 16:26:55', '2023-05-09 16:26:55', NULL, 0),
	(5, 'PREMIER TRIMESTRE', '2023-06-29', '2023-06-30', '2023-06-28 22:37:35', '2023-06-28 22:37:35', '2023-07-02 23:52:55', 0);
/*!40000 ALTER TABLE `annee_scolaires` ENABLE KEYS */;

-- Dumping structure for table sas.categorie_cours
CREATE TABLE IF NOT EXISTS `categorie_cours` (
  `id` bigint(20) unsigned NOT NULL AUTO_INCREMENT,
  `nom` varchar(255) COLLATE utf8mb4_unicode_ci NOT NULL,
  `created_at` timestamp NULL DEFAULT NULL,
  `updated_at` timestamp NULL DEFAULT NULL,
  `deleted_at` timestamp NULL DEFAULT NULL,
  PRIMARY KEY (`id`)
) ENGINE=InnoDB AUTO_INCREMENT=8 DEFAULT CHARSET=utf8mb4 COLLATE=utf8mb4_unicode_ci;

-- Dumping data for table sas.categorie_cours: ~7 rows (approximately)
/*!40000 ALTER TABLE `categorie_cours` DISABLE KEYS */;
INSERT INTO `categorie_cours` (`id`, `nom`, `created_at`, `updated_at`, `deleted_at`) VALUES
	(1, 'MATHEMATIQUES', '2022-08-24 15:03:01', '2023-04-13 17:13:51', NULL),
	(2, 'FRANÇAIS', '2022-08-24 15:03:13', '2023-04-13 17:21:06', NULL),
	(3, 'CIVISME ET RELIGION', '2022-09-03 09:28:23', '2023-04-13 17:22:00', NULL),
	(4, 'Pornographie', '2022-09-03 09:34:47', '2022-09-03 09:34:49', '2022-09-03 09:34:49'),
	(5, 'ACTIVITES D\'EVEIL SCIENTIFIQUE', '2022-09-03 09:51:39', '2023-04-13 17:12:57', NULL),
	(6, 'ACTIVITES INSTRUMENTALES', '2023-04-13 17:08:59', '2023-04-13 17:08:59', NULL),
	(7, 'ACTIVITES D\'EVEIL ESTHETIQUE', '2023-04-13 17:10:44', '2023-04-13 17:10:44', NULL);
/*!40000 ALTER TABLE `categorie_cours` ENABLE KEYS */;

-- Dumping structure for table sas.classes
CREATE TABLE IF NOT EXISTS `classes` (
  `id` bigint(20) unsigned NOT NULL AUTO_INCREMENT,
  `nom` varchar(255) COLLATE utf8mb4_unicode_ci NOT NULL,
  `niveau_id` bigint(20) unsigned NOT NULL DEFAULT '5',
  `created_at` timestamp NULL DEFAULT NULL,
  `updated_at` timestamp NULL DEFAULT NULL,
  `deleted_at` timestamp NULL DEFAULT NULL,
  PRIMARY KEY (`id`),
  KEY `classes_niveau_id_foreign` (`niveau_id`),
  CONSTRAINT `classes_niveau_id_foreign` FOREIGN KEY (`niveau_id`) REFERENCES `niveaux` (`id`)
) ENGINE=InnoDB AUTO_INCREMENT=17 DEFAULT CHARSET=utf8mb4 COLLATE=utf8mb4_unicode_ci;

-- Dumping data for table sas.classes: ~13 rows (approximately)
/*!40000 ALTER TABLE `classes` DISABLE KEYS */;
INSERT INTO `classes` (`id`, `nom`, `niveau_id`, `created_at`, `updated_at`, `deleted_at`) VALUES
	(1, 'A', 5, '2022-08-24 14:54:36', '2022-08-24 14:54:37', NULL),
	(2, 'A', 6, '2022-08-31 10:53:08', '2022-08-31 10:53:09', NULL),
	(3, 'B', 5, '2022-09-03 07:58:32', '2022-09-03 07:58:32', NULL),
	(4, 'B', 6, '2022-09-03 08:02:21', '2022-09-03 08:02:21', NULL),
	(5, 'A', 7, '2022-09-03 08:40:20', '2022-09-03 08:40:20', NULL),
	(6, 'C', 7, '2022-09-03 08:40:43', '2022-09-03 08:41:21', '2022-09-03 08:41:21'),
	(7, 'B', 7, '2022-09-03 08:41:32', '2022-09-03 08:41:32', NULL),
	(8, 'A', 4, '2022-09-03 08:41:40', '2022-11-23 21:54:33', NULL),
	(9, 'B', 4, '2022-09-03 08:41:47', '2022-09-03 08:41:47', NULL),
	(10, 'A', 8, '2023-01-31 10:30:58', '2023-01-31 10:30:58', NULL),
	(14, 'B', 8, '2023-04-13 15:55:25', '2023-04-13 15:55:25', NULL),
	(15, 'B', 8, '2023-04-13 15:58:39', '2023-04-13 15:58:46', '2023-04-13 15:58:46'),
	(16, 'A', 9, '2023-04-13 15:58:57', '2023-04-13 15:58:57', NULL);
/*!40000 ALTER TABLE `classes` ENABLE KEYS */;

-- Dumping structure for table sas.conduites
CREATE TABLE IF NOT EXISTS `conduites` (
  `id` bigint(20) unsigned NOT NULL AUTO_INCREMENT,
  `nom` varchar(255) COLLATE utf8mb4_unicode_ci NOT NULL,
  `abbreviation` varchar(255) COLLATE utf8mb4_unicode_ci NOT NULL,
  `created_at` timestamp NULL DEFAULT NULL,
  `updated_at` timestamp NULL DEFAULT NULL,
  `deleted_at` timestamp NULL DEFAULT NULL,
  PRIMARY KEY (`id`)
) ENGINE=InnoDB AUTO_INCREMENT=6 DEFAULT CHARSET=utf8mb4 COLLATE=utf8mb4_unicode_ci;

-- Dumping data for table sas.conduites: ~5 rows (approximately)
/*!40000 ALTER TABLE `conduites` DISABLE KEYS */;
INSERT INTO `conduites` (`id`, `nom`, `abbreviation`, `created_at`, `updated_at`, `deleted_at`) VALUES
	(1, 'EXCELLENTE', 'E', '2023-04-07 16:18:12', '2023-04-07 16:18:12', NULL),
	(2, 'TRES BONNE', 'TB', '2023-04-07 16:18:38', '2023-04-07 16:18:38', NULL),
	(3, 'BONNE', 'B', '2023-04-07 16:19:17', '2023-04-07 16:19:17', NULL),
	(4, 'ACCES BONNE', 'AB', '2023-04-07 16:19:26', '2023-04-07 16:19:27', NULL),
	(5, 'MAUVAISE', 'M', '2023-04-07 16:19:40', NULL, NULL);
/*!40000 ALTER TABLE `conduites` ENABLE KEYS */;

-- Dumping structure for table sas.cours
CREATE TABLE IF NOT EXISTS `cours` (
  `id` bigint(20) unsigned NOT NULL AUTO_INCREMENT,
  `nom` varchar(255) COLLATE utf8mb4_unicode_ci NOT NULL,
  `max_periode` int(11) NOT NULL,
  `max_examen` int(11) NOT NULL,
  `categorie_cours_id` bigint(20) unsigned DEFAULT NULL,
  `classe_id` bigint(20) unsigned DEFAULT NULL,
  `created_at` timestamp NULL DEFAULT NULL,
  `updated_at` timestamp NULL DEFAULT NULL,
  `deleted_at` timestamp NULL DEFAULT NULL,
  PRIMARY KEY (`id`),
  KEY `cours_categorie_cours_id_foreign` (`categorie_cours_id`),
  KEY `cours_classe_id_foreign` (`classe_id`),
  CONSTRAINT `cours_categorie_cours_id_foreign` FOREIGN KEY (`categorie_cours_id`) REFERENCES `categorie_cours` (`id`),
  CONSTRAINT `cours_classe_id_foreign` FOREIGN KEY (`classe_id`) REFERENCES `classes` (`id`)
) ENGINE=InnoDB AUTO_INCREMENT=10 DEFAULT CHARSET=utf8mb4 COLLATE=utf8mb4_unicode_ci;

-- Dumping data for table sas.cours: ~8 rows (approximately)
/*!40000 ALTER TABLE `cours` DISABLE KEYS */;
INSERT INTO `cours` (`id`, `nom`, `max_periode`, `max_examen`, `categorie_cours_id`, `classe_id`, `created_at`, `updated_at`, `deleted_at`) VALUES
	(1, 'Algebre', 40, 80, 1, 1, '2022-08-24 15:03:38', '2022-08-24 15:03:39', NULL),
	(2, 'Redaction', 20, 40, 2, 1, '2022-08-24 15:04:11', '2023-04-13 17:23:31', NULL),
	(3, 'Correspondance', 20, 40, 2, 1, '2022-09-01 02:56:14', '2022-09-03 14:40:59', NULL),
	(4, 'Geometrie', 20, 40, 1, 1, '2022-09-01 02:56:12', '2022-09-03 10:47:42', NULL),
	(6, 'Geographie', 20, 40, 5, 1, '2022-09-03 10:09:49', '2022-09-03 10:09:49', NULL),
	(7, 'Histoire', 20, 40, 5, 1, '2022-09-03 10:11:08', '2022-09-03 11:28:16', NULL),
	(8, 'botanique', 20, 40, 5, 5, '2022-10-25 14:51:53', '2022-10-25 14:51:53', NULL),
	(9, 'ECM', 10, 20, 3, 1, '2023-04-13 14:46:22', '2023-04-13 14:46:23', NULL);
/*!40000 ALTER TABLE `cours` ENABLE KEYS */;

-- Dumping structure for table sas.eleves
CREATE TABLE IF NOT EXISTS `eleves` (
  `id` bigint(20) unsigned NOT NULL AUTO_INCREMENT,
  `nom` varchar(255) COLLATE utf8mb4_unicode_ci NOT NULL,
  `prenom` varchar(255) COLLATE utf8mb4_unicode_ci NOT NULL,
  `matricule` varchar(255) COLLATE utf8mb4_unicode_ci NOT NULL,
  `lieu_naissance` varchar(255) COLLATE utf8mb4_unicode_ci NOT NULL,
  `date_naissance` date NOT NULL,
  `nom_pere` varchar(255) COLLATE utf8mb4_unicode_ci DEFAULT NULL,
  `nom_mere` varchar(255) COLLATE utf8mb4_unicode_ci DEFAULT NULL,
  `adresse` varchar(255) COLLATE utf8mb4_unicode_ci NOT NULL,
  `parrain_id` bigint(20) unsigned DEFAULT NULL,
  `created_at` timestamp NULL DEFAULT NULL,
  `updated_at` timestamp NULL DEFAULT NULL,
  `deleted_at` timestamp NULL DEFAULT NULL,
  `sexe` varchar(255) COLLATE utf8mb4_unicode_ci NOT NULL,
  PRIMARY KEY (`id`),
  KEY `eleves_parrain_id_foreign` (`parrain_id`),
  CONSTRAINT `eleves_parrain_id_foreign` FOREIGN KEY (`parrain_id`) REFERENCES `parrains` (`id`)
) ENGINE=InnoDB AUTO_INCREMENT=37 DEFAULT CHARSET=utf8mb4 COLLATE=utf8mb4_unicode_ci;

-- Dumping data for table sas.eleves: ~36 rows (approximately)
/*!40000 ALTER TABLE `eleves` DISABLE KEYS */;
INSERT INTO `eleves` (`id`, `nom`, `prenom`, `matricule`, `lieu_naissance`, `date_naissance`, `nom_pere`, `nom_mere`, `adresse`, `parrain_id`, `created_at`, `updated_at`, `deleted_at`, `sexe`) VALUES
	(1, 'Keaton', 'Paucek', 'E269/2022', 'Greentown', '1986-01-20', 'Dr. Peyton Schimmel', 'Mrs. Gina Strosin I', '77497 Tromp Dale\nStephonborough, MO 39691', NULL, '2022-08-24 13:01:17', '2022-09-05 10:48:16', '2022-09-05 10:48:16', 'M'),
	(2, 'Laila', 'Del Minor', 'E455/2022', 'South Elmer', '2009-01-10', 'Zane Crona', 'Nelle Schneider', '4626 Kuhic RanchStephenstad, ME 09963', NULL, '2022-08-24 13:01:17', '2022-09-06 08:19:16', NULL, 'F'),
	(3, 'Jalon', 'Wiegand', 'E428/2022', 'Port Kellenfurt', '1998-01-24', 'Giovani Effertz', 'Fae Jones', '823 Adelle PlaceLake Daniellastad, NV 62133', NULL, '2022-08-24 13:01:17', '2023-03-22 20:14:38', NULL, 'M'),
	(4, 'Korbin', 'Kshlerin', 'E480/2022', 'North Ottomouth', '1981-05-17', 'Mr. Troy Kshlerin DVM', 'Prof. Elinore Ritchie I', '7516 Muller Summit Apt. 197\nLake Chloe, CT 79149-3041', NULL, '2022-08-24 13:01:17', '2022-09-09 15:16:57', '2022-09-09 15:16:57', 'F'),
	(5, 'Carli', 'Rutherford', 'E464/2022', 'Candidafort', '2004-12-20', 'Seamus Runte', 'Frieda Hamill', '2401 Nienow Squares Suite 503\nSouth Robbie, MO 79972-3885', NULL, '2022-08-24 13:01:17', '2022-08-24 13:01:17', NULL, 'F'),
	(6, 'Otilia', 'Collier', 'E493/2022', 'Funkbury', '1979-11-11', 'Dr. Laurel Funk', 'Ms. Myrtis Leffler', '55071 Morissette Loaf\nHanefort, OK 95998', NULL, '2022-08-24 13:01:17', '2022-08-24 13:01:17', NULL, 'F'),
	(7, 'Cole', 'Lowe', 'E102/2022', 'New Afton', '2022-04-09', 'Dr. Darien Larkin', 'Miss Maddison Gusikowski DDS', '938 Nadia Road Apt. 825\nNorth Dianna, NV 19446', NULL, '2022-08-24 13:01:17', '2022-08-24 13:01:17', NULL, 'M'),
	(8, 'Alison', 'Braun', 'E460/2022', 'Paucekfurt', '2009-02-01', 'Antone Schmidt', 'Nina Berge', '848 Garry Street Apt. 802\nLake Ephraim, MD 65470', NULL, '2022-08-24 13:01:17', '2022-08-24 13:01:17', NULL, 'F'),
	(9, 'Clarissa', 'Langosh', 'E112/2022', 'Lake Kolbyside', '1989-09-22', 'Luigi Stark', 'Asa Cormier', '384 Schmeler Squares Suite 724\nWest Eudorahaven, MO 33504-1676', NULL, '2022-08-24 13:01:17', '2022-08-24 13:01:17', NULL, 'F'),
	(10, 'Eloise', 'Volkman', 'E406/2022', 'Kalliestad', '2002-04-12', 'Jaylon Fahey', 'Madaline Nader', '245 Stoltenberg Road Apt. 403\nNew Sheldonberg, RI 88277', NULL, '2022-08-24 13:01:17', '2022-08-24 13:01:17', NULL, 'M'),
	(11, 'Brendan', 'Klocko', 'E417/2022', 'North Adolphborough', '1978-12-24', 'Brenden Klein', 'Ms. Kaya Wintheiser III', '873 Emard Mills\nFeilville, IA 51926-3163', NULL, '2022-08-24 13:01:17', '2022-08-24 13:01:17', NULL, 'F'),
	(12, 'Jailyn', 'Kuhlman', 'E447/2022', 'East Frances', '2005-08-21', 'Randall Witting', 'Aditya Mertz', '96138 Alvis Mews\nNorth Jaydenchester, NE 96346-4794', NULL, '2022-08-24 13:01:17', '2022-08-24 13:01:17', NULL, 'M'),
	(13, 'Kadin', 'Veum', 'E406/2022', 'Llewellynside', '1998-12-06', 'Kayleigh Treutel', 'Carolyn Erdman', '90885 Mac Keys Suite 448\nHomenickchester, NY 21611-5955', NULL, '2022-08-24 13:01:17', '2022-08-24 13:01:17', NULL, 'F'),
	(14, 'Carey', 'Rempel', 'E537/2022', 'North Foster', '1993-10-13', 'Jacey Stoltenberg', 'Dr. Eulah Larson', '489 Borer Walks\nVirgilport, IN 33464-5620', NULL, '2022-08-24 13:01:17', '2022-08-24 13:01:17', NULL, 'M'),
	(15, 'Esmeralda', 'Osinski', 'E443/2022', 'Delphiafurt', '2015-08-02', 'Rocio Harvey', 'Ms. Jaqueline Hermiston', '95557 Kirlin Valley Apt. 860\nLake Luella, MD 74754', NULL, '2022-08-24 13:01:17', '2022-08-24 13:01:17', NULL, 'F'),
	(16, 'Gabriel', 'Botsford', 'E227/2022', 'New Gailview', '2008-06-11', 'Rylan Rutherford', 'Berenice Treutel', '383 Ferry Trail Apt. 432\nLangmouth, VT 50517', NULL, '2022-08-24 13:01:17', '2023-02-04 11:18:51', '2023-02-04 11:18:51', 'M'),
	(17, 'Palma', 'Romaguera', 'E440/2022', 'North Jerry', '2002-07-31', 'Dr. Horace Crist IV', 'Prof. Daphney Lubowitz Sr.', '2182 Ferry Villages Suite 928\nFidelchester, MA 19385-8539', NULL, '2022-08-24 13:01:17', '2022-08-24 13:01:17', NULL, 'F'),
	(18, 'Nickolas', 'Hoeger', 'E480/2022', 'Altenwerthborough', '1988-12-21', 'Dr. Sidney Howell PhD', 'Casandra Frami', '7815 Ulises Drives Apt. 785\nSouth Briaport, NC 53976', NULL, '2022-08-24 13:01:17', '2022-08-28 23:42:33', '2022-08-28 23:42:33', 'M'),
	(19, 'Candace', 'Schowalter', 'E402/2022', 'Ressiemouth', '1977-01-20', 'Heber Lehner', 'Delphia Wisoky', '14799 Anne Ways\nEast Julius, UT 07524', NULL, '2022-08-24 13:01:17', '2022-08-24 13:01:17', NULL, 'F'),
	(20, 'Gilda', 'Keebler', 'E579/2022', 'East Luisaville', '1985-03-31', 'Prof. Cordelia Hahn', 'Natalie Abshire', '15863 Abernathy Meadow Suite 163\nNorth Brielle, MD 53461-7406', NULL, '2022-08-24 13:01:17', '2022-08-24 13:01:17', NULL, 'F'),
	(21, 'Abraham Mulindi', 'Tommy', 'E580/2022', 'Bukavu', '2022-01-12', 'Mulindi Kabanga', 'Luguvi Antoinette', '23/B Jean Miruho, Panzi, Ibanda, Bukavu', 3, '2022-08-28 21:41:00', '2023-04-12 10:04:44', NULL, 'M'),
	(22, 'Atosha Molisho', 'Nickel', 'E581/2022', 'Bujumbura', '2022-08-10', 'Beau-Pere', 'Belle-Mere', '121 Gihosha, Gihosha, Bujumbura-Merie', 6, '2022-08-28 23:38:04', '2023-06-27 10:17:56', NULL, 'F'),
	(23, 'Brayant', 'Kobe', 'E582/2022', 'New York', '1559-12-12', 'Bryant Jackson', 'Alida Jackson', 'Kinindo', NULL, '2022-08-31 08:49:56', '2022-11-19 10:48:39', NULL, 'M'),
	(24, 'Bintu Rutakaza', 'Teddy', 'E583/2022', 'Kinshasa', '1993-12-12', 'Rutakaza Sr', 'Mme Rutakaza', 'Bujumbura', NULL, '2022-09-09 15:01:38', '2022-11-19 10:48:20', NULL, 'M'),
	(25, 'Christian', 'Jerry', 'E584/2022', 'Lemera', '1993-01-08', 'Mulindi', 'Antoinette', 'Bukavu', NULL, '2022-09-15 13:15:15', '2022-11-19 10:46:29', NULL, 'M'),
	(26, 'Enseignant', 'Gouver', 'E585/2022', 'Bukavu', '2022-09-25', 'Rutakaza Sr', 'Belle-Mere', '23/B Jean Miruho, Panzi, Ibanda, Bukavu', NULL, '2022-09-15 13:34:44', '2023-04-13 21:39:28', '2023-04-13 21:39:28', 'M'),
	(27, 'Ndioni Tonobunu', 'Jeannot', 'E586/2022', 'Goma', '1995-10-10', 'Tonobunu', 'Mme Tonobunu', '19 Nyakabiga 2, Mukaza, Bujumbura-Merie', NULL, '2022-11-19 10:07:14', '2023-01-31 10:32:04', NULL, 'M'),
	(28, 'Ingenieur', 'Jascript', 'E587/2023', 'Bukavu', '2023-02-03', 'Rutakaza Sr', 'Belle-Mere', '23/B Jean Miruho, Panzi, Ibanda, Bukavu', NULL, '2023-02-03 14:04:05', '2023-02-04 09:23:54', '2023-02-04 09:23:54', 'M'),
	(29, 'Enseignant', 'Gouver', 'E588/2023', 'Bukavu', '2023-02-04', 'Rutakaza Sr', 'Belle-Mere', '23/B Jean Miruho, Panzi, Ibanda, Bukavu', NULL, '2023-02-03 14:06:27', '2023-02-04 09:23:47', '2023-02-04 09:23:47', 'M'),
	(30, 'KIZA KABANGA', 'Sebastien', 'E587/2023', 'Lemera', '1995-10-05', 'KIZA KABANGA', 'BAHATI KABANGA', 'Bujumbura, Cibitoke', 3, '2023-04-02 09:49:52', '2023-04-12 11:02:53', NULL, 'M'),
	(31, 'Cirhuza Masumbuko', 'Chrispin', 'E588/2023', 'Bukavu', '2002-12-12', 'Jean Mado', 'Kyala', 'PZ Route Panzi', 4, '2023-04-12 22:29:08', '2023-04-13 21:53:40', NULL, 'M'),
	(32, 'Cithona jerome', 'fabrice', 'E589/2023', 'Bukavu', '2000-11-01', 'Cithona', 'Antoinette', 'av. Jean miruho', 4, '2023-04-13 12:27:28', '2023-04-13 12:38:19', NULL, 'M'),
	(33, 'cubaka mirhimeluga', 'rodrigue', 'E590/2023', 'bukavu', '2000-12-04', 'mirhimeluga', 'Soise', 'route panzi', NULL, '2023-04-13 15:34:02', '2023-04-13 15:34:02', NULL, 'M'),
	(34, 'Zawadi Lubala', 'Jeanne D\'Arc', 'E591/2023', 'Bukavu', '2000-04-12', 'Lubala Chibuzi', 'Madame Chibuzi', 'Mushununu', NULL, '2023-04-13 21:55:41', '2023-04-13 21:55:41', NULL, 'F'),
	(35, 'julie prisca', 'julia', 'E592/2023', 'Goma', '1999-08-12', 'lucien', 'mireille', 'asiatique', 5, '2023-06-05 13:17:11', '2023-06-27 10:17:01', NULL, 'F'),
	(36, 'Marie Charlotte Molisho', 'Furaha Nathalie', 'E593/2023', 'Bujumbura', '2014-12-15', 'Molisho le pere', 'Marie Furaha', 'Gihosha', NULL, '2023-06-06 11:45:31', '2023-06-29 17:49:59', NULL, 'F');
/*!40000 ALTER TABLE `eleves` ENABLE KEYS */;

-- Dumping structure for table sas.eleve_conduites
CREATE TABLE IF NOT EXISTS `eleve_conduites` (
  `id` bigint(20) unsigned NOT NULL AUTO_INCREMENT,
  `eleve_id` bigint(20) unsigned DEFAULT NULL,
  `conduite_id` bigint(20) unsigned DEFAULT NULL,
  `periode_id` bigint(20) unsigned DEFAULT NULL,
  `created_at` timestamp NULL DEFAULT NULL,
  `updated_at` timestamp NULL DEFAULT NULL,
  `deleted_at` timestamp NULL DEFAULT NULL,
  PRIMARY KEY (`id`),
  KEY `eleve_conduites_eleve_id_foreign` (`eleve_id`),
  KEY `eleve_conduites_conduite_id_foreign` (`conduite_id`),
  KEY `eleve_conduites_periode_id_foreign` (`periode_id`),
  CONSTRAINT `eleve_conduites_conduite_id_foreign` FOREIGN KEY (`conduite_id`) REFERENCES `conduites` (`id`),
  CONSTRAINT `eleve_conduites_eleve_id_foreign` FOREIGN KEY (`eleve_id`) REFERENCES `eleves` (`id`),
  CONSTRAINT `eleve_conduites_periode_id_foreign` FOREIGN KEY (`periode_id`) REFERENCES `periodes` (`id`)
) ENGINE=InnoDB AUTO_INCREMENT=8 DEFAULT CHARSET=utf8mb4 COLLATE=utf8mb4_unicode_ci;

-- Dumping data for table sas.eleve_conduites: ~7 rows (approximately)
/*!40000 ALTER TABLE `eleve_conduites` DISABLE KEYS */;
INSERT INTO `eleve_conduites` (`id`, `eleve_id`, `conduite_id`, `periode_id`, `created_at`, `updated_at`, `deleted_at`) VALUES
	(1, 21, 1, 1, '2023-04-07 20:23:05', '2023-04-07 20:23:06', NULL),
	(2, 21, 2, 2, '2023-04-09 19:49:41', '2023-04-09 19:49:41', NULL),
	(3, 31, 4, 6, '2023-04-13 14:21:03', '2023-04-13 14:21:04', NULL),
	(4, 21, 2, 3, '2023-04-14 18:43:45', '2023-06-11 22:40:32', NULL),
	(5, 21, 5, 4, '2023-04-14 19:08:49', '2023-04-14 19:08:49', NULL),
	(6, 21, 3, 5, '2023-04-30 16:49:36', '2023-04-30 16:49:36', NULL),
	(7, 21, 3, 6, '2023-04-30 16:50:02', '2023-04-30 16:50:02', NULL);
/*!40000 ALTER TABLE `eleve_conduites` ENABLE KEYS */;

-- Dumping structure for table sas.eleve_evaluation
CREATE TABLE IF NOT EXISTS `eleve_evaluation` (
  `id` bigint(20) unsigned NOT NULL AUTO_INCREMENT,
  `eleve_id` bigint(20) unsigned NOT NULL,
  `evaluation_id` bigint(20) unsigned NOT NULL,
  `note_obtenu` int(11) NOT NULL DEFAULT '0',
  `created_at` timestamp NULL DEFAULT CURRENT_TIMESTAMP,
  `updated_at` timestamp NULL DEFAULT CURRENT_TIMESTAMP,
  `deleted_at` timestamp NULL DEFAULT NULL,
  PRIMARY KEY (`id`),
  KEY `table_eleve_evaluation_eleve_id_foreign` (`eleve_id`),
  KEY `table_eleve_evaluation_evaluation_id_foreign` (`evaluation_id`),
  CONSTRAINT `table_eleve_evaluation_eleve_id_foreign` FOREIGN KEY (`eleve_id`) REFERENCES `eleves` (`id`),
  CONSTRAINT `table_eleve_evaluation_evaluation_id_foreign` FOREIGN KEY (`evaluation_id`) REFERENCES `evaluations` (`id`)
) ENGINE=InnoDB AUTO_INCREMENT=2100 DEFAULT CHARSET=utf8mb4 COLLATE=utf8mb4_unicode_ci;

-- Dumping data for table sas.eleve_evaluation: ~786 rows (approximately)
/*!40000 ALTER TABLE `eleve_evaluation` DISABLE KEYS */;
INSERT INTO `eleve_evaluation` (`id`, `eleve_id`, `evaluation_id`, `note_obtenu`, `created_at`, `updated_at`, `deleted_at`) VALUES
	(1, 21, 1, 3, '2022-08-31 12:14:16', '2023-05-02 08:59:12', NULL),
	(2, 21, 2, 8, '2022-08-31 12:14:17', '2022-08-31 12:14:15', NULL),
	(3, 21, 3, 4, '2022-08-31 12:14:13', '2022-08-31 12:14:14', NULL),
	(9, 21, 4, 8, '2022-09-01 02:59:52', '2022-09-01 02:59:52', NULL),
	(10, 21, 5, 4, '2022-09-01 03:00:23', '2022-09-01 03:00:24', NULL),
	(11, 21, 6, 5, '2022-09-01 04:33:54', '2022-09-01 04:33:54', NULL),
	(12, 21, 7, 7, '2022-09-02 03:59:56', '2022-09-02 03:59:57', NULL),
	(13, 21, 8, 3, '2022-09-02 04:00:53', '2022-09-02 04:00:53', NULL),
	(14, 21, 9, 6, '2022-09-02 04:01:17', '2022-09-02 04:01:17', NULL),
	(15, 21, 10, 5, '2022-09-02 04:01:30', '2022-09-02 04:01:30', NULL),
	(16, 21, 11, 3, '2022-09-02 04:01:37', NULL, NULL),
	(40, 21, 29, 6, NULL, NULL, NULL),
	(53, 21, 30, 8, NULL, NULL, NULL),
	(66, 21, 31, 8, NULL, NULL, NULL),
	(79, 21, 32, 4, NULL, NULL, NULL),
	(92, 21, 33, 7, NULL, NULL, NULL),
	(105, 21, 34, 5, NULL, NULL, NULL),
	(118, 21, 35, 4, NULL, NULL, NULL),
	(131, 21, 36, 8, NULL, NULL, NULL),
	(144, 21, 37, 8, NULL, NULL, NULL),
	(157, 21, 38, 5, NULL, NULL, NULL),
	(170, 21, 39, 6, NULL, NULL, NULL),
	(183, 21, 40, 6, NULL, NULL, NULL),
	(196, 21, 41, 3, NULL, NULL, NULL),
	(209, 21, 42, 6, NULL, NULL, NULL),
	(222, 21, 43, 15, NULL, NULL, NULL),
	(235, 21, 44, 3, NULL, NULL, NULL),
	(248, 21, 45, 0, NULL, NULL, NULL),
	(261, 21, 46, 5, NULL, NULL, NULL),
	(274, 21, 47, 6, NULL, NULL, NULL),
	(287, 21, 48, 3, NULL, NULL, NULL),
	(300, 21, 49, 5, NULL, NULL, NULL),
	(313, 21, 50, 8, NULL, NULL, NULL),
	(326, 21, 51, 8, NULL, NULL, NULL),
	(339, 21, 52, 8, NULL, NULL, NULL),
	(351, 21, 53, 0, NULL, NULL, NULL),
	(364, 21, 54, 9, NULL, NULL, NULL),
	(377, 21, 55, 7, NULL, '2023-04-13 15:07:25', NULL),
	(390, 21, 56, 0, NULL, NULL, NULL),
	(398, 21, 67, 0, NULL, NULL, NULL),
	(413, 21, 68, 9, '2023-04-13 15:17:41', '2023-04-13 13:24:36', NULL),
	(428, 21, 69, 0, '2023-04-13 16:14:03', '2023-04-13 16:14:03', NULL),
	(443, 21, 70, 0, '2023-04-13 16:14:36', '2023-04-13 16:14:36', NULL),
	(458, 21, 71, 2, '2023-04-13 16:48:24', '2023-04-13 14:49:06', NULL),
	(473, 21, 72, 10, '2023-04-13 17:04:00', '2023-04-13 15:06:52', NULL),
	(490, 21, 75, 0, '2023-04-13 23:50:15', '2023-04-13 23:50:15', NULL),
	(505, 21, 76, 0, '2023-04-13 23:50:45', '2023-04-13 23:50:45', NULL),
	(520, 21, 77, 30, '2023-04-13 23:51:09', '2023-05-22 11:57:05', NULL),
	(535, 21, 78, 18, '2023-04-13 23:51:27', '2023-05-03 11:21:25', NULL),
	(595, 21, 74, 0, '2023-04-19 00:57:06', '2023-04-19 00:57:06', NULL),
	(1364, 8, 1, 0, '2023-05-03 12:01:55', '2023-05-03 12:01:55', NULL),
	(1365, 8, 3, 0, '2023-05-03 12:01:55', '2023-05-03 12:01:55', NULL),
	(1366, 8, 6, 0, '2023-05-03 12:01:55', '2023-05-03 12:01:55', NULL),
	(1367, 8, 9, 0, '2023-05-03 12:01:55', '2023-05-03 12:01:55', NULL),
	(1368, 8, 10, 0, '2023-05-03 12:01:55', '2023-05-03 12:01:55', NULL),
	(1369, 8, 29, 0, '2023-05-03 12:01:55', '2023-05-03 12:01:55', NULL),
	(1370, 8, 31, 0, '2023-05-03 12:01:55', '2023-05-03 12:01:55', NULL),
	(1371, 8, 35, 0, '2023-05-03 12:01:55', '2023-05-03 12:01:55', NULL),
	(1372, 8, 36, 0, '2023-05-03 12:01:55', '2023-05-03 12:01:55', NULL),
	(1373, 8, 40, 0, '2023-05-03 12:01:55', '2023-05-03 12:01:55', NULL),
	(1374, 8, 53, 0, '2023-05-03 12:01:55', '2023-05-03 12:01:55', NULL),
	(1375, 8, 54, 0, '2023-05-03 12:01:55', '2023-05-03 12:01:55', NULL),
	(1376, 8, 55, 0, '2023-05-03 12:01:55', '2023-05-03 12:01:55', NULL),
	(1377, 8, 56, 0, '2023-05-03 12:01:55', '2023-05-03 12:01:55', NULL),
	(1378, 8, 68, 0, '2023-05-03 12:01:55', '2023-05-03 12:01:55', NULL),
	(1379, 8, 2, 0, '2023-05-03 12:01:55', '2023-05-03 12:01:55', NULL),
	(1380, 8, 11, 0, '2023-05-03 12:01:55', '2023-05-03 12:01:55', NULL),
	(1381, 8, 33, 0, '2023-05-03 12:01:55', '2023-05-03 12:01:55', NULL),
	(1382, 8, 38, 0, '2023-05-03 12:01:55', '2023-05-03 12:01:55', NULL),
	(1383, 8, 42, 0, '2023-05-03 12:01:55', '2023-05-03 12:01:55', NULL),
	(1384, 8, 44, 0, '2023-05-03 12:01:55', '2023-05-03 12:01:55', NULL),
	(1385, 8, 67, 0, '2023-05-03 12:01:55', '2023-05-03 12:01:55', NULL),
	(1386, 8, 5, 0, '2023-05-03 12:01:55', '2023-05-03 12:01:55', NULL),
	(1387, 8, 8, 0, '2023-05-03 12:01:55', '2023-05-03 12:01:55', NULL),
	(1388, 8, 30, 0, '2023-05-03 12:01:55', '2023-05-03 12:01:55', NULL),
	(1389, 8, 32, 0, '2023-05-03 12:01:55', '2023-05-03 12:01:55', NULL),
	(1390, 8, 37, 0, '2023-05-03 12:01:55', '2023-05-03 12:01:55', NULL),
	(1391, 8, 41, 0, '2023-05-03 12:01:55', '2023-05-03 12:01:55', NULL),
	(1392, 8, 4, 0, '2023-05-03 12:01:55', '2023-05-03 12:01:55', NULL),
	(1393, 8, 7, 0, '2023-05-03 12:01:55', '2023-05-03 12:01:55', NULL),
	(1394, 8, 34, 0, '2023-05-03 12:01:55', '2023-05-03 12:01:55', NULL),
	(1395, 8, 39, 0, '2023-05-03 12:01:55', '2023-05-03 12:01:55', NULL),
	(1396, 8, 43, 0, '2023-05-03 12:01:55', '2023-05-03 12:01:55', NULL),
	(1397, 8, 46, 0, '2023-05-03 12:01:55', '2023-05-03 12:01:55', NULL),
	(1398, 8, 70, 0, '2023-05-03 12:01:55', '2023-05-03 12:01:55', NULL),
	(1399, 8, 47, 0, '2023-05-03 12:01:55', '2023-05-03 12:01:55', NULL),
	(1400, 8, 48, 0, '2023-05-03 12:01:55', '2023-05-03 12:01:55', NULL),
	(1401, 8, 49, 0, '2023-05-03 12:01:55', '2023-05-03 12:01:55', NULL),
	(1402, 8, 50, 0, '2023-05-03 12:01:55', '2023-05-03 12:01:55', NULL),
	(1403, 8, 51, 0, '2023-05-03 12:01:55', '2023-05-03 12:01:55', NULL),
	(1404, 8, 52, 0, '2023-05-03 12:01:55', '2023-05-03 12:01:55', NULL),
	(1405, 8, 69, 0, '2023-05-03 12:01:55', '2023-05-03 12:01:55', NULL),
	(1406, 8, 71, 0, '2023-05-03 12:01:55', '2023-05-03 12:01:55', NULL),
	(1407, 8, 72, 0, '2023-05-03 12:01:55', '2023-05-03 12:01:55', NULL),
	(1408, 8, 75, 0, '2023-05-03 12:01:55', '2023-05-03 12:01:55', NULL),
	(1409, 8, 76, 0, '2023-05-03 12:01:55', '2023-05-03 12:01:55', NULL),
	(1410, 8, 77, 0, '2023-05-03 12:01:55', '2023-05-03 12:01:55', NULL),
	(1411, 8, 78, 9, '2023-05-03 12:01:55', '2023-05-22 11:46:12', NULL),
	(1412, 22, 1, 0, '2023-05-03 12:01:59', '2023-06-27 10:26:23', NULL),
	(1413, 22, 3, 3, '2023-05-03 12:01:59', '2023-06-27 07:09:10', NULL),
	(1414, 22, 6, 6, '2023-05-03 12:01:59', '2023-06-27 07:09:10', NULL),
	(1415, 22, 9, 6, '2023-05-03 12:01:59', '2023-06-27 07:09:10', NULL),
	(1416, 22, 10, 3, '2023-05-03 12:01:59', '2023-06-27 07:09:10', NULL),
	(1417, 22, 29, 6, '2023-05-03 12:01:59', '2023-06-27 07:09:10', NULL),
	(1418, 22, 31, 0, '2023-05-03 12:01:59', '2023-06-27 10:25:09', NULL),
	(1419, 22, 35, 3, '2023-05-03 12:01:59', '2023-06-27 07:09:10', NULL),
	(1420, 22, 36, 0, '2023-05-03 12:01:59', '2023-05-03 12:01:59', NULL),
	(1421, 22, 40, 6, '2023-05-03 12:01:59', '2023-06-27 07:09:10', NULL),
	(1422, 22, 53, 0, '2023-05-03 12:01:59', '2023-05-03 12:01:59', NULL),
	(1423, 22, 54, 6, '2023-05-03 12:01:59', '2023-06-27 07:09:10', NULL),
	(1424, 22, 55, 6, '2023-05-03 12:01:59', '2023-06-27 07:09:10', NULL),
	(1425, 22, 56, 32, '2023-05-03 12:01:59', '2023-06-27 07:09:10', NULL),
	(1426, 22, 68, 14, '2023-05-03 12:01:59', '2023-06-27 07:09:10', NULL),
	(1427, 22, 2, 6, '2023-05-03 12:01:59', '2023-06-27 07:09:10', NULL),
	(1428, 22, 11, 6, '2023-05-03 12:01:59', '2023-06-27 07:09:10', NULL),
	(1429, 22, 33, 6, '2023-05-03 12:01:59', '2023-06-27 07:09:10', NULL),
	(1430, 22, 38, 6, '2023-05-03 12:01:59', '2023-06-27 07:09:10', NULL),
	(1431, 22, 42, 6, '2023-05-03 12:01:59', '2023-06-27 07:09:10', NULL),
	(1432, 22, 44, 14, '2023-05-03 12:01:59', '2023-06-27 07:09:10', NULL),
	(1433, 22, 67, 14, '2023-05-03 12:01:59', '2023-06-27 07:09:10', NULL),
	(1434, 22, 5, 6, '2023-05-03 12:01:59', '2023-06-27 07:09:10', NULL),
	(1435, 22, 8, 6, '2023-05-03 12:01:59', '2023-06-27 07:09:10', NULL),
	(1436, 22, 30, 6, '2023-05-03 12:01:59', '2023-06-27 07:09:10', NULL),
	(1437, 22, 32, 6, '2023-05-03 12:01:59', '2023-06-27 07:09:10', NULL),
	(1438, 22, 37, 6, '2023-05-03 12:01:59', '2023-06-27 07:09:10', NULL),
	(1439, 22, 41, 6, '2023-05-03 12:01:59', '2023-06-27 07:09:10', NULL),
	(1440, 22, 4, 6, '2023-05-03 12:01:59', '2023-06-27 07:09:10', NULL),
	(1441, 22, 7, 6, '2023-05-03 12:01:59', '2023-06-27 07:09:10', NULL),
	(1442, 22, 34, 6, '2023-05-03 12:01:59', '2023-06-27 07:09:10', NULL),
	(1443, 22, 39, 6, '2023-05-03 12:01:59', '2023-06-27 07:09:10', NULL),
	(1444, 22, 43, 14, '2023-05-03 12:01:59', '2023-06-27 07:09:10', NULL),
	(1445, 22, 46, 6, '2023-05-03 12:01:59', '2023-06-27 07:09:10', NULL),
	(1446, 22, 70, 14, '2023-05-03 12:01:59', '2023-06-27 07:09:10', NULL),
	(1447, 22, 47, 6, '2023-05-03 12:01:59', '2023-06-27 07:09:10', NULL),
	(1448, 22, 48, 6, '2023-05-03 12:01:59', '2023-06-27 07:09:10', NULL),
	(1449, 22, 49, 6, '2023-05-03 12:01:59', '2023-06-27 07:09:10', NULL),
	(1450, 22, 50, 6, '2023-05-03 12:01:59', '2023-06-27 07:09:10', NULL),
	(1451, 22, 51, 6, '2023-05-03 12:01:59', '2023-06-27 07:09:10', NULL),
	(1452, 22, 52, 6, '2023-05-03 12:01:59', '2023-06-27 07:09:10', NULL),
	(1453, 22, 69, 6, '2023-05-03 12:01:59', '2023-06-27 07:09:10', NULL),
	(1454, 22, 71, 0, '2023-05-03 12:01:59', '2023-05-03 12:01:59', NULL),
	(1455, 22, 72, 6, '2023-05-03 12:01:59', '2023-06-27 07:09:10', NULL),
	(1456, 22, 75, 14, '2023-05-03 12:01:59', '2023-06-27 07:09:10', NULL),
	(1457, 22, 76, 0, '2023-05-03 12:01:59', '2023-05-03 12:01:59', NULL),
	(1458, 22, 77, 32, '2023-05-03 12:01:59', '2023-06-27 07:09:10', NULL),
	(1459, 22, 78, 14, '2023-05-03 12:01:59', '2023-06-27 07:09:10', NULL),
	(1460, 23, 1, 0, '2023-05-03 12:02:02', '2023-05-03 12:02:02', NULL),
	(1461, 23, 3, 0, '2023-05-03 12:02:02', '2023-05-03 12:02:02', NULL),
	(1462, 23, 6, 0, '2023-05-03 12:02:02', '2023-05-03 12:02:02', NULL),
	(1463, 23, 9, 0, '2023-05-03 12:02:02', '2023-05-03 12:02:02', NULL),
	(1464, 23, 10, 0, '2023-05-03 12:02:02', '2023-05-03 12:02:02', NULL),
	(1465, 23, 29, 0, '2023-05-03 12:02:02', '2023-05-03 12:02:02', NULL),
	(1466, 23, 31, 0, '2023-05-03 12:02:02', '2023-05-03 12:02:02', NULL),
	(1467, 23, 35, 0, '2023-05-03 12:02:02', '2023-05-03 12:02:02', NULL),
	(1468, 23, 36, 0, '2023-05-03 12:02:02', '2023-05-03 12:02:02', NULL),
	(1469, 23, 40, 0, '2023-05-03 12:02:02', '2023-05-03 12:02:02', NULL),
	(1470, 23, 53, 0, '2023-05-03 12:02:02', '2023-05-03 12:02:02', NULL),
	(1471, 23, 54, 0, '2023-05-03 12:02:02', '2023-05-03 12:02:02', NULL),
	(1472, 23, 55, 0, '2023-05-03 12:02:02', '2023-05-03 12:02:02', NULL),
	(1473, 23, 56, 0, '2023-05-03 12:02:02', '2023-05-03 12:02:02', NULL),
	(1474, 23, 68, 0, '2023-05-03 12:02:02', '2023-05-03 12:02:02', NULL),
	(1475, 23, 2, 0, '2023-05-03 12:02:02', '2023-05-03 12:02:02', NULL),
	(1476, 23, 11, 0, '2023-05-03 12:02:02', '2023-05-03 12:02:02', NULL),
	(1477, 23, 33, 0, '2023-05-03 12:02:02', '2023-05-03 12:02:02', NULL),
	(1478, 23, 38, 0, '2023-05-03 12:02:02', '2023-05-03 12:02:02', NULL),
	(1479, 23, 42, 0, '2023-05-03 12:02:02', '2023-05-03 12:02:02', NULL),
	(1480, 23, 44, 0, '2023-05-03 12:02:02', '2023-05-03 12:02:02', NULL),
	(1481, 23, 67, 0, '2023-05-03 12:02:02', '2023-05-03 12:02:02', NULL),
	(1482, 23, 5, 0, '2023-05-03 12:02:02', '2023-05-03 12:02:02', NULL),
	(1483, 23, 8, 0, '2023-05-03 12:02:02', '2023-05-03 12:02:02', NULL),
	(1484, 23, 30, 0, '2023-05-03 12:02:02', '2023-05-03 12:02:02', NULL),
	(1485, 23, 32, 0, '2023-05-03 12:02:02', '2023-05-03 12:02:02', NULL),
	(1486, 23, 37, 0, '2023-05-03 12:02:02', '2023-05-03 12:02:02', NULL),
	(1487, 23, 41, 0, '2023-05-03 12:02:02', '2023-05-03 12:02:02', NULL),
	(1488, 23, 4, 0, '2023-05-03 12:02:02', '2023-05-03 12:02:02', NULL),
	(1489, 23, 7, 0, '2023-05-03 12:02:02', '2023-05-03 12:02:02', NULL),
	(1490, 23, 34, 0, '2023-05-03 12:02:02', '2023-05-03 12:02:02', NULL),
	(1491, 23, 39, 0, '2023-05-03 12:02:02', '2023-05-03 12:02:02', NULL),
	(1492, 23, 43, 0, '2023-05-03 12:02:02', '2023-05-03 12:02:02', NULL),
	(1493, 23, 46, 0, '2023-05-03 12:02:02', '2023-05-03 12:02:02', NULL),
	(1494, 23, 70, 0, '2023-05-03 12:02:02', '2023-05-03 12:02:02', NULL),
	(1495, 23, 47, 0, '2023-05-03 12:02:02', '2023-05-03 12:02:02', NULL),
	(1496, 23, 48, 0, '2023-05-03 12:02:02', '2023-05-03 12:02:02', NULL),
	(1497, 23, 49, 0, '2023-05-03 12:02:02', '2023-05-03 12:02:02', NULL),
	(1498, 23, 50, 0, '2023-05-03 12:02:02', '2023-05-03 12:02:02', NULL),
	(1499, 23, 51, 0, '2023-05-03 12:02:02', '2023-05-03 12:02:02', NULL),
	(1500, 23, 52, 0, '2023-05-03 12:02:02', '2023-05-03 12:02:02', NULL),
	(1501, 23, 69, 0, '2023-05-03 12:02:02', '2023-05-03 12:02:02', NULL),
	(1502, 23, 71, 0, '2023-05-03 12:02:02', '2023-05-03 12:02:02', NULL),
	(1503, 23, 72, 0, '2023-05-03 12:02:02', '2023-05-03 12:02:02', NULL),
	(1504, 23, 75, 0, '2023-05-03 12:02:02', '2023-05-03 12:02:02', NULL),
	(1505, 23, 76, 0, '2023-05-03 12:02:02', '2023-05-03 12:02:02', NULL),
	(1506, 23, 77, 0, '2023-05-03 12:02:02', '2023-05-03 12:02:02', NULL),
	(1507, 23, 78, 15, '2023-05-03 12:02:02', '2023-05-22 11:46:27', NULL),
	(1508, 5, 1, 0, '2023-05-03 12:02:05', '2023-05-03 12:02:05', NULL),
	(1509, 5, 3, 0, '2023-05-03 12:02:05', '2023-05-03 12:02:05', NULL),
	(1510, 5, 6, 0, '2023-05-03 12:02:05', '2023-05-03 12:02:05', NULL),
	(1511, 5, 9, 0, '2023-05-03 12:02:05', '2023-05-03 12:02:05', NULL),
	(1512, 5, 10, 0, '2023-05-03 12:02:05', '2023-05-03 12:02:05', NULL),
	(1513, 5, 29, 0, '2023-05-03 12:02:05', '2023-05-03 12:02:05', NULL),
	(1514, 5, 31, 0, '2023-05-03 12:02:05', '2023-05-03 12:02:05', NULL),
	(1515, 5, 35, 0, '2023-05-03 12:02:05', '2023-05-03 12:02:05', NULL),
	(1516, 5, 36, 0, '2023-05-03 12:02:05', '2023-05-03 12:02:05', NULL),
	(1517, 5, 40, 0, '2023-05-03 12:02:05', '2023-05-03 12:02:05', NULL),
	(1518, 5, 53, 0, '2023-05-03 12:02:05', '2023-05-03 12:02:05', NULL),
	(1519, 5, 54, 0, '2023-05-03 12:02:05', '2023-05-03 12:02:05', NULL),
	(1520, 5, 55, 0, '2023-05-03 12:02:05', '2023-05-03 12:02:05', NULL),
	(1521, 5, 56, 0, '2023-05-03 12:02:05', '2023-05-03 12:02:05', NULL),
	(1522, 5, 68, 0, '2023-05-03 12:02:05', '2023-05-03 12:02:05', NULL),
	(1523, 5, 2, 0, '2023-05-03 12:02:05', '2023-05-03 12:02:05', NULL),
	(1524, 5, 11, 0, '2023-05-03 12:02:05', '2023-05-03 12:02:05', NULL),
	(1525, 5, 33, 0, '2023-05-03 12:02:05', '2023-05-03 12:02:05', NULL),
	(1526, 5, 38, 0, '2023-05-03 12:02:05', '2023-05-03 12:02:05', NULL),
	(1527, 5, 42, 0, '2023-05-03 12:02:05', '2023-05-03 12:02:05', NULL),
	(1528, 5, 44, 0, '2023-05-03 12:02:05', '2023-05-03 12:02:05', NULL),
	(1529, 5, 67, 0, '2023-05-03 12:02:05', '2023-05-03 12:02:05', NULL),
	(1530, 5, 5, 0, '2023-05-03 12:02:05', '2023-05-03 12:02:05', NULL),
	(1531, 5, 8, 0, '2023-05-03 12:02:05', '2023-05-03 12:02:05', NULL),
	(1532, 5, 30, 0, '2023-05-03 12:02:05', '2023-05-03 12:02:05', NULL),
	(1533, 5, 32, 0, '2023-05-03 12:02:05', '2023-05-03 12:02:05', NULL),
	(1534, 5, 37, 0, '2023-05-03 12:02:05', '2023-05-03 12:02:05', NULL),
	(1535, 5, 41, 0, '2023-05-03 12:02:05', '2023-05-03 12:02:05', NULL),
	(1536, 5, 4, 0, '2023-05-03 12:02:05', '2023-05-03 12:02:05', NULL),
	(1537, 5, 7, 0, '2023-05-03 12:02:05', '2023-05-03 12:02:05', NULL),
	(1538, 5, 34, 0, '2023-05-03 12:02:05', '2023-05-03 12:02:05', NULL),
	(1539, 5, 39, 0, '2023-05-03 12:02:05', '2023-05-03 12:02:05', NULL),
	(1540, 5, 43, 0, '2023-05-03 12:02:05', '2023-05-03 12:02:05', NULL),
	(1541, 5, 46, 0, '2023-05-03 12:02:05', '2023-05-03 12:02:05', NULL),
	(1542, 5, 70, 0, '2023-05-03 12:02:05', '2023-05-03 12:02:05', NULL),
	(1543, 5, 47, 0, '2023-05-03 12:02:05', '2023-05-03 12:02:05', NULL),
	(1544, 5, 48, 0, '2023-05-03 12:02:05', '2023-05-03 12:02:05', NULL),
	(1545, 5, 49, 0, '2023-05-03 12:02:05', '2023-05-03 12:02:05', NULL),
	(1546, 5, 50, 0, '2023-05-03 12:02:05', '2023-05-03 12:02:05', NULL),
	(1547, 5, 51, 0, '2023-05-03 12:02:05', '2023-05-03 12:02:05', NULL),
	(1548, 5, 52, 0, '2023-05-03 12:02:05', '2023-05-03 12:02:05', NULL),
	(1549, 5, 69, 0, '2023-05-03 12:02:05', '2023-05-03 12:02:05', NULL),
	(1550, 5, 71, 0, '2023-05-03 12:02:05', '2023-05-03 12:02:05', NULL),
	(1551, 5, 72, 0, '2023-05-03 12:02:05', '2023-05-03 12:02:05', NULL),
	(1552, 5, 75, 0, '2023-05-03 12:02:05', '2023-05-03 12:02:05', NULL),
	(1553, 5, 76, 0, '2023-05-03 12:02:05', '2023-05-03 12:02:05', NULL),
	(1554, 5, 77, 0, '2023-05-03 12:02:05', '2023-05-03 12:02:05', NULL),
	(1555, 5, 78, 14, '2023-05-03 12:02:05', '2023-05-03 11:23:44', NULL),
	(1556, 25, 1, 0, '2023-05-03 12:02:08', '2023-05-03 12:02:08', NULL),
	(1557, 25, 3, 0, '2023-05-03 12:02:08', '2023-05-03 12:02:08', NULL),
	(1558, 25, 6, 0, '2023-05-03 12:02:08', '2023-05-03 12:02:08', NULL),
	(1559, 25, 9, 0, '2023-05-03 12:02:08', '2023-05-03 12:02:08', NULL),
	(1560, 25, 10, 0, '2023-05-03 12:02:08', '2023-05-03 12:02:08', NULL),
	(1561, 25, 29, 0, '2023-05-03 12:02:08', '2023-05-03 12:02:08', NULL),
	(1562, 25, 31, 0, '2023-05-03 12:02:08', '2023-05-03 12:02:08', NULL),
	(1563, 25, 35, 0, '2023-05-03 12:02:08', '2023-05-03 12:02:08', NULL),
	(1564, 25, 36, 0, '2023-05-03 12:02:08', '2023-05-03 12:02:08', NULL),
	(1565, 25, 40, 0, '2023-05-03 12:02:08', '2023-05-03 12:02:08', NULL),
	(1566, 25, 53, 0, '2023-05-03 12:02:08', '2023-05-03 12:02:08', NULL),
	(1567, 25, 54, 0, '2023-05-03 12:02:08', '2023-05-03 12:02:08', NULL),
	(1568, 25, 55, 0, '2023-05-03 12:02:08', '2023-05-03 12:02:08', NULL),
	(1569, 25, 56, 0, '2023-05-03 12:02:08', '2023-05-03 12:02:08', NULL),
	(1570, 25, 68, 0, '2023-05-03 12:02:08', '2023-05-03 12:02:08', NULL),
	(1571, 25, 2, 0, '2023-05-03 12:02:08', '2023-05-03 12:02:08', NULL),
	(1572, 25, 11, 0, '2023-05-03 12:02:08', '2023-05-03 12:02:08', NULL),
	(1573, 25, 33, 0, '2023-05-03 12:02:08', '2023-05-03 12:02:08', NULL),
	(1574, 25, 38, 0, '2023-05-03 12:02:08', '2023-05-03 12:02:08', NULL),
	(1575, 25, 42, 0, '2023-05-03 12:02:08', '2023-05-03 12:02:08', NULL),
	(1576, 25, 44, 0, '2023-05-03 12:02:08', '2023-05-03 12:02:08', NULL),
	(1577, 25, 67, 0, '2023-05-03 12:02:08', '2023-05-03 12:02:08', NULL),
	(1578, 25, 5, 0, '2023-05-03 12:02:08', '2023-05-03 12:02:08', NULL),
	(1579, 25, 8, 0, '2023-05-03 12:02:08', '2023-05-03 12:02:08', NULL),
	(1580, 25, 30, 0, '2023-05-03 12:02:08', '2023-05-03 12:02:08', NULL),
	(1581, 25, 32, 0, '2023-05-03 12:02:08', '2023-05-03 12:02:08', NULL),
	(1582, 25, 37, 0, '2023-05-03 12:02:08', '2023-05-03 12:02:08', NULL),
	(1583, 25, 41, 0, '2023-05-03 12:02:08', '2023-05-03 12:02:08', NULL),
	(1584, 25, 4, 0, '2023-05-03 12:02:08', '2023-05-03 12:02:08', NULL),
	(1585, 25, 7, 0, '2023-05-03 12:02:08', '2023-05-03 12:02:08', NULL),
	(1586, 25, 34, 0, '2023-05-03 12:02:08', '2023-05-03 12:02:08', NULL),
	(1587, 25, 39, 0, '2023-05-03 12:02:08', '2023-05-03 12:02:08', NULL),
	(1588, 25, 43, 0, '2023-05-03 12:02:08', '2023-05-03 12:02:08', NULL),
	(1589, 25, 46, 0, '2023-05-03 12:02:08', '2023-05-03 12:02:08', NULL),
	(1590, 25, 70, 0, '2023-05-03 12:02:08', '2023-05-03 12:02:08', NULL),
	(1591, 25, 47, 0, '2023-05-03 12:02:08', '2023-05-03 12:02:08', NULL),
	(1592, 25, 48, 0, '2023-05-03 12:02:08', '2023-05-03 12:02:08', NULL),
	(1593, 25, 49, 0, '2023-05-03 12:02:08', '2023-05-03 12:02:08', NULL),
	(1594, 25, 50, 0, '2023-05-03 12:02:08', '2023-05-03 12:02:08', NULL),
	(1595, 25, 51, 0, '2023-05-03 12:02:08', '2023-05-03 12:02:08', NULL),
	(1596, 25, 52, 0, '2023-05-03 12:02:08', '2023-05-03 12:02:08', NULL),
	(1597, 25, 69, 0, '2023-05-03 12:02:08', '2023-05-03 12:02:08', NULL),
	(1598, 25, 71, 0, '2023-05-03 12:02:08', '2023-05-03 12:02:08', NULL),
	(1599, 25, 72, 0, '2023-05-03 12:02:08', '2023-05-03 12:02:08', NULL),
	(1600, 25, 75, 0, '2023-05-03 12:02:08', '2023-05-03 12:02:08', NULL),
	(1601, 25, 76, 0, '2023-05-03 12:02:08', '2023-05-03 12:02:08', NULL),
	(1602, 25, 77, 0, '2023-05-03 12:02:08', '2023-05-03 12:02:08', NULL),
	(1603, 25, 78, 9, '2023-05-03 12:02:08', '2023-05-22 11:46:34', NULL),
	(1604, 31, 1, 0, '2023-05-03 12:02:11', '2023-05-03 12:02:11', NULL),
	(1605, 31, 3, 0, '2023-05-03 12:02:11', '2023-05-03 12:02:11', NULL),
	(1606, 31, 6, 0, '2023-05-03 12:02:11', '2023-05-03 12:02:11', NULL),
	(1607, 31, 9, 0, '2023-05-03 12:02:11', '2023-05-03 12:02:11', NULL),
	(1608, 31, 10, 0, '2023-05-03 12:02:11', '2023-05-03 12:02:11', NULL),
	(1609, 31, 29, 0, '2023-05-03 12:02:11', '2023-05-03 12:02:11', NULL),
	(1610, 31, 31, 0, '2023-05-03 12:02:11', '2023-05-03 12:02:11', NULL),
	(1611, 31, 35, 0, '2023-05-03 12:02:11', '2023-05-03 12:02:11', NULL),
	(1612, 31, 36, 0, '2023-05-03 12:02:11', '2023-05-03 12:02:11', NULL),
	(1613, 31, 40, 0, '2023-05-03 12:02:11', '2023-05-03 12:02:11', NULL),
	(1614, 31, 53, 0, '2023-05-03 12:02:11', '2023-05-03 12:02:11', NULL),
	(1615, 31, 54, 0, '2023-05-03 12:02:11', '2023-05-03 12:02:11', NULL),
	(1616, 31, 55, 0, '2023-05-03 12:02:11', '2023-05-03 12:02:11', NULL),
	(1617, 31, 56, 0, '2023-05-03 12:02:11', '2023-05-03 12:02:11', NULL),
	(1618, 31, 68, 0, '2023-05-03 12:02:11', '2023-05-03 12:02:11', NULL),
	(1619, 31, 2, 0, '2023-05-03 12:02:11', '2023-05-03 12:02:11', NULL),
	(1620, 31, 11, 0, '2023-05-03 12:02:11', '2023-05-03 12:02:11', NULL),
	(1621, 31, 33, 0, '2023-05-03 12:02:11', '2023-05-03 12:02:11', NULL),
	(1622, 31, 38, 0, '2023-05-03 12:02:11', '2023-05-03 12:02:11', NULL),
	(1623, 31, 42, 0, '2023-05-03 12:02:11', '2023-05-03 12:02:11', NULL),
	(1624, 31, 44, 0, '2023-05-03 12:02:11', '2023-05-03 12:02:11', NULL),
	(1625, 31, 67, 0, '2023-05-03 12:02:11', '2023-05-03 12:02:11', NULL),
	(1626, 31, 5, 0, '2023-05-03 12:02:11', '2023-05-03 12:02:11', NULL),
	(1627, 31, 8, 0, '2023-05-03 12:02:11', '2023-05-03 12:02:11', NULL),
	(1628, 31, 30, 0, '2023-05-03 12:02:11', '2023-05-03 12:02:11', NULL),
	(1629, 31, 32, 0, '2023-05-03 12:02:11', '2023-05-03 12:02:11', NULL),
	(1630, 31, 37, 0, '2023-05-03 12:02:11', '2023-05-03 12:02:11', NULL),
	(1631, 31, 41, 0, '2023-05-03 12:02:11', '2023-05-03 12:02:11', NULL),
	(1632, 31, 4, 0, '2023-05-03 12:02:11', '2023-05-03 12:02:11', NULL),
	(1633, 31, 7, 0, '2023-05-03 12:02:11', '2023-05-03 12:02:11', NULL),
	(1634, 31, 34, 0, '2023-05-03 12:02:11', '2023-05-03 12:02:11', NULL),
	(1635, 31, 39, 0, '2023-05-03 12:02:11', '2023-05-03 12:02:11', NULL),
	(1636, 31, 43, 0, '2023-05-03 12:02:11', '2023-05-03 12:02:11', NULL),
	(1637, 31, 46, 0, '2023-05-03 12:02:11', '2023-05-03 12:02:11', NULL),
	(1638, 31, 70, 0, '2023-05-03 12:02:11', '2023-05-03 12:02:11', NULL),
	(1639, 31, 47, 0, '2023-05-03 12:02:11', '2023-05-03 12:02:11', NULL),
	(1640, 31, 48, 0, '2023-05-03 12:02:11', '2023-05-03 12:02:11', NULL),
	(1641, 31, 49, 0, '2023-05-03 12:02:11', '2023-05-03 12:02:11', NULL),
	(1642, 31, 50, 0, '2023-05-03 12:02:11', '2023-05-03 12:02:11', NULL),
	(1643, 31, 51, 0, '2023-05-03 12:02:11', '2023-05-03 12:02:11', NULL),
	(1644, 31, 52, 0, '2023-05-03 12:02:11', '2023-05-03 12:02:11', NULL),
	(1645, 31, 69, 0, '2023-05-03 12:02:11', '2023-05-03 12:02:11', NULL),
	(1646, 31, 71, 0, '2023-05-03 12:02:11', '2023-05-03 12:02:11', NULL),
	(1647, 31, 72, 0, '2023-05-03 12:02:11', '2023-05-03 12:02:11', NULL),
	(1648, 31, 75, 0, '2023-05-03 12:02:11', '2023-05-03 12:02:11', NULL),
	(1649, 31, 76, 0, '2023-05-03 12:02:11', '2023-05-03 12:02:11', NULL),
	(1650, 31, 77, 0, '2023-05-03 12:02:11', '2023-05-03 12:02:11', NULL),
	(1651, 31, 78, 11, '2023-05-03 12:02:11', '2023-05-22 11:46:39', NULL),
	(1652, 9, 1, 0, '2023-05-03 12:02:16', '2023-05-03 12:02:16', NULL),
	(1653, 9, 3, 0, '2023-05-03 12:02:16', '2023-05-03 12:02:16', NULL),
	(1654, 9, 6, 0, '2023-05-03 12:02:16', '2023-05-03 12:02:16', NULL),
	(1655, 9, 9, 0, '2023-05-03 12:02:16', '2023-05-03 12:02:16', NULL),
	(1656, 9, 10, 0, '2023-05-03 12:02:16', '2023-05-03 12:02:16', NULL),
	(1657, 9, 29, 0, '2023-05-03 12:02:16', '2023-05-03 12:02:16', NULL),
	(1658, 9, 31, 0, '2023-05-03 12:02:16', '2023-05-03 12:02:16', NULL),
	(1659, 9, 35, 0, '2023-05-03 12:02:16', '2023-05-03 12:02:16', NULL),
	(1660, 9, 36, 0, '2023-05-03 12:02:16', '2023-05-03 12:02:16', NULL),
	(1661, 9, 40, 0, '2023-05-03 12:02:16', '2023-05-03 12:02:16', NULL),
	(1662, 9, 53, 0, '2023-05-03 12:02:16', '2023-05-03 12:02:16', NULL),
	(1663, 9, 54, 0, '2023-05-03 12:02:16', '2023-05-03 12:02:16', NULL),
	(1664, 9, 55, 0, '2023-05-03 12:02:16', '2023-05-03 12:02:16', NULL),
	(1665, 9, 56, 0, '2023-05-03 12:02:16', '2023-05-03 12:02:16', NULL),
	(1666, 9, 68, 0, '2023-05-03 12:02:16', '2023-05-03 12:02:16', NULL),
	(1667, 9, 2, 0, '2023-05-03 12:02:16', '2023-05-03 12:02:16', NULL),
	(1668, 9, 11, 0, '2023-05-03 12:02:16', '2023-05-03 12:02:16', NULL),
	(1669, 9, 33, 0, '2023-05-03 12:02:16', '2023-05-03 12:02:16', NULL),
	(1670, 9, 38, 0, '2023-05-03 12:02:16', '2023-05-03 12:02:16', NULL),
	(1671, 9, 42, 0, '2023-05-03 12:02:16', '2023-05-03 12:02:16', NULL),
	(1672, 9, 44, 0, '2023-05-03 12:02:16', '2023-05-03 12:02:16', NULL),
	(1673, 9, 67, 0, '2023-05-03 12:02:16', '2023-05-03 12:02:16', NULL),
	(1674, 9, 5, 0, '2023-05-03 12:02:16', '2023-05-03 12:02:16', NULL),
	(1675, 9, 8, 0, '2023-05-03 12:02:16', '2023-05-03 12:02:16', NULL),
	(1676, 9, 30, 0, '2023-05-03 12:02:16', '2023-05-03 12:02:16', NULL),
	(1677, 9, 32, 0, '2023-05-03 12:02:16', '2023-05-03 12:02:16', NULL),
	(1678, 9, 37, 0, '2023-05-03 12:02:16', '2023-05-03 12:02:16', NULL),
	(1679, 9, 41, 0, '2023-05-03 12:02:16', '2023-05-03 12:02:16', NULL),
	(1680, 9, 4, 0, '2023-05-03 12:02:16', '2023-05-03 12:02:16', NULL),
	(1681, 9, 7, 0, '2023-05-03 12:02:16', '2023-05-03 12:02:16', NULL),
	(1682, 9, 34, 0, '2023-05-03 12:02:16', '2023-05-03 12:02:16', NULL),
	(1683, 9, 39, 0, '2023-05-03 12:02:16', '2023-05-03 12:02:16', NULL),
	(1684, 9, 43, 0, '2023-05-03 12:02:16', '2023-05-03 12:02:16', NULL),
	(1685, 9, 46, 0, '2023-05-03 12:02:16', '2023-05-03 12:02:16', NULL),
	(1686, 9, 70, 0, '2023-05-03 12:02:16', '2023-05-03 12:02:16', NULL),
	(1687, 9, 47, 0, '2023-05-03 12:02:16', '2023-05-03 12:02:16', NULL),
	(1688, 9, 48, 0, '2023-05-03 12:02:16', '2023-05-03 12:02:16', NULL),
	(1689, 9, 49, 0, '2023-05-03 12:02:16', '2023-05-03 12:02:16', NULL),
	(1690, 9, 50, 0, '2023-05-03 12:02:16', '2023-05-03 12:02:16', NULL),
	(1691, 9, 51, 0, '2023-05-03 12:02:16', '2023-05-03 12:02:16', NULL),
	(1692, 9, 52, 0, '2023-05-03 12:02:16', '2023-05-03 12:02:16', NULL),
	(1693, 9, 69, 0, '2023-05-03 12:02:16', '2023-05-03 12:02:16', NULL),
	(1694, 9, 71, 0, '2023-05-03 12:02:16', '2023-05-03 12:02:16', NULL),
	(1695, 9, 72, 0, '2023-05-03 12:02:16', '2023-05-03 12:02:16', NULL),
	(1696, 9, 75, 0, '2023-05-03 12:02:16', '2023-05-03 12:02:16', NULL),
	(1697, 9, 76, 0, '2023-05-03 12:02:16', '2023-05-03 12:02:16', NULL),
	(1698, 9, 77, 0, '2023-05-03 12:02:16', '2023-05-03 12:02:16', NULL),
	(1699, 9, 78, 5, '2023-05-03 12:02:16', '2023-05-03 11:23:45', NULL),
	(1700, 7, 1, 0, '2023-05-03 12:02:22', '2023-05-03 12:02:22', NULL),
	(1701, 7, 3, 0, '2023-05-03 12:02:22', '2023-05-03 12:02:22', NULL),
	(1702, 7, 6, 0, '2023-05-03 12:02:22', '2023-05-03 12:02:22', NULL),
	(1703, 7, 9, 0, '2023-05-03 12:02:22', '2023-05-03 12:02:22', NULL),
	(1704, 7, 10, 0, '2023-05-03 12:02:22', '2023-05-03 12:02:22', NULL),
	(1705, 7, 29, 0, '2023-05-03 12:02:22', '2023-05-03 12:02:22', NULL),
	(1706, 7, 31, 0, '2023-05-03 12:02:22', '2023-05-03 12:02:22', NULL),
	(1707, 7, 35, 0, '2023-05-03 12:02:22', '2023-05-03 12:02:22', NULL),
	(1708, 7, 36, 0, '2023-05-03 12:02:22', '2023-05-03 12:02:22', NULL),
	(1709, 7, 40, 0, '2023-05-03 12:02:22', '2023-05-03 12:02:22', NULL),
	(1710, 7, 53, 0, '2023-05-03 12:02:22', '2023-05-03 12:02:22', NULL),
	(1711, 7, 54, 0, '2023-05-03 12:02:22', '2023-05-03 12:02:22', NULL),
	(1712, 7, 55, 0, '2023-05-03 12:02:22', '2023-05-03 12:02:22', NULL),
	(1713, 7, 56, 0, '2023-05-03 12:02:22', '2023-05-03 12:02:22', NULL),
	(1714, 7, 68, 0, '2023-05-03 12:02:22', '2023-05-03 12:02:22', NULL),
	(1715, 7, 2, 0, '2023-05-03 12:02:22', '2023-05-03 12:02:22', NULL),
	(1716, 7, 11, 0, '2023-05-03 12:02:22', '2023-05-03 12:02:22', NULL),
	(1717, 7, 33, 0, '2023-05-03 12:02:22', '2023-05-03 12:02:22', NULL),
	(1718, 7, 38, 0, '2023-05-03 12:02:22', '2023-05-03 12:02:22', NULL),
	(1719, 7, 42, 0, '2023-05-03 12:02:22', '2023-05-03 12:02:22', NULL),
	(1720, 7, 44, 0, '2023-05-03 12:02:22', '2023-05-03 12:02:22', NULL),
	(1721, 7, 67, 0, '2023-05-03 12:02:22', '2023-05-03 12:02:22', NULL),
	(1722, 7, 5, 0, '2023-05-03 12:02:22', '2023-05-03 12:02:22', NULL),
	(1723, 7, 8, 0, '2023-05-03 12:02:22', '2023-05-03 12:02:22', NULL),
	(1724, 7, 30, 0, '2023-05-03 12:02:22', '2023-05-03 12:02:22', NULL),
	(1725, 7, 32, 0, '2023-05-03 12:02:22', '2023-05-03 12:02:22', NULL),
	(1726, 7, 37, 0, '2023-05-03 12:02:22', '2023-05-03 12:02:22', NULL),
	(1727, 7, 41, 0, '2023-05-03 12:02:22', '2023-05-03 12:02:22', NULL),
	(1728, 7, 4, 0, '2023-05-03 12:02:22', '2023-05-03 12:02:22', NULL),
	(1729, 7, 7, 0, '2023-05-03 12:02:22', '2023-05-03 12:02:22', NULL),
	(1730, 7, 34, 0, '2023-05-03 12:02:22', '2023-05-03 12:02:22', NULL),
	(1731, 7, 39, 0, '2023-05-03 12:02:22', '2023-05-03 12:02:22', NULL),
	(1732, 7, 43, 0, '2023-05-03 12:02:22', '2023-05-03 12:02:22', NULL),
	(1733, 7, 46, 0, '2023-05-03 12:02:22', '2023-05-03 12:02:22', NULL),
	(1734, 7, 70, 0, '2023-05-03 12:02:22', '2023-05-03 12:02:22', NULL),
	(1735, 7, 47, 0, '2023-05-03 12:02:22', '2023-05-03 12:02:22', NULL),
	(1736, 7, 48, 0, '2023-05-03 12:02:22', '2023-05-03 12:02:22', NULL),
	(1737, 7, 49, 0, '2023-05-03 12:02:22', '2023-05-03 12:02:22', NULL),
	(1738, 7, 50, 0, '2023-05-03 12:02:22', '2023-05-03 12:02:22', NULL),
	(1739, 7, 51, 0, '2023-05-03 12:02:22', '2023-05-03 12:02:22', NULL),
	(1740, 7, 52, 0, '2023-05-03 12:02:22', '2023-05-03 12:02:22', NULL),
	(1741, 7, 69, 0, '2023-05-03 12:02:22', '2023-05-03 12:02:22', NULL),
	(1742, 7, 71, 0, '2023-05-03 12:02:22', '2023-05-03 12:02:22', NULL),
	(1743, 7, 72, 0, '2023-05-03 12:02:22', '2023-05-03 12:02:22', NULL),
	(1744, 7, 75, 0, '2023-05-03 12:02:22', '2023-05-03 12:02:22', NULL),
	(1745, 7, 76, 0, '2023-05-03 12:02:22', '2023-05-03 12:02:22', NULL),
	(1746, 7, 77, 0, '2023-05-03 12:02:22', '2023-05-03 12:02:22', NULL),
	(1747, 7, 78, 9, '2023-05-03 12:02:22', '2023-05-03 11:26:20', NULL),
	(1748, 10, 1, 0, '2023-05-03 12:02:24', '2023-05-03 12:02:24', NULL),
	(1749, 10, 3, 0, '2023-05-03 12:02:24', '2023-05-03 12:02:24', NULL),
	(1750, 10, 6, 0, '2023-05-03 12:02:24', '2023-05-03 12:02:24', NULL),
	(1751, 10, 9, 0, '2023-05-03 12:02:24', '2023-05-03 12:02:24', NULL),
	(1752, 10, 10, 0, '2023-05-03 12:02:24', '2023-05-03 12:02:24', NULL),
	(1753, 10, 29, 0, '2023-05-03 12:02:24', '2023-05-03 12:02:24', NULL),
	(1754, 10, 31, 0, '2023-05-03 12:02:24', '2023-05-03 12:02:24', NULL),
	(1755, 10, 35, 0, '2023-05-03 12:02:24', '2023-05-03 12:02:24', NULL),
	(1756, 10, 36, 0, '2023-05-03 12:02:24', '2023-05-03 12:02:24', NULL),
	(1757, 10, 40, 0, '2023-05-03 12:02:24', '2023-05-03 12:02:24', NULL),
	(1758, 10, 53, 0, '2023-05-03 12:02:24', '2023-05-03 12:02:24', NULL),
	(1759, 10, 54, 0, '2023-05-03 12:02:24', '2023-05-03 12:02:24', NULL),
	(1760, 10, 55, 0, '2023-05-03 12:02:24', '2023-05-03 12:02:24', NULL),
	(1761, 10, 56, 0, '2023-05-03 12:02:24', '2023-05-03 12:02:24', NULL),
	(1762, 10, 68, 0, '2023-05-03 12:02:24', '2023-05-03 12:02:24', NULL),
	(1763, 10, 2, 0, '2023-05-03 12:02:24', '2023-05-03 12:02:24', NULL),
	(1764, 10, 11, 0, '2023-05-03 12:02:24', '2023-05-03 12:02:24', NULL),
	(1765, 10, 33, 0, '2023-05-03 12:02:24', '2023-05-03 12:02:24', NULL),
	(1766, 10, 38, 0, '2023-05-03 12:02:24', '2023-05-03 12:02:24', NULL),
	(1767, 10, 42, 0, '2023-05-03 12:02:24', '2023-05-03 12:02:24', NULL),
	(1768, 10, 44, 0, '2023-05-03 12:02:24', '2023-05-03 12:02:24', NULL),
	(1769, 10, 67, 0, '2023-05-03 12:02:24', '2023-05-03 12:02:24', NULL),
	(1770, 10, 5, 0, '2023-05-03 12:02:24', '2023-05-03 12:02:24', NULL),
	(1771, 10, 8, 0, '2023-05-03 12:02:24', '2023-05-03 12:02:24', NULL),
	(1772, 10, 30, 0, '2023-05-03 12:02:24', '2023-05-03 12:02:24', NULL),
	(1773, 10, 32, 0, '2023-05-03 12:02:24', '2023-05-03 12:02:24', NULL),
	(1774, 10, 37, 0, '2023-05-03 12:02:24', '2023-05-03 12:02:24', NULL),
	(1775, 10, 41, 0, '2023-05-03 12:02:24', '2023-05-03 12:02:24', NULL),
	(1776, 10, 4, 0, '2023-05-03 12:02:24', '2023-05-03 12:02:24', NULL),
	(1777, 10, 7, 0, '2023-05-03 12:02:24', '2023-05-03 12:02:24', NULL),
	(1778, 10, 34, 0, '2023-05-03 12:02:24', '2023-05-03 12:02:24', NULL),
	(1779, 10, 39, 0, '2023-05-03 12:02:24', '2023-05-03 12:02:24', NULL),
	(1780, 10, 43, 0, '2023-05-03 12:02:24', '2023-05-03 12:02:24', NULL),
	(1781, 10, 46, 0, '2023-05-03 12:02:24', '2023-05-03 12:02:24', NULL),
	(1782, 10, 70, 0, '2023-05-03 12:02:24', '2023-05-03 12:02:24', NULL),
	(1783, 10, 47, 0, '2023-05-03 12:02:24', '2023-05-03 12:02:24', NULL),
	(1784, 10, 48, 0, '2023-05-03 12:02:24', '2023-05-03 12:02:24', NULL),
	(1785, 10, 49, 0, '2023-05-03 12:02:24', '2023-05-03 12:02:24', NULL),
	(1786, 10, 50, 0, '2023-05-03 12:02:24', '2023-05-03 12:02:24', NULL),
	(1787, 10, 51, 0, '2023-05-03 12:02:24', '2023-05-03 12:02:24', NULL),
	(1788, 10, 52, 0, '2023-05-03 12:02:24', '2023-05-03 12:02:24', NULL),
	(1789, 10, 69, 0, '2023-05-03 12:02:24', '2023-05-03 12:02:24', NULL),
	(1790, 10, 71, 0, '2023-05-03 12:02:24', '2023-05-03 12:02:24', NULL),
	(1791, 10, 72, 0, '2023-05-03 12:02:24', '2023-05-03 12:02:24', NULL),
	(1792, 10, 75, 0, '2023-05-03 12:02:24', '2023-05-03 12:02:24', NULL),
	(1793, 10, 76, 0, '2023-05-03 12:02:24', '2023-05-03 12:02:24', NULL),
	(1794, 10, 77, 0, '2023-05-03 12:02:24', '2023-05-03 12:02:24', NULL),
	(1795, 10, 78, 18, '2023-05-03 12:02:24', '2023-05-03 11:26:02', NULL),
	(1796, 3, 1, 0, '2023-05-03 12:02:26', '2023-05-03 12:02:26', NULL),
	(1797, 3, 3, 0, '2023-05-03 12:02:26', '2023-05-03 12:02:26', NULL),
	(1798, 3, 6, 0, '2023-05-03 12:02:26', '2023-05-03 12:02:26', NULL),
	(1799, 3, 9, 0, '2023-05-03 12:02:26', '2023-05-03 12:02:26', NULL),
	(1800, 3, 10, 0, '2023-05-03 12:02:26', '2023-05-03 12:02:26', NULL),
	(1801, 3, 29, 0, '2023-05-03 12:02:26', '2023-05-03 12:02:26', NULL),
	(1802, 3, 31, 0, '2023-05-03 12:02:26', '2023-05-03 12:02:26', NULL),
	(1803, 3, 35, 0, '2023-05-03 12:02:26', '2023-05-03 12:02:26', NULL),
	(1804, 3, 36, 0, '2023-05-03 12:02:26', '2023-05-03 12:02:26', NULL),
	(1805, 3, 40, 0, '2023-05-03 12:02:26', '2023-05-03 12:02:26', NULL),
	(1806, 3, 53, 0, '2023-05-03 12:02:26', '2023-05-03 12:02:26', NULL),
	(1807, 3, 54, 0, '2023-05-03 12:02:26', '2023-05-03 12:02:26', NULL),
	(1808, 3, 55, 0, '2023-05-03 12:02:26', '2023-05-03 12:02:26', NULL),
	(1809, 3, 56, 0, '2023-05-03 12:02:26', '2023-05-03 12:02:26', NULL),
	(1810, 3, 68, 0, '2023-05-03 12:02:26', '2023-05-03 12:02:26', NULL),
	(1811, 3, 2, 0, '2023-05-03 12:02:26', '2023-05-03 12:02:26', NULL),
	(1812, 3, 11, 0, '2023-05-03 12:02:26', '2023-05-03 12:02:26', NULL),
	(1813, 3, 33, 0, '2023-05-03 12:02:26', '2023-05-03 12:02:26', NULL),
	(1814, 3, 38, 0, '2023-05-03 12:02:26', '2023-05-03 12:02:26', NULL),
	(1815, 3, 42, 0, '2023-05-03 12:02:26', '2023-05-03 12:02:26', NULL),
	(1816, 3, 44, 0, '2023-05-03 12:02:26', '2023-05-03 12:02:26', NULL),
	(1817, 3, 67, 0, '2023-05-03 12:02:26', '2023-05-03 12:02:26', NULL),
	(1818, 3, 5, 0, '2023-05-03 12:02:26', '2023-05-03 12:02:26', NULL),
	(1819, 3, 8, 0, '2023-05-03 12:02:26', '2023-05-03 12:02:26', NULL),
	(1820, 3, 30, 0, '2023-05-03 12:02:26', '2023-05-03 12:02:26', NULL),
	(1821, 3, 32, 0, '2023-05-03 12:02:26', '2023-05-03 12:02:26', NULL),
	(1822, 3, 37, 0, '2023-05-03 12:02:26', '2023-05-03 12:02:26', NULL),
	(1823, 3, 41, 0, '2023-05-03 12:02:26', '2023-05-03 12:02:26', NULL),
	(1824, 3, 4, 0, '2023-05-03 12:02:26', '2023-05-03 12:02:26', NULL),
	(1825, 3, 7, 0, '2023-05-03 12:02:26', '2023-05-03 12:02:26', NULL),
	(1826, 3, 34, 0, '2023-05-03 12:02:26', '2023-05-03 12:02:26', NULL),
	(1827, 3, 39, 0, '2023-05-03 12:02:26', '2023-05-03 12:02:26', NULL),
	(1828, 3, 43, 0, '2023-05-03 12:02:26', '2023-05-03 12:02:26', NULL),
	(1829, 3, 46, 0, '2023-05-03 12:02:26', '2023-05-03 12:02:26', NULL),
	(1830, 3, 70, 0, '2023-05-03 12:02:26', '2023-05-03 12:02:26', NULL),
	(1831, 3, 47, 0, '2023-05-03 12:02:26', '2023-05-03 12:02:26', NULL),
	(1832, 3, 48, 0, '2023-05-03 12:02:26', '2023-05-03 12:02:26', NULL),
	(1833, 3, 49, 0, '2023-05-03 12:02:26', '2023-05-03 12:02:26', NULL),
	(1834, 3, 50, 0, '2023-05-03 12:02:26', '2023-05-03 12:02:26', NULL),
	(1835, 3, 51, 0, '2023-05-03 12:02:26', '2023-05-03 12:02:26', NULL),
	(1836, 3, 52, 0, '2023-05-03 12:02:26', '2023-05-03 12:02:26', NULL),
	(1837, 3, 69, 0, '2023-05-03 12:02:26', '2023-05-03 12:02:26', NULL),
	(1838, 3, 71, 0, '2023-05-03 12:02:26', '2023-05-03 12:02:26', NULL),
	(1839, 3, 72, 0, '2023-05-03 12:02:26', '2023-05-03 12:02:26', NULL),
	(1840, 3, 75, 0, '2023-05-03 12:02:26', '2023-05-03 12:02:26', NULL),
	(1841, 3, 76, 0, '2023-05-03 12:02:26', '2023-05-03 12:02:26', NULL),
	(1842, 3, 77, 0, '2023-05-03 12:02:26', '2023-05-03 12:02:26', NULL),
	(1843, 3, 78, 19, '2023-05-03 12:02:26', '2023-05-03 11:26:03', NULL),
	(1844, 2, 1, 0, '2023-05-03 12:02:28', '2023-05-03 12:02:28', NULL),
	(1845, 2, 3, 0, '2023-05-03 12:02:28', '2023-05-03 12:02:28', NULL),
	(1846, 2, 6, 0, '2023-05-03 12:02:28', '2023-05-03 12:02:28', NULL),
	(1847, 2, 9, 0, '2023-05-03 12:02:28', '2023-05-03 12:02:28', NULL),
	(1848, 2, 10, 0, '2023-05-03 12:02:28', '2023-05-03 12:02:28', NULL),
	(1849, 2, 29, 0, '2023-05-03 12:02:28', '2023-05-03 12:02:28', NULL),
	(1850, 2, 31, 0, '2023-05-03 12:02:28', '2023-05-03 12:02:28', NULL),
	(1851, 2, 35, 0, '2023-05-03 12:02:28', '2023-05-03 12:02:28', NULL),
	(1852, 2, 36, 0, '2023-05-03 12:02:28', '2023-05-03 12:02:28', NULL),
	(1853, 2, 40, 0, '2023-05-03 12:02:28', '2023-05-03 12:02:28', NULL),
	(1854, 2, 53, 0, '2023-05-03 12:02:28', '2023-05-03 12:02:28', NULL),
	(1855, 2, 54, 0, '2023-05-03 12:02:28', '2023-05-03 12:02:28', NULL),
	(1856, 2, 55, 0, '2023-05-03 12:02:28', '2023-05-03 12:02:28', NULL),
	(1857, 2, 56, 0, '2023-05-03 12:02:28', '2023-05-03 12:02:28', NULL),
	(1858, 2, 68, 0, '2023-05-03 12:02:28', '2023-05-03 12:02:28', NULL),
	(1859, 2, 2, 0, '2023-05-03 12:02:28', '2023-05-03 12:02:28', NULL),
	(1860, 2, 11, 0, '2023-05-03 12:02:28', '2023-05-03 12:02:28', NULL),
	(1861, 2, 33, 0, '2023-05-03 12:02:28', '2023-05-03 12:02:28', NULL),
	(1862, 2, 38, 0, '2023-05-03 12:02:28', '2023-05-03 12:02:28', NULL),
	(1863, 2, 42, 0, '2023-05-03 12:02:28', '2023-05-03 12:02:28', NULL),
	(1864, 2, 44, 0, '2023-05-03 12:02:28', '2023-05-03 12:02:28', NULL),
	(1865, 2, 67, 0, '2023-05-03 12:02:28', '2023-05-03 12:02:28', NULL),
	(1866, 2, 5, 0, '2023-05-03 12:02:28', '2023-05-03 12:02:28', NULL),
	(1867, 2, 8, 0, '2023-05-03 12:02:28', '2023-05-03 12:02:28', NULL),
	(1868, 2, 30, 0, '2023-05-03 12:02:28', '2023-05-03 12:02:28', NULL),
	(1869, 2, 32, 0, '2023-05-03 12:02:28', '2023-05-03 12:02:28', NULL),
	(1870, 2, 37, 0, '2023-05-03 12:02:28', '2023-05-03 12:02:28', NULL),
	(1871, 2, 41, 0, '2023-05-03 12:02:28', '2023-05-03 12:02:28', NULL),
	(1872, 2, 4, 0, '2023-05-03 12:02:28', '2023-05-03 12:02:28', NULL),
	(1873, 2, 7, 0, '2023-05-03 12:02:28', '2023-05-03 12:02:28', NULL),
	(1874, 2, 34, 0, '2023-05-03 12:02:28', '2023-05-03 12:02:28', NULL),
	(1875, 2, 39, 0, '2023-05-03 12:02:28', '2023-05-03 12:02:28', NULL),
	(1876, 2, 43, 0, '2023-05-03 12:02:28', '2023-05-03 12:02:28', NULL),
	(1877, 2, 46, 0, '2023-05-03 12:02:28', '2023-05-03 12:02:28', NULL),
	(1878, 2, 70, 0, '2023-05-03 12:02:28', '2023-05-03 12:02:28', NULL),
	(1879, 2, 47, 0, '2023-05-03 12:02:28', '2023-05-03 12:02:28', NULL),
	(1880, 2, 48, 0, '2023-05-03 12:02:28', '2023-05-03 12:02:28', NULL),
	(1881, 2, 49, 0, '2023-05-03 12:02:28', '2023-05-03 12:02:28', NULL),
	(1882, 2, 50, 0, '2023-05-03 12:02:28', '2023-05-03 12:02:28', NULL),
	(1883, 2, 51, 0, '2023-05-03 12:02:28', '2023-05-03 12:02:28', NULL),
	(1884, 2, 52, 0, '2023-05-03 12:02:28', '2023-05-03 12:02:28', NULL),
	(1885, 2, 69, 0, '2023-05-03 12:02:28', '2023-05-03 12:02:28', NULL),
	(1886, 2, 71, 0, '2023-05-03 12:02:28', '2023-05-03 12:02:28', NULL),
	(1887, 2, 72, 0, '2023-05-03 12:02:28', '2023-05-03 12:02:28', NULL),
	(1888, 2, 75, 0, '2023-05-03 12:02:28', '2023-05-03 12:02:28', NULL),
	(1889, 2, 76, 0, '2023-05-03 12:02:28', '2023-05-03 12:02:28', NULL),
	(1890, 2, 77, 0, '2023-05-03 12:02:28', '2023-05-03 12:02:28', NULL),
	(1891, 2, 78, 11, '2023-05-03 12:02:28', '2023-05-03 11:26:04', NULL),
	(1892, 27, 1, 0, '2023-05-03 12:02:31', '2023-05-03 12:02:31', NULL),
	(1893, 27, 3, 0, '2023-05-03 12:02:31', '2023-05-03 12:02:31', NULL),
	(1894, 27, 6, 0, '2023-05-03 12:02:31', '2023-05-03 12:02:31', NULL),
	(1895, 27, 9, 0, '2023-05-03 12:02:31', '2023-05-03 12:02:31', NULL),
	(1896, 27, 10, 0, '2023-05-03 12:02:31', '2023-05-03 12:02:31', NULL),
	(1897, 27, 29, 0, '2023-05-03 12:02:31', '2023-05-03 12:02:31', NULL),
	(1898, 27, 31, 0, '2023-05-03 12:02:31', '2023-05-03 12:02:31', NULL),
	(1899, 27, 35, 0, '2023-05-03 12:02:31', '2023-05-03 12:02:31', NULL),
	(1900, 27, 36, 0, '2023-05-03 12:02:31', '2023-05-03 12:02:31', NULL),
	(1901, 27, 40, 0, '2023-05-03 12:02:31', '2023-05-03 12:02:31', NULL),
	(1902, 27, 53, 0, '2023-05-03 12:02:31', '2023-05-03 12:02:31', NULL),
	(1903, 27, 54, 0, '2023-05-03 12:02:31', '2023-05-03 12:02:31', NULL),
	(1904, 27, 55, 0, '2023-05-03 12:02:31', '2023-05-03 12:02:31', NULL),
	(1905, 27, 56, 0, '2023-05-03 12:02:31', '2023-05-03 12:02:31', NULL),
	(1906, 27, 68, 0, '2023-05-03 12:02:31', '2023-05-03 12:02:31', NULL),
	(1907, 27, 2, 0, '2023-05-03 12:02:31', '2023-05-03 12:02:31', NULL),
	(1908, 27, 11, 0, '2023-05-03 12:02:31', '2023-05-03 12:02:31', NULL),
	(1909, 27, 33, 0, '2023-05-03 12:02:31', '2023-05-03 12:02:31', NULL),
	(1910, 27, 38, 0, '2023-05-03 12:02:31', '2023-05-03 12:02:31', NULL),
	(1911, 27, 42, 0, '2023-05-03 12:02:31', '2023-05-03 12:02:31', NULL),
	(1912, 27, 44, 0, '2023-05-03 12:02:31', '2023-05-03 12:02:31', NULL),
	(1913, 27, 67, 0, '2023-05-03 12:02:31', '2023-05-03 12:02:31', NULL),
	(1914, 27, 5, 0, '2023-05-03 12:02:31', '2023-05-03 12:02:31', NULL),
	(1915, 27, 8, 0, '2023-05-03 12:02:31', '2023-05-03 12:02:31', NULL),
	(1916, 27, 30, 0, '2023-05-03 12:02:31', '2023-05-03 12:02:31', NULL),
	(1917, 27, 32, 0, '2023-05-03 12:02:31', '2023-05-03 12:02:31', NULL),
	(1918, 27, 37, 0, '2023-05-03 12:02:31', '2023-05-03 12:02:31', NULL),
	(1919, 27, 41, 0, '2023-05-03 12:02:31', '2023-05-03 12:02:31', NULL),
	(1920, 27, 4, 0, '2023-05-03 12:02:31', '2023-05-03 12:02:31', NULL),
	(1921, 27, 7, 7, '2023-05-03 12:02:31', '2023-06-27 06:23:06', NULL),
	(1922, 27, 34, 0, '2023-05-03 12:02:31', '2023-05-03 12:02:31', NULL),
	(1923, 27, 39, 0, '2023-05-03 12:02:31', '2023-05-03 12:02:31', NULL),
	(1924, 27, 43, 0, '2023-05-03 12:02:31', '2023-05-03 12:02:31', NULL),
	(1925, 27, 46, 0, '2023-05-03 12:02:31', '2023-05-03 12:02:31', NULL),
	(1926, 27, 70, 0, '2023-05-03 12:02:31', '2023-05-03 12:02:31', NULL),
	(1927, 27, 47, 0, '2023-05-03 12:02:31', '2023-05-03 12:02:31', NULL),
	(1928, 27, 48, 0, '2023-05-03 12:02:31', '2023-05-03 12:02:31', NULL),
	(1929, 27, 49, 0, '2023-05-03 12:02:31', '2023-05-03 12:02:31', NULL),
	(1930, 27, 50, 0, '2023-05-03 12:02:31', '2023-05-03 12:02:31', NULL),
	(1931, 27, 51, 0, '2023-05-03 12:02:31', '2023-05-03 12:02:31', NULL),
	(1932, 27, 52, 0, '2023-05-03 12:02:31', '2023-05-03 12:02:31', NULL),
	(1933, 27, 69, 0, '2023-05-03 12:02:31', '2023-05-03 12:02:31', NULL),
	(1934, 27, 71, 0, '2023-05-03 12:02:31', '2023-05-03 12:02:31', NULL),
	(1935, 27, 72, 0, '2023-05-03 12:02:31', '2023-05-03 12:02:31', NULL),
	(1936, 27, 75, 0, '2023-05-03 12:02:31', '2023-05-03 12:02:31', NULL),
	(1937, 27, 76, 0, '2023-05-03 12:02:31', '2023-05-03 12:02:31', NULL),
	(1938, 27, 77, 0, '2023-05-03 12:02:31', '2023-05-03 12:02:31', NULL),
	(1939, 27, 78, 18, '2023-05-03 12:02:31', '2023-05-03 11:26:04', NULL),
	(1940, 6, 1, 0, '2023-05-03 12:02:32', '2023-05-03 12:02:32', NULL),
	(1941, 6, 3, 0, '2023-05-03 12:02:32', '2023-05-03 12:02:32', NULL),
	(1942, 6, 6, 0, '2023-05-03 12:02:32', '2023-05-03 12:02:32', NULL),
	(1943, 6, 9, 0, '2023-05-03 12:02:32', '2023-05-03 12:02:32', NULL),
	(1944, 6, 10, 0, '2023-05-03 12:02:32', '2023-05-03 12:02:32', NULL),
	(1945, 6, 29, 0, '2023-05-03 12:02:32', '2023-05-03 12:02:32', NULL),
	(1946, 6, 31, 0, '2023-05-03 12:02:32', '2023-05-03 12:02:32', NULL),
	(1947, 6, 35, 0, '2023-05-03 12:02:32', '2023-05-03 12:02:32', NULL),
	(1948, 6, 36, 0, '2023-05-03 12:02:32', '2023-05-03 12:02:32', NULL),
	(1949, 6, 40, 0, '2023-05-03 12:02:32', '2023-05-03 12:02:32', NULL),
	(1950, 6, 53, 0, '2023-05-03 12:02:32', '2023-05-03 12:02:32', NULL),
	(1951, 6, 54, 0, '2023-05-03 12:02:32', '2023-05-03 12:02:32', NULL),
	(1952, 6, 55, 0, '2023-05-03 12:02:32', '2023-05-03 12:02:32', NULL),
	(1953, 6, 56, 0, '2023-05-03 12:02:32', '2023-05-03 12:02:32', NULL),
	(1954, 6, 68, 0, '2023-05-03 12:02:32', '2023-05-03 12:02:32', NULL),
	(1955, 6, 2, 0, '2023-05-03 12:02:32', '2023-05-03 12:02:32', NULL),
	(1956, 6, 11, 0, '2023-05-03 12:02:32', '2023-05-03 12:02:32', NULL),
	(1957, 6, 33, 0, '2023-05-03 12:02:32', '2023-05-03 12:02:32', NULL),
	(1958, 6, 38, 0, '2023-05-03 12:02:32', '2023-05-03 12:02:32', NULL),
	(1959, 6, 42, 0, '2023-05-03 12:02:32', '2023-05-03 12:02:32', NULL),
	(1960, 6, 44, 0, '2023-05-03 12:02:32', '2023-05-03 12:02:32', NULL),
	(1961, 6, 67, 0, '2023-05-03 12:02:32', '2023-05-03 12:02:32', NULL),
	(1962, 6, 5, 0, '2023-05-03 12:02:32', '2023-05-03 12:02:32', NULL),
	(1963, 6, 8, 0, '2023-05-03 12:02:32', '2023-05-03 12:02:32', NULL),
	(1964, 6, 30, 0, '2023-05-03 12:02:32', '2023-05-03 12:02:32', NULL),
	(1965, 6, 32, 0, '2023-05-03 12:02:32', '2023-05-03 12:02:32', NULL),
	(1966, 6, 37, 0, '2023-05-03 12:02:32', '2023-05-03 12:02:32', NULL),
	(1967, 6, 41, 0, '2023-05-03 12:02:32', '2023-05-03 12:02:32', NULL),
	(1968, 6, 4, 0, '2023-05-03 12:02:32', '2023-05-03 12:02:32', NULL),
	(1969, 6, 7, 0, '2023-05-03 12:02:32', '2023-05-03 12:02:32', NULL),
	(1970, 6, 34, 0, '2023-05-03 12:02:32', '2023-05-03 12:02:32', NULL),
	(1971, 6, 39, 0, '2023-05-03 12:02:32', '2023-05-03 12:02:32', NULL),
	(1972, 6, 43, 0, '2023-05-03 12:02:32', '2023-05-03 12:02:32', NULL),
	(1973, 6, 46, 0, '2023-05-03 12:02:32', '2023-05-03 12:02:32', NULL),
	(1974, 6, 70, 0, '2023-05-03 12:02:32', '2023-05-03 12:02:32', NULL),
	(1975, 6, 47, 0, '2023-05-03 12:02:32', '2023-05-03 12:02:32', NULL),
	(1976, 6, 48, 0, '2023-05-03 12:02:32', '2023-05-03 12:02:32', NULL),
	(1977, 6, 49, 0, '2023-05-03 12:02:32', '2023-05-03 12:02:32', NULL),
	(1978, 6, 50, 0, '2023-05-03 12:02:32', '2023-05-03 12:02:32', NULL),
	(1979, 6, 51, 0, '2023-05-03 12:02:32', '2023-05-03 12:02:32', NULL),
	(1980, 6, 52, 0, '2023-05-03 12:02:32', '2023-05-03 12:02:32', NULL),
	(1981, 6, 69, 0, '2023-05-03 12:02:32', '2023-05-03 12:02:32', NULL),
	(1982, 6, 71, 0, '2023-05-03 12:02:32', '2023-05-03 12:02:32', NULL),
	(1983, 6, 72, 0, '2023-05-03 12:02:32', '2023-05-03 12:02:32', NULL),
	(1984, 6, 75, 0, '2023-05-03 12:02:32', '2023-05-03 12:02:32', NULL),
	(1985, 6, 76, 0, '2023-05-03 12:02:32', '2023-05-03 12:02:32', NULL),
	(1986, 6, 77, 0, '2023-05-03 12:02:32', '2023-05-03 12:02:32', NULL),
	(1987, 6, 78, 9, '2023-05-03 12:02:32', '2023-05-03 11:26:20', NULL),
	(1988, 17, 1, 0, '2023-05-03 12:02:35', '2023-05-03 12:02:35', NULL),
	(1989, 17, 3, 0, '2023-05-03 12:02:35', '2023-05-03 12:02:35', NULL),
	(1990, 17, 6, 0, '2023-05-03 12:02:35', '2023-05-03 12:02:35', NULL),
	(1991, 17, 9, 0, '2023-05-03 12:02:35', '2023-05-03 12:02:35', NULL),
	(1992, 17, 10, 0, '2023-05-03 12:02:35', '2023-05-03 12:02:35', NULL),
	(1993, 17, 29, 0, '2023-05-03 12:02:35', '2023-05-03 12:02:35', NULL),
	(1994, 17, 31, 0, '2023-05-03 12:02:35', '2023-05-03 12:02:35', NULL),
	(1995, 17, 35, 0, '2023-05-03 12:02:35', '2023-05-03 12:02:35', NULL),
	(1996, 17, 36, 0, '2023-05-03 12:02:35', '2023-05-03 12:02:35', NULL),
	(1997, 17, 40, 0, '2023-05-03 12:02:35', '2023-05-03 12:02:35', NULL),
	(1998, 17, 53, 0, '2023-05-03 12:02:35', '2023-05-03 12:02:35', NULL),
	(1999, 17, 54, 0, '2023-05-03 12:02:35', '2023-05-03 12:02:35', NULL),
	(2000, 17, 55, 0, '2023-05-03 12:02:35', '2023-05-03 12:02:35', NULL),
	(2001, 17, 56, 0, '2023-05-03 12:02:35', '2023-05-03 12:02:35', NULL),
	(2002, 17, 68, 0, '2023-05-03 12:02:35', '2023-05-03 12:02:35', NULL),
	(2003, 17, 2, 0, '2023-05-03 12:02:35', '2023-05-03 12:02:35', NULL),
	(2004, 17, 11, 0, '2023-05-03 12:02:35', '2023-05-03 12:02:35', NULL),
	(2005, 17, 33, 0, '2023-05-03 12:02:35', '2023-05-03 12:02:35', NULL),
	(2006, 17, 38, 0, '2023-05-03 12:02:35', '2023-05-03 12:02:35', NULL),
	(2007, 17, 42, 0, '2023-05-03 12:02:35', '2023-05-03 12:02:35', NULL),
	(2008, 17, 44, 0, '2023-05-03 12:02:35', '2023-05-03 12:02:35', NULL),
	(2009, 17, 67, 0, '2023-05-03 12:02:35', '2023-05-03 12:02:35', NULL),
	(2010, 17, 5, 0, '2023-05-03 12:02:35', '2023-05-03 12:02:35', NULL),
	(2011, 17, 8, 0, '2023-05-03 12:02:35', '2023-05-03 12:02:35', NULL),
	(2012, 17, 30, 0, '2023-05-03 12:02:35', '2023-05-03 12:02:35', NULL),
	(2013, 17, 32, 0, '2023-05-03 12:02:35', '2023-05-03 12:02:35', NULL),
	(2014, 17, 37, 0, '2023-05-03 12:02:35', '2023-05-03 12:02:35', NULL),
	(2015, 17, 41, 0, '2023-05-03 12:02:35', '2023-05-03 12:02:35', NULL),
	(2016, 17, 4, 0, '2023-05-03 12:02:35', '2023-05-03 12:02:35', NULL),
	(2017, 17, 7, 0, '2023-05-03 12:02:35', '2023-05-03 12:02:35', NULL),
	(2018, 17, 34, 0, '2023-05-03 12:02:35', '2023-05-03 12:02:35', NULL),
	(2019, 17, 39, 0, '2023-05-03 12:02:35', '2023-05-03 12:02:35', NULL),
	(2020, 17, 43, 0, '2023-05-03 12:02:35', '2023-05-03 12:02:35', NULL),
	(2021, 17, 46, 0, '2023-05-03 12:02:35', '2023-05-03 12:02:35', NULL),
	(2022, 17, 70, 0, '2023-05-03 12:02:35', '2023-05-03 12:02:35', NULL),
	(2023, 17, 47, 0, '2023-05-03 12:02:35', '2023-05-03 12:02:35', NULL),
	(2024, 17, 48, 0, '2023-05-03 12:02:35', '2023-05-03 12:02:35', NULL),
	(2025, 17, 49, 0, '2023-05-03 12:02:35', '2023-05-03 12:02:35', NULL),
	(2026, 17, 50, 0, '2023-05-03 12:02:35', '2023-05-03 12:02:35', NULL),
	(2027, 17, 51, 0, '2023-05-03 12:02:35', '2023-05-03 12:02:35', NULL),
	(2028, 17, 52, 0, '2023-05-03 12:02:35', '2023-05-03 12:02:35', NULL),
	(2029, 17, 69, 0, '2023-05-03 12:02:35', '2023-05-03 12:02:35', NULL),
	(2030, 17, 71, 0, '2023-05-03 12:02:35', '2023-05-03 12:02:35', NULL),
	(2031, 17, 72, 0, '2023-05-03 12:02:35', '2023-05-03 12:02:35', NULL),
	(2032, 17, 75, 0, '2023-05-03 12:02:35', '2023-05-03 12:02:35', NULL),
	(2033, 17, 76, 0, '2023-05-03 12:02:35', '2023-05-03 12:02:35', NULL),
	(2034, 17, 77, 0, '2023-05-03 12:02:35', '2023-05-03 12:02:35', NULL),
	(2035, 17, 78, 10, '2023-05-03 12:02:35', '2023-05-03 11:26:06', NULL),
	(2036, 34, 1, 0, '2023-05-03 12:02:37', '2023-05-03 12:02:37', NULL),
	(2037, 34, 3, 0, '2023-05-03 12:02:37', '2023-05-03 12:02:37', NULL),
	(2038, 34, 6, 0, '2023-05-03 12:02:37', '2023-05-03 12:02:37', NULL),
	(2039, 34, 9, 0, '2023-05-03 12:02:37', '2023-05-03 12:02:37', NULL),
	(2040, 34, 10, 0, '2023-05-03 12:02:37', '2023-05-03 12:02:37', NULL),
	(2041, 34, 29, 0, '2023-05-03 12:02:37', '2023-05-03 12:02:37', NULL),
	(2042, 34, 31, 0, '2023-05-03 12:02:37', '2023-05-03 12:02:37', NULL),
	(2043, 34, 35, 0, '2023-05-03 12:02:37', '2023-05-03 12:02:37', NULL),
	(2044, 34, 36, 0, '2023-05-03 12:02:37', '2023-05-03 12:02:37', NULL),
	(2045, 34, 40, 0, '2023-05-03 12:02:37', '2023-05-03 12:02:37', NULL),
	(2046, 34, 53, 0, '2023-05-03 12:02:37', '2023-05-03 12:02:37', NULL),
	(2047, 34, 54, 0, '2023-05-03 12:02:37', '2023-05-03 12:02:37', NULL),
	(2048, 34, 55, 0, '2023-05-03 12:02:37', '2023-05-03 12:02:37', NULL),
	(2049, 34, 56, 0, '2023-05-03 12:02:37', '2023-05-03 12:02:37', NULL),
	(2050, 34, 68, 0, '2023-05-03 12:02:37', '2023-05-03 12:02:37', NULL),
	(2051, 34, 2, 0, '2023-05-03 12:02:37', '2023-05-03 12:02:37', NULL),
	(2052, 34, 11, 0, '2023-05-03 12:02:37', '2023-05-03 12:02:37', NULL),
	(2053, 34, 33, 0, '2023-05-03 12:02:37', '2023-05-03 12:02:37', NULL),
	(2054, 34, 38, 0, '2023-05-03 12:02:37', '2023-05-03 12:02:37', NULL),
	(2055, 34, 42, 0, '2023-05-03 12:02:37', '2023-05-03 12:02:37', NULL),
	(2056, 34, 44, 0, '2023-05-03 12:02:37', '2023-05-03 12:02:37', NULL),
	(2057, 34, 67, 0, '2023-05-03 12:02:37', '2023-05-03 12:02:37', NULL),
	(2058, 34, 5, 0, '2023-05-03 12:02:37', '2023-05-03 12:02:37', NULL),
	(2059, 34, 8, 0, '2023-05-03 12:02:37', '2023-05-03 12:02:37', NULL),
	(2060, 34, 30, 0, '2023-05-03 12:02:37', '2023-05-03 12:02:37', NULL),
	(2061, 34, 32, 0, '2023-05-03 12:02:37', '2023-05-03 12:02:37', NULL),
	(2062, 34, 37, 0, '2023-05-03 12:02:37', '2023-05-03 12:02:37', NULL),
	(2063, 34, 41, 0, '2023-05-03 12:02:37', '2023-05-03 12:02:37', NULL),
	(2064, 34, 4, 0, '2023-05-03 12:02:37', '2023-05-03 12:02:37', NULL),
	(2065, 34, 7, 0, '2023-05-03 12:02:37', '2023-05-03 12:02:37', NULL),
	(2066, 34, 34, 0, '2023-05-03 12:02:37', '2023-05-03 12:02:37', NULL),
	(2067, 34, 39, 0, '2023-05-03 12:02:37', '2023-05-03 12:02:37', NULL),
	(2068, 34, 43, 0, '2023-05-03 12:02:37', '2023-05-03 12:02:37', NULL),
	(2069, 34, 46, 0, '2023-05-03 12:02:37', '2023-05-03 12:02:37', NULL),
	(2070, 34, 70, 0, '2023-05-03 12:02:37', '2023-05-03 12:02:37', NULL),
	(2071, 34, 47, 0, '2023-05-03 12:02:37', '2023-05-03 12:02:37', NULL),
	(2072, 34, 48, 0, '2023-05-03 12:02:37', '2023-05-03 12:02:37', NULL),
	(2073, 34, 49, 0, '2023-05-03 12:02:37', '2023-05-03 12:02:37', NULL),
	(2074, 34, 50, 0, '2023-05-03 12:02:37', '2023-05-03 12:02:37', NULL),
	(2075, 34, 51, 0, '2023-05-03 12:02:37', '2023-05-03 12:02:37', NULL),
	(2076, 34, 52, 0, '2023-05-03 12:02:37', '2023-05-03 12:02:37', NULL),
	(2077, 34, 69, 0, '2023-05-03 12:02:37', '2023-05-03 12:02:37', NULL),
	(2078, 34, 71, 0, '2023-05-03 12:02:37', '2023-05-03 12:02:37', NULL),
	(2079, 34, 72, 0, '2023-05-03 12:02:37', '2023-05-03 12:02:37', NULL),
	(2080, 34, 75, 0, '2023-05-03 12:02:37', '2023-05-03 12:02:37', NULL),
	(2081, 34, 76, 0, '2023-05-03 12:02:37', '2023-05-03 12:02:37', NULL),
	(2082, 34, 77, 0, '2023-05-03 12:02:37', '2023-05-03 12:02:37', NULL),
	(2083, 34, 78, 19, '2023-05-03 12:02:37', '2023-05-03 11:26:06', NULL),
	(2084, 21, 79, 13, '2023-05-04 11:26:03', '2023-05-22 00:30:37', NULL),
	(2085, 8, 79, 9, '2023-05-04 11:26:03', '2023-05-22 00:37:15', NULL),
	(2086, 22, 79, 14, '2023-05-04 11:26:03', '2023-06-27 07:09:10', NULL),
	(2087, 23, 79, 0, '2023-05-04 11:26:03', '2023-05-04 11:26:03', NULL),
	(2088, 5, 79, 0, '2023-05-04 11:26:03', '2023-05-04 11:26:03', NULL),
	(2089, 25, 79, 19, '2023-05-04 11:26:03', '2023-05-04 09:27:07', NULL),
	(2090, 31, 79, 3, '2023-05-04 11:26:03', '2023-05-04 09:26:59', NULL),
	(2091, 9, 79, 3, '2023-05-04 11:26:03', '2023-06-01 11:09:58', NULL),
	(2092, 7, 79, 0, '2023-05-04 11:26:03', '2023-05-04 11:26:03', NULL),
	(2093, 10, 79, 0, '2023-05-04 11:26:03', '2023-05-04 11:26:03', NULL),
	(2094, 3, 79, 0, '2023-05-04 11:26:03', '2023-05-04 11:26:03', NULL),
	(2095, 2, 79, 0, '2023-05-04 11:26:03', '2023-05-04 11:26:03', NULL),
	(2096, 27, 79, 0, '2023-05-04 11:26:03', '2023-05-04 11:26:03', NULL),
	(2097, 6, 79, 0, '2023-05-04 11:26:03', '2023-05-04 11:26:03', NULL),
	(2098, 17, 79, 0, '2023-05-04 11:26:03', '2023-05-04 11:26:03', NULL),
	(2099, 34, 79, 0, '2023-05-04 11:26:03', '2023-05-04 11:26:03', NULL);
/*!40000 ALTER TABLE `eleve_evaluation` ENABLE KEYS */;

-- Dumping structure for table sas.eleve_examen
CREATE TABLE IF NOT EXISTS `eleve_examen` (
  `id` bigint(20) unsigned NOT NULL AUTO_INCREMENT,
  `eleve_id` bigint(20) unsigned NOT NULL,
  `examen_id` bigint(20) unsigned NOT NULL,
  `note_obtenu` int(11) NOT NULL DEFAULT '0',
  `created_at` timestamp NULL DEFAULT CURRENT_TIMESTAMP,
  `updated_at` timestamp NULL DEFAULT CURRENT_TIMESTAMP,
  `deleted_at` timestamp NULL DEFAULT NULL,
  PRIMARY KEY (`id`),
  KEY `table_eleve_examen_eleve_id_foreign` (`eleve_id`),
  KEY `table_eleve_examen_examen_id_foreign` (`examen_id`),
  CONSTRAINT `table_eleve_examen_eleve_id_foreign` FOREIGN KEY (`eleve_id`) REFERENCES `eleves` (`id`),
  CONSTRAINT `table_eleve_examen_examen_id_foreign` FOREIGN KEY (`examen_id`) REFERENCES `examens` (`id`)
) ENGINE=InnoDB AUTO_INCREMENT=798 DEFAULT CHARSET=utf8mb4 COLLATE=utf8mb4_unicode_ci;

-- Dumping data for table sas.eleve_examen: ~289 rows (approximately)
/*!40000 ALTER TABLE `eleve_examen` DISABLE KEYS */;
INSERT INTO `eleve_examen` (`id`, `eleve_id`, `examen_id`, `note_obtenu`, `created_at`, `updated_at`, `deleted_at`) VALUES
	(1, 21, 1, 41, '2022-09-02 02:48:33', '2023-04-30 20:29:07', NULL),
	(2, 21, 2, 32, '2022-09-02 02:48:52', '2022-09-02 02:48:53', NULL),
	(3, 21, 3, 13, '2022-09-02 02:49:18', '2022-09-02 02:49:20', NULL),
	(4, 21, 4, 30, '2022-09-02 02:49:38', '2022-09-02 02:49:39', NULL),
	(28, 21, 8, 36, NULL, NULL, NULL),
	(41, 21, 9, 26, NULL, NULL, NULL),
	(54, 21, 10, 14, NULL, NULL, NULL),
	(67, 21, 11, 36, NULL, NULL, NULL),
	(80, 21, 12, 35, NULL, NULL, NULL),
	(93, 21, 13, 32, NULL, NULL, NULL),
	(106, 21, 14, 30, NULL, NULL, NULL),
	(119, 21, 15, 21, NULL, NULL, NULL),
	(132, 21, 16, 18, NULL, NULL, NULL),
	(145, 21, 17, 25, NULL, NULL, NULL),
	(158, 21, 18, 19, NULL, NULL, NULL),
	(164, 21, 19, 0, '2023-04-13 15:31:53', '2023-04-13 15:31:53', NULL),
	(179, 21, 20, 12, '2023-04-13 17:05:27', '2023-04-30 20:45:22', NULL),
	(194, 21, 21, 0, '2023-04-13 23:51:59', '2023-04-13 23:51:59', NULL),
	(209, 21, 22, 8, '2023-04-13 23:52:18', '2023-05-03 11:35:08', NULL),
	(528, 8, 1, 0, '2023-05-03 12:01:55', '2023-05-03 12:01:55', NULL),
	(529, 8, 8, 0, '2023-05-03 12:01:55', '2023-05-03 12:01:55', NULL),
	(530, 8, 12, 0, '2023-05-03 12:01:55', '2023-05-03 12:01:55', NULL),
	(531, 8, 2, 0, '2023-05-03 12:01:55', '2023-05-03 12:01:55', NULL),
	(532, 8, 9, 0, '2023-05-03 12:01:55', '2023-05-03 12:01:55', NULL),
	(533, 8, 13, 0, '2023-05-03 12:01:55', '2023-05-03 12:01:55', NULL),
	(534, 8, 3, 0, '2023-05-03 12:01:55', '2023-05-03 12:01:55', NULL),
	(535, 8, 10, 0, '2023-05-03 12:01:55', '2023-05-03 12:01:55', NULL),
	(536, 8, 15, 0, '2023-05-03 12:01:55', '2023-05-03 12:01:55', NULL),
	(537, 8, 4, 0, '2023-05-03 12:01:55', '2023-05-03 12:01:55', NULL),
	(538, 8, 11, 0, '2023-05-03 12:01:55', '2023-05-03 12:01:55', NULL),
	(539, 8, 14, 0, '2023-05-03 12:01:55', '2023-05-03 12:01:55', NULL),
	(540, 8, 16, 0, '2023-05-03 12:01:55', '2023-05-03 12:01:55', NULL),
	(541, 8, 17, 0, '2023-05-03 12:01:55', '2023-05-03 12:01:55', NULL),
	(542, 8, 18, 0, '2023-05-03 12:01:55', '2023-05-03 12:01:55', NULL),
	(543, 8, 20, 0, '2023-05-03 12:01:55', '2023-05-03 12:01:55', NULL),
	(544, 8, 21, 0, '2023-05-03 12:01:55', '2023-05-03 12:01:55', NULL),
	(545, 8, 22, 0, '2023-05-03 12:01:56', '2023-05-03 12:01:56', NULL),
	(546, 22, 1, 65, '2023-05-03 12:01:59', '2023-06-27 07:18:13', NULL),
	(547, 22, 8, 65, '2023-05-03 12:01:59', '2023-06-27 07:18:13', NULL),
	(548, 22, 12, 65, '2023-05-03 12:01:59', '2023-06-27 07:18:13', NULL),
	(549, 22, 2, 32, '2023-05-03 12:01:59', '2023-06-27 07:18:13', NULL),
	(550, 22, 9, 32, '2023-05-03 12:01:59', '2023-06-27 07:18:13', NULL),
	(551, 22, 13, 32, '2023-05-03 12:01:59', '2023-06-27 07:18:13', NULL),
	(552, 22, 3, 32, '2023-05-03 12:01:59', '2023-06-27 07:18:13', NULL),
	(553, 22, 10, 32, '2023-05-03 12:01:59', '2023-06-27 07:18:13', NULL),
	(554, 22, 15, 32, '2023-05-03 12:01:59', '2023-06-27 07:18:13', NULL),
	(555, 22, 4, 32, '2023-05-03 12:01:59', '2023-06-27 07:18:13', NULL),
	(556, 22, 11, 32, '2023-05-03 12:01:59', '2023-06-27 07:18:13', NULL),
	(557, 22, 14, 32, '2023-05-03 12:01:59', '2023-06-27 07:18:13', NULL),
	(558, 22, 16, 32, '2023-05-03 12:01:59', '2023-06-27 07:18:13', NULL),
	(559, 22, 17, 32, '2023-05-03 12:01:59', '2023-06-27 07:18:13', NULL),
	(560, 22, 18, 32, '2023-05-03 12:01:59', '2023-06-27 07:18:13', NULL),
	(561, 22, 20, 14, '2023-05-03 12:01:59', '2023-06-27 07:18:13', NULL),
	(562, 22, 21, 32, '2023-05-03 12:01:59', '2023-06-27 07:18:13', NULL),
	(563, 22, 22, 14, '2023-05-03 12:01:59', '2023-06-27 07:18:13', NULL),
	(564, 23, 1, 0, '2023-05-03 12:02:02', '2023-05-03 12:02:02', NULL),
	(565, 23, 8, 0, '2023-05-03 12:02:02', '2023-05-03 12:02:02', NULL),
	(566, 23, 12, 0, '2023-05-03 12:02:02', '2023-05-03 12:02:02', NULL),
	(567, 23, 2, 0, '2023-05-03 12:02:02', '2023-05-03 12:02:02', NULL),
	(568, 23, 9, 0, '2023-05-03 12:02:02', '2023-05-03 12:02:02', NULL),
	(569, 23, 13, 0, '2023-05-03 12:02:02', '2023-05-03 12:02:02', NULL),
	(570, 23, 3, 0, '2023-05-03 12:02:02', '2023-05-03 12:02:02', NULL),
	(571, 23, 10, 0, '2023-05-03 12:02:02', '2023-05-03 12:02:02', NULL),
	(572, 23, 15, 0, '2023-05-03 12:02:02', '2023-05-03 12:02:02', NULL),
	(573, 23, 4, 0, '2023-05-03 12:02:02', '2023-05-03 12:02:02', NULL),
	(574, 23, 11, 0, '2023-05-03 12:02:02', '2023-05-03 12:02:02', NULL),
	(575, 23, 14, 0, '2023-05-03 12:02:02', '2023-05-03 12:02:02', NULL),
	(576, 23, 16, 0, '2023-05-03 12:02:02', '2023-05-03 12:02:02', NULL),
	(577, 23, 17, 0, '2023-05-03 12:02:02', '2023-05-03 12:02:02', NULL),
	(578, 23, 18, 0, '2023-05-03 12:02:02', '2023-05-03 12:02:02', NULL),
	(579, 23, 20, 0, '2023-05-03 12:02:02', '2023-05-03 12:02:02', NULL),
	(580, 23, 21, 0, '2023-05-03 12:02:02', '2023-05-03 12:02:02', NULL),
	(581, 23, 22, 0, '2023-05-03 12:02:02', '2023-05-03 12:02:02', NULL),
	(582, 5, 1, 0, '2023-05-03 12:02:05', '2023-05-03 12:02:05', NULL),
	(583, 5, 8, 0, '2023-05-03 12:02:05', '2023-05-03 12:02:05', NULL),
	(584, 5, 12, 0, '2023-05-03 12:02:05', '2023-05-03 12:02:05', NULL),
	(585, 5, 2, 0, '2023-05-03 12:02:05', '2023-05-03 12:02:05', NULL),
	(586, 5, 9, 0, '2023-05-03 12:02:05', '2023-05-03 12:02:05', NULL),
	(587, 5, 13, 0, '2023-05-03 12:02:05', '2023-05-03 12:02:05', NULL),
	(588, 5, 3, 0, '2023-05-03 12:02:05', '2023-05-03 12:02:05', NULL),
	(589, 5, 10, 0, '2023-05-03 12:02:05', '2023-05-03 12:02:05', NULL),
	(590, 5, 15, 0, '2023-05-03 12:02:05', '2023-05-03 12:02:05', NULL),
	(591, 5, 4, 0, '2023-05-03 12:02:05', '2023-05-03 12:02:05', NULL),
	(592, 5, 11, 0, '2023-05-03 12:02:05', '2023-05-03 12:02:05', NULL),
	(593, 5, 14, 0, '2023-05-03 12:02:05', '2023-05-03 12:02:05', NULL),
	(594, 5, 16, 0, '2023-05-03 12:02:05', '2023-05-03 12:02:05', NULL),
	(595, 5, 17, 0, '2023-05-03 12:02:05', '2023-05-03 12:02:05', NULL),
	(596, 5, 18, 0, '2023-05-03 12:02:05', '2023-05-03 12:02:05', NULL),
	(597, 5, 20, 0, '2023-05-03 12:02:05', '2023-05-03 12:02:05', NULL),
	(598, 5, 21, 0, '2023-05-03 12:02:05', '2023-05-03 12:02:05', NULL),
	(599, 5, 22, 0, '2023-05-03 12:02:05', '2023-05-03 12:02:05', NULL),
	(600, 25, 1, 0, '2023-05-03 12:02:08', '2023-05-03 12:02:08', NULL),
	(601, 25, 8, 0, '2023-05-03 12:02:08', '2023-05-03 12:02:08', NULL),
	(602, 25, 12, 0, '2023-05-03 12:02:08', '2023-05-03 12:02:08', NULL),
	(603, 25, 2, 0, '2023-05-03 12:02:08', '2023-05-03 12:02:08', NULL),
	(604, 25, 9, 0, '2023-05-03 12:02:08', '2023-05-03 12:02:08', NULL),
	(605, 25, 13, 0, '2023-05-03 12:02:08', '2023-05-03 12:02:08', NULL),
	(606, 25, 3, 0, '2023-05-03 12:02:08', '2023-05-03 12:02:08', NULL),
	(607, 25, 10, 0, '2023-05-03 12:02:08', '2023-05-03 12:02:08', NULL),
	(608, 25, 15, 0, '2023-05-03 12:02:08', '2023-05-03 12:02:08', NULL),
	(609, 25, 4, 0, '2023-05-03 12:02:08', '2023-05-03 12:02:08', NULL),
	(610, 25, 11, 0, '2023-05-03 12:02:08', '2023-05-03 12:02:08', NULL),
	(611, 25, 14, 0, '2023-05-03 12:02:08', '2023-05-03 12:02:08', NULL),
	(612, 25, 16, 0, '2023-05-03 12:02:08', '2023-05-03 12:02:08', NULL),
	(613, 25, 17, 0, '2023-05-03 12:02:08', '2023-05-03 12:02:08', NULL),
	(614, 25, 18, 0, '2023-05-03 12:02:08', '2023-05-03 12:02:08', NULL),
	(615, 25, 20, 0, '2023-05-03 12:02:08', '2023-05-03 12:02:08', NULL),
	(616, 25, 21, 0, '2023-05-03 12:02:08', '2023-05-03 12:02:08', NULL),
	(617, 25, 22, 0, '2023-05-03 12:02:08', '2023-05-03 12:02:08', NULL),
	(618, 31, 1, 0, '2023-05-03 12:02:11', '2023-05-03 12:02:11', NULL),
	(619, 31, 8, 0, '2023-05-03 12:02:11', '2023-05-03 12:02:11', NULL),
	(620, 31, 12, 0, '2023-05-03 12:02:11', '2023-05-03 12:02:11', NULL),
	(621, 31, 2, 0, '2023-05-03 12:02:11', '2023-05-03 12:02:11', NULL),
	(622, 31, 9, 0, '2023-05-03 12:02:11', '2023-05-03 12:02:11', NULL),
	(623, 31, 13, 0, '2023-05-03 12:02:11', '2023-05-03 12:02:11', NULL),
	(624, 31, 3, 0, '2023-05-03 12:02:11', '2023-05-03 12:02:11', NULL),
	(625, 31, 10, 0, '2023-05-03 12:02:11', '2023-05-03 12:02:11', NULL),
	(626, 31, 15, 0, '2023-05-03 12:02:11', '2023-05-03 12:02:11', NULL),
	(627, 31, 4, 0, '2023-05-03 12:02:11', '2023-05-03 12:02:11', NULL),
	(628, 31, 11, 0, '2023-05-03 12:02:11', '2023-05-03 12:02:11', NULL),
	(629, 31, 14, 0, '2023-05-03 12:02:11', '2023-05-03 12:02:11', NULL),
	(630, 31, 16, 0, '2023-05-03 12:02:11', '2023-05-03 12:02:11', NULL),
	(631, 31, 17, 0, '2023-05-03 12:02:11', '2023-05-03 12:02:11', NULL),
	(632, 31, 18, 0, '2023-05-03 12:02:11', '2023-05-03 12:02:11', NULL),
	(633, 31, 20, 0, '2023-05-03 12:02:11', '2023-05-03 12:02:11', NULL),
	(634, 31, 21, 0, '2023-05-03 12:02:11', '2023-05-03 12:02:11', NULL),
	(635, 31, 22, 0, '2023-05-03 12:02:11', '2023-05-03 12:02:11', NULL),
	(636, 9, 1, 0, '2023-05-03 12:02:16', '2023-05-03 12:02:16', NULL),
	(637, 9, 8, 0, '2023-05-03 12:02:16', '2023-05-03 12:02:16', NULL),
	(638, 9, 12, 0, '2023-05-03 12:02:16', '2023-05-03 12:02:16', NULL),
	(639, 9, 2, 0, '2023-05-03 12:02:16', '2023-05-03 12:02:16', NULL),
	(640, 9, 9, 0, '2023-05-03 12:02:16', '2023-05-03 12:02:16', NULL),
	(641, 9, 13, 0, '2023-05-03 12:02:16', '2023-05-03 12:02:16', NULL),
	(642, 9, 3, 0, '2023-05-03 12:02:16', '2023-05-03 12:02:16', NULL),
	(643, 9, 10, 0, '2023-05-03 12:02:16', '2023-05-03 12:02:16', NULL),
	(644, 9, 15, 0, '2023-05-03 12:02:16', '2023-05-03 12:02:16', NULL),
	(645, 9, 4, 0, '2023-05-03 12:02:16', '2023-05-03 12:02:16', NULL),
	(646, 9, 11, 0, '2023-05-03 12:02:16', '2023-05-03 12:02:16', NULL),
	(647, 9, 14, 0, '2023-05-03 12:02:16', '2023-05-03 12:02:16', NULL),
	(648, 9, 16, 0, '2023-05-03 12:02:16', '2023-05-03 12:02:16', NULL),
	(649, 9, 17, 0, '2023-05-03 12:02:16', '2023-05-03 12:02:16', NULL),
	(650, 9, 18, 0, '2023-05-03 12:02:16', '2023-05-03 12:02:16', NULL),
	(651, 9, 20, 0, '2023-05-03 12:02:16', '2023-05-03 12:02:16', NULL),
	(652, 9, 21, 0, '2023-05-03 12:02:16', '2023-05-03 12:02:16', NULL),
	(653, 9, 22, 0, '2023-05-03 12:02:16', '2023-05-03 12:02:16', NULL),
	(654, 7, 1, 0, '2023-05-03 12:02:22', '2023-05-03 12:02:22', NULL),
	(655, 7, 8, 0, '2023-05-03 12:02:22', '2023-05-03 12:02:22', NULL),
	(656, 7, 12, 0, '2023-05-03 12:02:22', '2023-05-03 12:02:22', NULL),
	(657, 7, 2, 0, '2023-05-03 12:02:22', '2023-05-03 12:02:22', NULL),
	(658, 7, 9, 0, '2023-05-03 12:02:22', '2023-05-03 12:02:22', NULL),
	(659, 7, 13, 0, '2023-05-03 12:02:22', '2023-05-03 12:02:22', NULL),
	(660, 7, 3, 0, '2023-05-03 12:02:22', '2023-05-03 12:02:22', NULL),
	(661, 7, 10, 0, '2023-05-03 12:02:22', '2023-05-03 12:02:22', NULL),
	(662, 7, 15, 0, '2023-05-03 12:02:22', '2023-05-03 12:02:22', NULL),
	(663, 7, 4, 0, '2023-05-03 12:02:22', '2023-05-03 12:02:22', NULL),
	(664, 7, 11, 0, '2023-05-03 12:02:22', '2023-05-03 12:02:22', NULL),
	(665, 7, 14, 0, '2023-05-03 12:02:22', '2023-05-03 12:02:22', NULL),
	(666, 7, 16, 0, '2023-05-03 12:02:22', '2023-05-03 12:02:22', NULL),
	(667, 7, 17, 0, '2023-05-03 12:02:22', '2023-05-03 12:02:22', NULL),
	(668, 7, 18, 0, '2023-05-03 12:02:22', '2023-05-03 12:02:22', NULL),
	(669, 7, 20, 0, '2023-05-03 12:02:22', '2023-05-03 12:02:22', NULL),
	(670, 7, 21, 0, '2023-05-03 12:02:22', '2023-05-03 12:02:22', NULL),
	(671, 7, 22, 0, '2023-05-03 12:02:22', '2023-05-03 12:02:22', NULL),
	(672, 10, 1, 0, '2023-05-03 12:02:24', '2023-05-03 12:02:24', NULL),
	(673, 10, 8, 0, '2023-05-03 12:02:24', '2023-05-03 12:02:24', NULL),
	(674, 10, 12, 0, '2023-05-03 12:02:24', '2023-05-03 12:02:24', NULL),
	(675, 10, 2, 0, '2023-05-03 12:02:24', '2023-05-03 12:02:24', NULL),
	(676, 10, 9, 0, '2023-05-03 12:02:24', '2023-05-03 12:02:24', NULL),
	(677, 10, 13, 0, '2023-05-03 12:02:24', '2023-05-03 12:02:24', NULL),
	(678, 10, 3, 0, '2023-05-03 12:02:24', '2023-05-03 12:02:24', NULL),
	(679, 10, 10, 0, '2023-05-03 12:02:24', '2023-05-03 12:02:24', NULL),
	(680, 10, 15, 0, '2023-05-03 12:02:24', '2023-05-03 12:02:24', NULL),
	(681, 10, 4, 0, '2023-05-03 12:02:24', '2023-05-03 12:02:24', NULL),
	(682, 10, 11, 0, '2023-05-03 12:02:24', '2023-05-03 12:02:24', NULL),
	(683, 10, 14, 0, '2023-05-03 12:02:24', '2023-05-03 12:02:24', NULL),
	(684, 10, 16, 0, '2023-05-03 12:02:24', '2023-05-03 12:02:24', NULL),
	(685, 10, 17, 0, '2023-05-03 12:02:24', '2023-05-03 12:02:24', NULL),
	(686, 10, 18, 0, '2023-05-03 12:02:24', '2023-05-03 12:02:24', NULL),
	(687, 10, 20, 0, '2023-05-03 12:02:24', '2023-05-03 12:02:24', NULL),
	(688, 10, 21, 0, '2023-05-03 12:02:24', '2023-05-03 12:02:24', NULL),
	(689, 10, 22, 0, '2023-05-03 12:02:24', '2023-05-03 12:02:24', NULL),
	(690, 3, 1, 0, '2023-05-03 12:02:26', '2023-05-03 12:02:26', NULL),
	(691, 3, 8, 0, '2023-05-03 12:02:26', '2023-05-03 12:02:26', NULL),
	(692, 3, 12, 0, '2023-05-03 12:02:26', '2023-05-03 12:02:26', NULL),
	(693, 3, 2, 0, '2023-05-03 12:02:26', '2023-05-03 12:02:26', NULL),
	(694, 3, 9, 0, '2023-05-03 12:02:26', '2023-05-03 12:02:26', NULL),
	(695, 3, 13, 0, '2023-05-03 12:02:26', '2023-05-03 12:02:26', NULL),
	(696, 3, 3, 0, '2023-05-03 12:02:26', '2023-05-03 12:02:26', NULL),
	(697, 3, 10, 0, '2023-05-03 12:02:26', '2023-05-03 12:02:26', NULL),
	(698, 3, 15, 0, '2023-05-03 12:02:26', '2023-05-03 12:02:26', NULL),
	(699, 3, 4, 0, '2023-05-03 12:02:26', '2023-05-03 12:02:26', NULL),
	(700, 3, 11, 0, '2023-05-03 12:02:26', '2023-05-03 12:02:26', NULL),
	(701, 3, 14, 0, '2023-05-03 12:02:26', '2023-05-03 12:02:26', NULL),
	(702, 3, 16, 0, '2023-05-03 12:02:26', '2023-05-03 12:02:26', NULL),
	(703, 3, 17, 0, '2023-05-03 12:02:26', '2023-05-03 12:02:26', NULL),
	(704, 3, 18, 0, '2023-05-03 12:02:26', '2023-05-03 12:02:26', NULL),
	(705, 3, 20, 0, '2023-05-03 12:02:26', '2023-05-03 12:02:26', NULL),
	(706, 3, 21, 0, '2023-05-03 12:02:26', '2023-05-03 12:02:26', NULL),
	(707, 3, 22, 0, '2023-05-03 12:02:26', '2023-05-03 12:02:26', NULL),
	(708, 2, 1, 0, '2023-05-03 12:02:28', '2023-05-03 12:02:28', NULL),
	(709, 2, 8, 0, '2023-05-03 12:02:28', '2023-05-03 12:02:28', NULL),
	(710, 2, 12, 0, '2023-05-03 12:02:28', '2023-05-03 12:02:28', NULL),
	(711, 2, 2, 0, '2023-05-03 12:02:28', '2023-05-03 12:02:28', NULL),
	(712, 2, 9, 0, '2023-05-03 12:02:28', '2023-05-03 12:02:28', NULL),
	(713, 2, 13, 0, '2023-05-03 12:02:28', '2023-05-03 12:02:28', NULL),
	(714, 2, 3, 0, '2023-05-03 12:02:28', '2023-05-03 12:02:28', NULL),
	(715, 2, 10, 0, '2023-05-03 12:02:28', '2023-05-03 12:02:28', NULL),
	(716, 2, 15, 0, '2023-05-03 12:02:28', '2023-05-03 12:02:28', NULL),
	(717, 2, 4, 0, '2023-05-03 12:02:28', '2023-05-03 12:02:28', NULL),
	(718, 2, 11, 0, '2023-05-03 12:02:28', '2023-05-03 12:02:28', NULL),
	(719, 2, 14, 0, '2023-05-03 12:02:28', '2023-05-03 12:02:28', NULL),
	(720, 2, 16, 0, '2023-05-03 12:02:28', '2023-05-03 12:02:28', NULL),
	(721, 2, 17, 0, '2023-05-03 12:02:28', '2023-05-03 12:02:28', NULL),
	(722, 2, 18, 0, '2023-05-03 12:02:28', '2023-05-03 12:02:28', NULL),
	(723, 2, 20, 0, '2023-05-03 12:02:28', '2023-05-03 12:02:28', NULL),
	(724, 2, 21, 0, '2023-05-03 12:02:28', '2023-05-03 12:02:28', NULL),
	(725, 2, 22, 0, '2023-05-03 12:02:28', '2023-05-03 12:02:28', NULL),
	(726, 27, 1, 0, '2023-05-03 12:02:31', '2023-05-03 12:02:31', NULL),
	(727, 27, 8, 0, '2023-05-03 12:02:31', '2023-05-03 12:02:31', NULL),
	(728, 27, 12, 0, '2023-05-03 12:02:31', '2023-05-03 12:02:31', NULL),
	(729, 27, 2, 0, '2023-05-03 12:02:31', '2023-05-03 12:02:31', NULL),
	(730, 27, 9, 0, '2023-05-03 12:02:31', '2023-05-03 12:02:31', NULL),
	(731, 27, 13, 0, '2023-05-03 12:02:31', '2023-05-03 12:02:31', NULL),
	(732, 27, 3, 0, '2023-05-03 12:02:31', '2023-05-03 12:02:31', NULL),
	(733, 27, 10, 0, '2023-05-03 12:02:31', '2023-05-03 12:02:31', NULL),
	(734, 27, 15, 0, '2023-05-03 12:02:31', '2023-05-03 12:02:31', NULL),
	(735, 27, 4, 0, '2023-05-03 12:02:31', '2023-05-03 12:02:31', NULL),
	(736, 27, 11, 0, '2023-05-03 12:02:31', '2023-05-03 12:02:31', NULL),
	(737, 27, 14, 0, '2023-05-03 12:02:31', '2023-05-03 12:02:31', NULL),
	(738, 27, 16, 0, '2023-05-03 12:02:31', '2023-05-03 12:02:31', NULL),
	(739, 27, 17, 0, '2023-05-03 12:02:31', '2023-05-03 12:02:31', NULL),
	(740, 27, 18, 0, '2023-05-03 12:02:31', '2023-05-03 12:02:31', NULL),
	(741, 27, 20, 0, '2023-05-03 12:02:31', '2023-05-03 12:02:31', NULL),
	(742, 27, 21, 0, '2023-05-03 12:02:31', '2023-05-03 12:02:31', NULL),
	(743, 27, 22, 0, '2023-05-03 12:02:31', '2023-05-03 12:02:31', NULL),
	(744, 6, 1, 0, '2023-05-03 12:02:32', '2023-05-03 12:02:32', NULL),
	(745, 6, 8, 0, '2023-05-03 12:02:32', '2023-05-03 12:02:32', NULL),
	(746, 6, 12, 0, '2023-05-03 12:02:32', '2023-05-03 12:02:32', NULL),
	(747, 6, 2, 0, '2023-05-03 12:02:32', '2023-05-03 12:02:32', NULL),
	(748, 6, 9, 0, '2023-05-03 12:02:32', '2023-05-03 12:02:32', NULL),
	(749, 6, 13, 0, '2023-05-03 12:02:32', '2023-05-03 12:02:32', NULL),
	(750, 6, 3, 0, '2023-05-03 12:02:32', '2023-05-03 12:02:32', NULL),
	(751, 6, 10, 0, '2023-05-03 12:02:32', '2023-05-03 12:02:32', NULL),
	(752, 6, 15, 0, '2023-05-03 12:02:32', '2023-05-03 12:02:32', NULL),
	(753, 6, 4, 0, '2023-05-03 12:02:32', '2023-05-03 12:02:32', NULL),
	(754, 6, 11, 0, '2023-05-03 12:02:32', '2023-05-03 12:02:32', NULL),
	(755, 6, 14, 0, '2023-05-03 12:02:32', '2023-05-03 12:02:32', NULL),
	(756, 6, 16, 0, '2023-05-03 12:02:32', '2023-05-03 12:02:32', NULL),
	(757, 6, 17, 0, '2023-05-03 12:02:32', '2023-05-03 12:02:32', NULL),
	(758, 6, 18, 0, '2023-05-03 12:02:32', '2023-05-03 12:02:32', NULL),
	(759, 6, 20, 0, '2023-05-03 12:02:32', '2023-05-03 12:02:32', NULL),
	(760, 6, 21, 0, '2023-05-03 12:02:32', '2023-05-03 12:02:32', NULL),
	(761, 6, 22, 0, '2023-05-03 12:02:32', '2023-05-03 12:02:32', NULL),
	(762, 17, 1, 0, '2023-05-03 12:02:35', '2023-05-03 12:02:35', NULL),
	(763, 17, 8, 0, '2023-05-03 12:02:35', '2023-05-03 12:02:35', NULL),
	(764, 17, 12, 0, '2023-05-03 12:02:35', '2023-05-03 12:02:35', NULL),
	(765, 17, 2, 0, '2023-05-03 12:02:35', '2023-05-03 12:02:35', NULL),
	(766, 17, 9, 0, '2023-05-03 12:02:35', '2023-05-03 12:02:35', NULL),
	(767, 17, 13, 0, '2023-05-03 12:02:35', '2023-05-03 12:02:35', NULL),
	(768, 17, 3, 0, '2023-05-03 12:02:35', '2023-05-03 12:02:35', NULL),
	(769, 17, 10, 0, '2023-05-03 12:02:35', '2023-05-03 12:02:35', NULL),
	(770, 17, 15, 0, '2023-05-03 12:02:35', '2023-05-03 12:02:35', NULL),
	(771, 17, 4, 0, '2023-05-03 12:02:35', '2023-05-03 12:02:35', NULL),
	(772, 17, 11, 0, '2023-05-03 12:02:35', '2023-05-03 12:02:35', NULL),
	(773, 17, 14, 0, '2023-05-03 12:02:35', '2023-05-03 12:02:35', NULL),
	(774, 17, 16, 0, '2023-05-03 12:02:35', '2023-05-03 12:02:35', NULL),
	(775, 17, 17, 0, '2023-05-03 12:02:35', '2023-05-03 12:02:35', NULL),
	(776, 17, 18, 0, '2023-05-03 12:02:35', '2023-05-03 12:02:35', NULL),
	(777, 17, 20, 0, '2023-05-03 12:02:35', '2023-05-03 12:02:35', NULL),
	(778, 17, 21, 0, '2023-05-03 12:02:35', '2023-05-03 12:02:35', NULL),
	(779, 17, 22, 0, '2023-05-03 12:02:35', '2023-05-03 12:02:35', NULL),
	(780, 34, 1, 0, '2023-05-03 12:02:37', '2023-05-03 12:02:37', NULL),
	(781, 34, 8, 0, '2023-05-03 12:02:37', '2023-05-03 12:02:37', NULL),
	(782, 34, 12, 0, '2023-05-03 12:02:37', '2023-05-03 12:02:37', NULL),
	(783, 34, 2, 0, '2023-05-03 12:02:37', '2023-05-03 12:02:37', NULL),
	(784, 34, 9, 0, '2023-05-03 12:02:37', '2023-05-03 12:02:37', NULL),
	(785, 34, 13, 0, '2023-05-03 12:02:37', '2023-05-03 12:02:37', NULL),
	(786, 34, 3, 0, '2023-05-03 12:02:37', '2023-05-03 12:02:37', NULL),
	(787, 34, 10, 0, '2023-05-03 12:02:37', '2023-05-03 12:02:37', NULL),
	(788, 34, 15, 0, '2023-05-03 12:02:37', '2023-05-03 12:02:37', NULL),
	(789, 34, 4, 0, '2023-05-03 12:02:37', '2023-05-03 12:02:37', NULL),
	(790, 34, 11, 0, '2023-05-03 12:02:37', '2023-05-03 12:02:37', NULL),
	(791, 34, 14, 0, '2023-05-03 12:02:37', '2023-05-03 12:02:37', NULL),
	(792, 34, 16, 0, '2023-05-03 12:02:37', '2023-05-03 12:02:37', NULL),
	(793, 34, 17, 0, '2023-05-03 12:02:37', '2023-05-03 12:02:37', NULL),
	(794, 34, 18, 0, '2023-05-03 12:02:37', '2023-05-03 12:02:37', NULL),
	(795, 34, 20, 0, '2023-05-03 12:02:37', '2023-05-03 12:02:37', NULL),
	(796, 34, 21, 0, '2023-05-03 12:02:37', '2023-05-03 12:02:37', NULL),
	(797, 34, 22, 0, '2023-05-03 12:02:37', '2023-05-03 12:02:37', NULL);
/*!40000 ALTER TABLE `eleve_examen` ENABLE KEYS */;

-- Dumping structure for table sas.eleve_parrain
CREATE TABLE IF NOT EXISTS `eleve_parrain` (
  `id` bigint(20) unsigned NOT NULL AUTO_INCREMENT,
  `eleve_id` bigint(20) unsigned DEFAULT NULL,
  `parrain_id` bigint(20) unsigned DEFAULT NULL,
  `created_at` timestamp NULL DEFAULT NULL,
  `updated_at` timestamp NULL DEFAULT NULL,
  `deleted_at` timestamp NULL DEFAULT NULL,
  PRIMARY KEY (`id`),
  KEY `eleve_parrain_eleve_id_foreign` (`eleve_id`),
  KEY `eleve_parrain_parrain_id_foreign` (`parrain_id`),
  CONSTRAINT `eleve_parrain_eleve_id_foreign` FOREIGN KEY (`eleve_id`) REFERENCES `eleves` (`id`),
  CONSTRAINT `eleve_parrain_parrain_id_foreign` FOREIGN KEY (`parrain_id`) REFERENCES `parrains` (`id`)
) ENGINE=InnoDB DEFAULT CHARSET=utf8mb4 COLLATE=utf8mb4_unicode_ci;

-- Dumping data for table sas.eleve_parrain: ~0 rows (approximately)
/*!40000 ALTER TABLE `eleve_parrain` DISABLE KEYS */;
/*!40000 ALTER TABLE `eleve_parrain` ENABLE KEYS */;

-- Dumping structure for table sas.employers
CREATE TABLE IF NOT EXISTS `employers` (
  `id` bigint(20) unsigned NOT NULL AUTO_INCREMENT,
  `matricule` varchar(255) COLLATE utf8mb4_unicode_ci NOT NULL,
  `nom` varchar(255) COLLATE utf8mb4_unicode_ci NOT NULL,
  `prenom` varchar(255) COLLATE utf8mb4_unicode_ci NOT NULL,
  `date_naissance` date NOT NULL,
  `sexe` varchar(50) COLLATE utf8mb4_unicode_ci NOT NULL DEFAULT 'M',
  `formation` varchar(255) COLLATE utf8mb4_unicode_ci NOT NULL,
  `diplome` varchar(255) COLLATE utf8mb4_unicode_ci NOT NULL,
  `niveau_etude` varchar(255) COLLATE utf8mb4_unicode_ci NOT NULL,
  `created_at` timestamp NULL DEFAULT NULL,
  `updated_at` timestamp NULL DEFAULT NULL,
  `deleted_at` timestamp NULL DEFAULT NULL,
  PRIMARY KEY (`id`),
  UNIQUE KEY `matricule` (`matricule`)
) ENGINE=InnoDB AUTO_INCREMENT=14 DEFAULT CHARSET=utf8mb4 COLLATE=utf8mb4_unicode_ci;

-- Dumping data for table sas.employers: ~11 rows (approximately)
/*!40000 ALTER TABLE `employers` DISABLE KEYS */;
INSERT INTO `employers` (`id`, `matricule`, `nom`, `prenom`, `date_naissance`, `sexe`, `formation`, `diplome`, `niveau_etude`, `created_at`, `updated_at`, `deleted_at`) VALUES
	(1, 'P01/2022', 'Abraham', 'Tommy', '2000-01-12', 'M', 'Informatique', 'Licence', 'licence', '2022-08-23 20:49:59', '2023-06-01 11:42:21', NULL),
	(2, 'P02/2022', 'Lokenze', 'Nathalie', '2022-08-24', 'F', 'Aviation', 'licence', 'A0', '2022-08-24 11:28:51', '2022-09-13 05:55:41', NULL),
	(3, 'P03/2022', 'Jean-luc Mulindi', 'Gouver', '2022-04-05', 'M', 'Langue', 'Master', 'Master', '2022-08-27 03:11:47', '2023-04-13 16:56:23', NULL),
	(4, 'P04/2022', 'Tanya Molisho', 'Nickel', '2022-08-10', 'F', 'Mathematique', 'D\'Etat', 'G3', '2022-08-27 03:26:27', '2023-04-12 23:27:38', NULL),
	(5, '000/20221', 'Enseignant', 'Gouver', '2022-08-17', 'M', 'Droit Civile', 'Master', 'MCL', '2022-08-27 03:27:33', '2022-08-27 03:27:40', '2022-08-27 03:27:40'),
	(6, 'P05/2022', 'Muhoza', 'Clayton Zeptoman', '1999-06-12', 'M', 'Informatique', 'Licence', 'Master', '2022-09-13 06:21:07', '2022-09-15 13:17:44', '2022-09-15 13:17:44'),
	(8, 'P06/2022', 'Ndioni Tonobunu', 'Makunn', '2022-11-23', 'M', 'Mathematique', 'Master', 'Master', '2022-11-23 10:37:11', '2022-11-23 10:37:11', NULL),
	(9, 'P07/2023', 'Ingabire', 'Christa', '2001-05-12', 'F', 'Comptabilité', 'Licence', 'L1', '2023-04-12 23:48:13', '2023-04-12 23:48:13', NULL),
	(10, 'P08/2023', 'Kak Kakisingi', 'Charly', '1995-02-01', 'M', 'Informatique', 'Licence', 'L2', '2023-05-30 13:15:22', '2023-05-30 13:15:22', NULL),
	(11, 'P09/2023', 'Bakanyize', 'Honoré', '1960-06-02', 'M', 'Aucune', 'Aucun', 'Aucun', '2023-06-02 12:59:28', '2023-06-02 12:59:28', NULL),
	(12, 'P010/2023', 'Lucien', 'Abudu', '1989-06-23', 'M', 'Geographie', 'Licence', 'L2', '2023-06-15 19:58:40', '2023-06-15 19:58:40', NULL),
	(13, 'P011/2023', 'Nzisabira', 'Diomede', '2023-07-13', 'M', 'Informatique', 'Licence', 'L2', '2023-07-02 21:07:48', '2023-07-02 21:07:48', NULL);
/*!40000 ALTER TABLE `employers` ENABLE KEYS */;

-- Dumping structure for table sas.employer_fonction
CREATE TABLE IF NOT EXISTS `employer_fonction` (
  `id` bigint(20) unsigned NOT NULL AUTO_INCREMENT,
  `employer_id` bigint(20) unsigned NOT NULL,
  `fonction_id` bigint(20) unsigned NOT NULL,
  `created_at` timestamp NULL DEFAULT NULL,
  `updated_at` timestamp NULL DEFAULT NULL,
  PRIMARY KEY (`id`),
  KEY `table_employer_fonction_employer_id_foreign` (`employer_id`),
  KEY `table_employer_fonction_fonction_id_foreign` (`fonction_id`),
  CONSTRAINT `table_employer_fonction_employer_id_foreign` FOREIGN KEY (`employer_id`) REFERENCES `employers` (`id`),
  CONSTRAINT `table_employer_fonction_fonction_id_foreign` FOREIGN KEY (`fonction_id`) REFERENCES `fonctions` (`id`)
) ENGINE=InnoDB AUTO_INCREMENT=33 DEFAULT CHARSET=utf8mb4 COLLATE=utf8mb4_unicode_ci;

-- Dumping data for table sas.employer_fonction: ~11 rows (approximately)
/*!40000 ALTER TABLE `employer_fonction` DISABLE KEYS */;
INSERT INTO `employer_fonction` (`id`, `employer_id`, `fonction_id`, `created_at`, `updated_at`) VALUES
	(5, 5, 1, NULL, NULL),
	(12, 2, 2, NULL, NULL),
	(16, 6, 9, NULL, NULL),
	(17, 8, 2, NULL, NULL),
	(19, 4, 2, NULL, NULL),
	(20, 9, 10, NULL, NULL),
	(21, 3, 11, NULL, NULL),
	(22, 10, 9, NULL, NULL),
	(29, 1, 9, NULL, NULL),
	(30, 11, 8, NULL, NULL),
	(31, 12, 2, NULL, NULL),
	(32, 13, 4, NULL, NULL);
/*!40000 ALTER TABLE `employer_fonction` ENABLE KEYS */;

-- Dumping structure for table sas.encadrements
CREATE TABLE IF NOT EXISTS `encadrements` (
  `id` bigint(20) unsigned NOT NULL AUTO_INCREMENT,
  `user_id` bigint(20) unsigned DEFAULT NULL,
  `annee_scolaire_id` bigint(20) unsigned DEFAULT NULL,
  `classe_id` bigint(20) unsigned DEFAULT NULL,
  `created_at` timestamp NULL DEFAULT NULL,
  `updated_at` timestamp NULL DEFAULT NULL,
  `deleted_at` timestamp NULL DEFAULT NULL,
  PRIMARY KEY (`id`),
  KEY `encadrements_user_id_foreign` (`user_id`),
  KEY `encadrements_classe_id_foreign` (`classe_id`),
  KEY `encadrements_annee_scolaire_id_foreign` (`annee_scolaire_id`),
  CONSTRAINT `encadrements_annee_scolaire_id_foreign` FOREIGN KEY (`annee_scolaire_id`) REFERENCES `annee_scolaires` (`id`),
  CONSTRAINT `encadrements_classe_id_foreign` FOREIGN KEY (`classe_id`) REFERENCES `classes` (`id`),
  CONSTRAINT `encadrements_user_id_foreign` FOREIGN KEY (`user_id`) REFERENCES `users` (`id`)
) ENGINE=InnoDB AUTO_INCREMENT=8 DEFAULT CHARSET=utf8mb4 COLLATE=utf8mb4_unicode_ci;

-- Dumping data for table sas.encadrements: ~6 rows (approximately)
/*!40000 ALTER TABLE `encadrements` DISABLE KEYS */;
INSERT INTO `encadrements` (`id`, `user_id`, `annee_scolaire_id`, `classe_id`, `created_at`, `updated_at`, `deleted_at`) VALUES
	(1, 3, 1, 1, '2023-04-01 13:20:12', '2023-04-01 13:20:13', NULL),
	(2, 4, 1, 2, '2023-04-01 13:20:10', '2023-04-01 13:20:11', NULL),
	(4, 6, 1, 5, '2023-04-03 06:57:59', '2023-04-03 11:03:00', NULL),
	(5, 2, 1, 8, '2023-04-13 18:34:25', '2023-04-13 16:16:00', '2023-04-13 16:16:00'),
	(6, 3, 1, 14, '2023-06-02 13:16:21', '2023-06-02 13:16:21', '2023-06-02 15:43:37'),
	(7, 4, 1, 1, '2023-06-02 13:17:05', '2023-06-02 13:17:05', '2023-06-02 15:43:10');
/*!40000 ALTER TABLE `encadrements` ENABLE KEYS */;

-- Dumping structure for table sas.evaluations
CREATE TABLE IF NOT EXISTS `evaluations` (
  `id` bigint(20) unsigned NOT NULL AUTO_INCREMENT,
  `note_max` int(11) NOT NULL,
  `type_evaluation_id` bigint(20) unsigned DEFAULT NULL,
  `cours_id` bigint(20) unsigned DEFAULT NULL,
  `periode_id` bigint(20) unsigned DEFAULT NULL,
  `date_evaluation` date NOT NULL,
  `created_at` timestamp NULL DEFAULT NULL,
  `updated_at` timestamp NULL DEFAULT NULL,
  `deleted_at` timestamp NULL DEFAULT NULL,
  PRIMARY KEY (`id`),
  KEY `evaluations_type_evaluation_id_foreign` (`type_evaluation_id`),
  KEY `evaluations_cours_id_foreign` (`cours_id`),
  KEY `evaluations_periode_id_foreign` (`periode_id`),
  CONSTRAINT `evaluations_cours_id_foreign` FOREIGN KEY (`cours_id`) REFERENCES `cours` (`id`),
  CONSTRAINT `evaluations_periode_id_foreign` FOREIGN KEY (`periode_id`) REFERENCES `periodes` (`id`),
  CONSTRAINT `evaluations_type_evaluation_id_foreign` FOREIGN KEY (`type_evaluation_id`) REFERENCES `type_evaluations` (`id`)
) ENGINE=InnoDB AUTO_INCREMENT=80 DEFAULT CHARSET=utf8mb4 COLLATE=utf8mb4_unicode_ci;

-- Dumping data for table sas.evaluations: ~63 rows (approximately)
/*!40000 ALTER TABLE `evaluations` DISABLE KEYS */;
INSERT INTO `evaluations` (`id`, `note_max`, `type_evaluation_id`, `cours_id`, `periode_id`, `date_evaluation`, `created_at`, `updated_at`, `deleted_at`) VALUES
	(1, 10, 1, 1, 1, '2022-08-31', '2022-08-31 11:08:40', '2022-08-31 11:08:40', NULL),
	(2, 10, 1, 2, 1, '2022-08-31', '2022-08-31 11:09:38', '2022-08-31 11:09:39', NULL),
	(3, 5, 2, 1, 1, '2022-08-31', '2022-09-01 02:57:10', NULL, NULL),
	(4, 10, 1, 4, 2, '2022-09-01', '2022-09-01 02:56:49', NULL, NULL),
	(5, 10, 2, 3, 2, '2022-09-01', '2022-09-01 02:57:10', NULL, NULL),
	(6, 10, 1, 1, 1, '2022-09-01', '2022-09-02 03:57:08', NULL, NULL),
	(7, 10, 1, 4, 1, '2022-09-02', '2022-09-02 03:56:19', NULL, NULL),
	(8, 10, 2, 3, 1, '2022-09-02', '2022-09-02 03:56:45', NULL, NULL),
	(9, 10, 1, 1, 2, '2022-09-02', '2022-09-02 03:57:06', NULL, NULL),
	(10, 5, 2, 1, 2, '2022-09-02', '2022-09-02 03:57:30', '2022-09-02 03:57:31', NULL),
	(11, 10, 1, 2, 2, '2022-09-02', '2022-09-02 03:59:12', '2022-09-02 03:59:12', NULL),
	(12, 15, 1, 7, 1, '2022-09-03', '2022-09-03 15:29:23', '2022-09-05 10:09:03', '2022-09-05 10:09:03'),
	(13, 10, 2, 1, 6, '2022-09-05', '2022-09-05 10:10:08', '2022-09-05 10:10:24', '2022-09-05 10:10:24'),
	(29, 10, 1, 1, 6, '2022-09-05', '2022-09-05 11:43:08', '2022-09-05 11:43:08', NULL),
	(30, 10, 1, 3, 6, '2022-09-24', '2022-09-05 11:50:34', '2022-09-05 11:50:35', NULL),
	(31, 10, 1, 1, 3, '2022-04-07', '2022-09-07 06:39:17', '2022-09-07 06:39:17', NULL),
	(32, 10, 1, 3, 3, '2022-04-08', '2022-09-07 06:39:43', '2022-09-07 06:39:43', NULL),
	(33, 10, 2, 2, 3, '2022-04-09', '2022-09-07 06:40:01', '2022-09-07 06:40:01', NULL),
	(34, 10, 1, 4, 3, '2022-04-12', '2022-09-07 06:40:22', '2022-09-07 06:40:22', NULL),
	(35, 5, 2, 1, 4, '2022-05-09', '2022-09-07 06:41:03', '2022-09-07 06:41:03', NULL),
	(36, 15, 1, 1, 4, '2022-05-19', '2022-09-07 06:41:27', '2022-09-07 06:41:27', NULL),
	(37, 10, 2, 3, 4, '2022-06-12', '2022-09-07 06:41:46', '2022-09-07 06:41:46', NULL),
	(38, 10, 1, 2, 4, '2022-06-14', '2022-09-07 06:42:02', '2022-09-07 06:42:02', NULL),
	(39, 10, 1, 4, 4, '2022-06-30', '2022-09-07 06:42:20', '2022-09-07 06:42:20', NULL),
	(40, 10, 1, 1, 5, '2022-07-10', '2022-09-07 06:43:08', '2022-09-07 06:43:08', NULL),
	(41, 10, 2, 3, 5, '2022-07-20', '2022-09-07 06:43:24', '2022-09-07 06:43:24', NULL),
	(42, 10, 1, 2, 5, '2022-07-25', '2022-09-07 06:43:43', '2022-09-07 06:43:43', NULL),
	(43, 20, 1, 4, 5, '2022-07-30', '2022-09-07 06:44:09', '2022-09-07 06:44:09', NULL),
	(44, 20, 1, 2, 6, '2022-09-25', '2022-09-07 06:45:34', '2022-09-07 06:45:34', NULL),
	(45, 20, 1, 6, 6, '2022-09-30', '2022-09-07 06:46:07', '2022-09-07 06:52:36', NULL),
	(46, 10, 1, 4, 6, '2022-09-23', '2022-09-07 06:52:58', '2022-09-07 06:52:58', NULL),
	(47, 10, 1, 6, 1, '2022-01-29', '2022-09-07 20:10:03', '2022-09-07 20:10:03', NULL),
	(48, 10, 1, 6, 2, '2022-02-18', '2022-09-07 20:10:26', '2022-09-07 20:10:26', NULL),
	(49, 10, 1, 6, 3, '2022-03-26', '2022-09-07 20:10:51', '2022-09-07 20:10:51', NULL),
	(50, 10, 1, 6, 4, '2022-05-08', '2022-09-07 20:11:14', '2022-09-07 20:11:14', NULL),
	(51, 10, 1, 6, 5, '2022-06-09', '2022-09-07 20:11:42', '2022-09-07 20:11:42', NULL),
	(52, 10, 1, 6, 6, '2022-08-16', '2022-09-07 20:12:03', '2022-09-07 20:12:14', NULL),
	(53, 30, 1, 1, 6, '2022-09-15', '2022-09-15 13:39:11', '2022-09-15 13:39:11', NULL),
	(54, 10, 1, 1, 1, '2022-01-06', '2022-10-25 15:00:18', '2022-10-25 15:00:18', NULL),
	(55, 10, 2, 1, 2, '2022-11-20', '2022-11-19 21:58:13', '2022-11-19 21:58:13', NULL),
	(56, 40, 2, 1, 3, '2023-02-05', '2023-02-04 12:23:04', '2023-02-04 12:23:04', NULL),
	(57, 20, 1, 2, 6, '2023-04-13', '2023-04-13 12:52:46', '2023-04-13 13:28:41', '2023-04-13 13:28:41'),
	(58, 20, 1, 6, 6, '2023-04-13', '2023-04-13 12:54:25', '2023-04-13 13:28:35', '2023-04-13 13:28:35'),
	(59, 20, 1, 6, 6, '2023-04-13', '2023-04-13 12:54:57', '2023-04-13 13:28:46', '2023-04-13 13:28:46'),
	(60, 20, 1, 6, 6, '2023-04-13', '2023-04-13 12:55:51', '2023-04-13 13:28:49', '2023-04-13 13:28:49'),
	(61, 20, 1, 6, 6, '2023-04-13', '2023-04-13 12:56:02', '2023-04-13 13:28:53', '2023-04-13 13:28:53'),
	(62, 20, 1, 2, 6, '2023-04-13', '2023-04-13 12:58:59', '2023-04-13 13:02:34', '2023-04-13 13:02:34'),
	(63, 20, 1, 2, 6, '2023-04-13', '2023-04-13 13:00:29', '2023-04-13 13:29:02', '2023-04-13 13:29:02'),
	(64, 20, 1, 2, 6, '2023-04-13', '2023-04-13 13:01:02', '2023-04-13 13:29:09', '2023-04-13 13:29:09'),
	(65, 20, 1, 2, 6, '2023-04-13', '2023-04-13 13:01:58', '2023-04-13 13:29:14', '2023-04-13 13:29:14'),
	(66, 20, 1, 1, 1, '2023-04-13', '2023-04-13 13:07:28', '2023-04-13 13:29:54', '2023-04-13 13:29:54'),
	(67, 20, 1, 2, 6, '2023-04-13', '2023-04-13 13:12:52', '2023-04-13 13:12:52', NULL),
	(68, 20, 1, 1, 6, '2023-04-13', '2023-04-13 13:17:41', '2023-04-13 13:17:41', NULL),
	(69, 10, 2, 6, 6, '2023-04-13', '2023-04-13 14:14:03', '2023-04-13 14:14:03', NULL),
	(70, 20, 1, 4, 6, '2023-04-13', '2023-04-13 14:14:35', '2023-04-13 14:14:35', NULL),
	(71, 4, 1, 9, 1, '2022-11-13', '2023-04-13 14:48:24', '2023-04-13 14:48:24', NULL),
	(72, 10, 1, 9, 2, '2022-11-05', '2023-04-13 15:04:00', '2023-04-13 15:04:00', NULL),
	(74, 20, 2, 8, 1, '2022-11-12', '2023-04-13 21:30:52', '2023-04-13 21:30:53', NULL),
	(75, 20, 1, 9, 3, '2023-04-14', '2023-04-13 21:50:14', '2023-04-13 21:50:15', NULL),
	(76, 15, 1, 9, 4, '2022-12-25', '2023-04-13 21:50:45', '2023-04-13 21:50:45', NULL),
	(77, 40, 2, 9, 5, '2023-06-08', '2023-04-13 21:51:09', '2023-04-13 21:51:09', NULL),
	(78, 20, 1, 9, 6, '2023-04-12', '2023-04-13 21:51:27', '2023-04-13 21:51:27', NULL),
	(79, 20, 1, 1, 6, '2023-05-04', '2023-05-04 09:26:03', '2023-07-02 22:54:53', NULL);
/*!40000 ALTER TABLE `evaluations` ENABLE KEYS */;

-- Dumping structure for table sas.examens
CREATE TABLE IF NOT EXISTS `examens` (
  `id` bigint(20) unsigned NOT NULL AUTO_INCREMENT,
  `note_max` int(11) NOT NULL,
  `cours_id` bigint(20) unsigned DEFAULT NULL,
  `trimestre_id` bigint(20) unsigned DEFAULT NULL,
  `date_examen` date NOT NULL,
  `created_at` timestamp NULL DEFAULT NULL,
  `updated_at` timestamp NULL DEFAULT NULL,
  `deleted_at` timestamp NULL DEFAULT NULL,
  PRIMARY KEY (`id`),
  KEY `examens_cours_id_foreign` (`cours_id`),
  KEY `examens_trimestre_id_foreign` (`trimestre_id`),
  CONSTRAINT `examens_cours_id_foreign` FOREIGN KEY (`cours_id`) REFERENCES `cours` (`id`),
  CONSTRAINT `examens_trimestre_id_foreign` FOREIGN KEY (`trimestre_id`) REFERENCES `trimestres` (`id`)
) ENGINE=InnoDB AUTO_INCREMENT=23 DEFAULT CHARSET=utf8mb4 COLLATE=utf8mb4_unicode_ci;

-- Dumping data for table sas.examens: ~19 rows (approximately)
/*!40000 ALTER TABLE `examens` DISABLE KEYS */;
INSERT INTO `examens` (`id`, `note_max`, `cours_id`, `trimestre_id`, `date_examen`, `created_at`, `updated_at`, `deleted_at`) VALUES
	(1, 80, 1, 1, '2022-09-02', '2022-09-02 02:46:52', '2022-09-02 02:46:55', NULL),
	(2, 40, 2, 1, '2022-09-02', '2022-09-02 02:47:11', '2022-09-02 02:47:37', NULL),
	(3, 40, 3, 1, '2022-09-02', '2022-09-02 02:47:25', '2022-09-02 02:47:26', NULL),
	(4, 40, 4, 1, '2022-09-02', '2022-09-02 02:48:01', '2022-09-06 06:40:12', NULL),
	(8, 80, 1, 3, '2022-09-05', '2022-09-05 12:37:09', '2022-09-05 13:42:52', NULL),
	(9, 40, 2, 3, '2022-09-06', '2022-09-06 06:38:55', '2022-09-06 06:42:53', NULL),
	(10, 40, 3, 3, '2022-09-06', '2022-09-06 06:42:22', '2022-09-06 06:42:22', NULL),
	(11, 40, 4, 3, '2022-09-06', '2022-09-06 06:42:44', '2022-09-06 06:42:44', NULL),
	(12, 80, 1, 2, '2022-05-11', '2022-09-06 06:43:23', '2022-09-06 06:43:23', NULL),
	(13, 40, 2, 2, '2022-05-12', '2022-09-06 06:43:41', '2022-09-06 06:43:41', NULL),
	(14, 40, 4, 2, '2022-05-13', '2022-09-06 06:43:54', '2022-09-06 06:43:54', NULL),
	(15, 40, 3, 2, '2022-05-14', '2022-09-06 06:44:46', '2022-09-06 06:44:46', NULL),
	(16, 40, 6, 1, '2022-03-09', '2022-09-07 20:24:12', '2022-09-07 20:25:54', NULL),
	(17, 40, 6, 2, '2022-04-08', '2022-09-07 20:24:26', '2022-09-07 20:26:04', NULL),
	(18, 40, 6, 3, '2022-08-08', '2022-09-07 20:24:40', '2022-09-07 20:26:13', NULL),
	(19, 80, 2, 3, '2023-04-13', '2023-04-13 13:31:52', '2023-04-23 23:06:24', '2023-04-23 23:06:24'),
	(20, 20, 9, 1, '2022-12-15', '2023-04-13 15:05:26', '2023-04-13 15:05:26', NULL),
	(21, 40, 9, 2, '2023-04-15', '2023-04-13 21:51:58', '2023-04-13 21:51:58', NULL),
	(22, 20, 9, 3, '2023-04-13', '2023-04-13 21:52:17', '2023-04-13 21:52:17', NULL);
/*!40000 ALTER TABLE `examens` ENABLE KEYS */;

-- Dumping structure for table sas.failed_jobs
CREATE TABLE IF NOT EXISTS `failed_jobs` (
  `id` bigint(20) unsigned NOT NULL AUTO_INCREMENT,
  `uuid` varchar(255) COLLATE utf8mb4_unicode_ci NOT NULL,
  `connection` text COLLATE utf8mb4_unicode_ci NOT NULL,
  `queue` text COLLATE utf8mb4_unicode_ci NOT NULL,
  `payload` longtext COLLATE utf8mb4_unicode_ci NOT NULL,
  `exception` longtext COLLATE utf8mb4_unicode_ci NOT NULL,
  `failed_at` timestamp NOT NULL DEFAULT CURRENT_TIMESTAMP,
  PRIMARY KEY (`id`),
  UNIQUE KEY `failed_jobs_uuid_unique` (`uuid`)
) ENGINE=InnoDB DEFAULT CHARSET=utf8mb4 COLLATE=utf8mb4_unicode_ci;

-- Dumping data for table sas.failed_jobs: ~0 rows (approximately)
/*!40000 ALTER TABLE `failed_jobs` DISABLE KEYS */;
/*!40000 ALTER TABLE `failed_jobs` ENABLE KEYS */;

-- Dumping structure for table sas.fonctions
CREATE TABLE IF NOT EXISTS `fonctions` (
  `id` bigint(20) unsigned NOT NULL AUTO_INCREMENT,
  `nom` varchar(255) COLLATE utf8mb4_unicode_ci NOT NULL,
  `created_at` timestamp NULL DEFAULT NULL,
  `updated_at` timestamp NULL DEFAULT NULL,
  `deleted_at` timestamp NULL DEFAULT NULL,
  PRIMARY KEY (`id`)
) ENGINE=InnoDB AUTO_INCREMENT=12 DEFAULT CHARSET=utf8mb4 COLLATE=utf8mb4_unicode_ci;

-- Dumping data for table sas.fonctions: ~11 rows (approximately)
/*!40000 ALTER TABLE `fonctions` DISABLE KEYS */;
INSERT INTO `fonctions` (`id`, `nom`, `created_at`, `updated_at`, `deleted_at`) VALUES
	(1, 'admin', '2022-08-23 20:48:42', '2023-05-30 13:12:17', '2023-05-30 13:12:17'),
	(2, 'Enseignant', '2022-08-24 15:04:55', '2022-08-24 15:04:56', NULL),
	(3, 'Directeur de Discipline', '2022-08-26 10:19:10', '2023-04-12 23:11:54', '2023-04-12 23:11:54'),
	(4, 'Proviseur', '2022-08-26 10:20:36', '2022-09-03 09:38:57', NULL),
	(5, 'Prefet', '2022-08-26 10:21:09', '2023-05-30 13:10:34', '2023-05-30 13:10:34'),
	(6, 'Zamu', '2022-08-27 00:42:35', '2022-08-27 00:59:34', '2022-08-27 00:59:34'),
	(7, 'Ingenieure de son', '2022-08-27 01:00:11', '2022-08-27 01:00:15', '2022-08-27 01:00:15'),
	(8, 'Ouvrier', '2022-09-11 12:43:28', '2022-09-11 12:43:28', NULL),
	(9, 'Informaticien', '2022-09-13 06:19:48', '2022-09-13 06:19:48', NULL),
	(10, 'Secretaire', '2023-04-12 23:12:11', '2023-04-12 23:12:11', NULL),
	(11, 'Directeur', '2023-04-13 16:54:32', '2023-04-13 16:54:32', NULL);
/*!40000 ALTER TABLE `fonctions` ENABLE KEYS */;

-- Dumping structure for table sas.frais
CREATE TABLE IF NOT EXISTS `frais` (
  `id` bigint(20) unsigned NOT NULL AUTO_INCREMENT,
  `nom` varchar(255) COLLATE utf8mb4_unicode_ci NOT NULL,
  `montant` int(11) NOT NULL,
  `niveau_id` bigint(20) unsigned DEFAULT NULL,
  `type_frais_id` bigint(20) unsigned DEFAULT NULL,
  `mode_paiement_id` bigint(20) unsigned DEFAULT NULL,
  `created_at` timestamp NULL DEFAULT NULL,
  `updated_at` timestamp NULL DEFAULT NULL,
  `deleted_at` timestamp NULL DEFAULT NULL,
  PRIMARY KEY (`id`),
  KEY `frais_niveau_id_foreign` (`niveau_id`),
  KEY `frais_type_frais_id_foreign` (`type_frais_id`),
  KEY `frais_mode_paiement_id_foreign` (`mode_paiement_id`),
  CONSTRAINT `frais_mode_paiement_id_foreign` FOREIGN KEY (`mode_paiement_id`) REFERENCES `mode_paiements` (`id`),
  CONSTRAINT `frais_niveau_id_foreign` FOREIGN KEY (`niveau_id`) REFERENCES `niveaux` (`id`),
  CONSTRAINT `frais_type_frais_id_foreign` FOREIGN KEY (`type_frais_id`) REFERENCES `type_frais` (`id`)
) ENGINE=InnoDB AUTO_INCREMENT=29 DEFAULT CHARSET=utf8mb4 COLLATE=utf8mb4_unicode_ci;

-- Dumping data for table sas.frais: ~27 rows (approximately)
/*!40000 ALTER TABLE `frais` DISABLE KEYS */;
INSERT INTO `frais` (`id`, `nom`, `montant`, `niveau_id`, `type_frais_id`, `mode_paiement_id`, `created_at`, `updated_at`, `deleted_at`) VALUES
	(2, 'Prime Scolaire', 240, 1, 1, 2, '2023-04-17 14:37:03', '2023-04-17 14:37:03', NULL),
	(3, 'Prime Scolaire', 240, 2, 1, 2, '2023-04-17 14:37:03', '2023-04-17 14:37:03', NULL),
	(4, 'Prime Scolaire', 240, 3, 1, 2, '2023-04-17 14:37:03', '2023-04-17 14:37:03', NULL),
	(5, 'Prime Scolaire', 240, 4, 1, 2, '2023-04-17 14:37:03', '2023-04-17 14:37:03', NULL),
	(6, 'Prime Scolaire', 240, 5, 1, 2, '2023-04-17 14:37:03', '2023-04-17 14:37:03', NULL),
	(7, 'Prime Scolaire', 240, 6, 1, 2, '2023-04-17 14:37:03', '2023-04-17 14:37:03', NULL),
	(8, 'Prime Scolaire', 240, 7, 1, 2, '2023-04-17 14:37:03', '2023-04-17 14:37:03', NULL),
	(9, 'Prime Scolaire', 240, 8, 1, 2, '2023-04-17 14:37:03', '2023-04-17 14:37:03', NULL),
	(10, 'Prime Scolaire', 240, 9, 1, 2, '2023-04-17 14:37:03', '2023-04-17 14:37:04', NULL),
	(11, 'Frais Divers', 10000, 1, 2, 1, '2023-04-18 22:13:04', '2023-04-18 22:13:04', NULL),
	(12, 'Frais Divers', 10000, 2, 2, 1, '2023-04-18 22:13:04', '2023-04-18 22:13:04', NULL),
	(13, 'Frais Divers', 10000, 3, 2, 1, '2023-04-18 22:13:04', '2023-04-18 22:13:05', NULL),
	(14, 'Frais Divers', 10000, 4, 2, 1, '2023-04-18 22:13:05', '2023-04-18 22:13:05', NULL),
	(15, 'Frais Divers', 10000, 5, 2, 1, '2023-04-18 22:13:05', '2023-04-18 22:13:05', NULL),
	(16, 'Frais Divers', 10000, 6, 2, 1, '2023-04-18 22:13:05', '2023-04-18 22:13:05', NULL),
	(17, 'Frais Divers', 10000, 7, 2, 1, '2023-04-18 22:13:05', '2023-04-18 22:13:05', NULL),
	(18, 'Frais Divers', 10000, 8, 2, 1, '2023-04-18 22:13:05', '2023-04-18 22:13:05', NULL),
	(19, 'Frais Divers', 10000, 9, 2, 1, '2023-04-18 22:13:05', '2023-04-18 22:13:05', NULL),
	(20, 'FRAIS D\'INSCRIPTION', 10, 1, 1, 1, '2023-06-14 08:36:13', '2023-06-14 08:36:13', NULL),
	(21, 'FRAIS D\'INSCRIPTION', 10, 2, 1, 1, '2023-06-14 08:36:13', '2023-06-14 08:36:13', NULL),
	(22, 'FRAIS D\'INSCRIPTION', 10, 3, 1, 1, '2023-06-14 08:36:13', '2023-06-14 08:36:13', NULL),
	(23, 'FRAIS D\'INSCRIPTION', 10, 4, 1, 1, '2023-06-14 08:36:13', '2023-06-14 08:36:13', NULL),
	(24, 'FRAIS D\'INSCRIPTION', 10, 5, 1, 1, '2023-06-14 08:36:13', '2023-06-14 08:36:13', NULL),
	(25, 'FRAIS D\'INSCRIPTION', 10, 6, 1, 1, '2023-06-14 08:36:13', '2023-06-14 08:36:13', NULL),
	(26, 'FRAIS D\'INSCRIPTION', 10, 7, 1, 1, '2023-06-14 08:36:13', '2023-06-14 08:36:13', NULL),
	(27, 'FRAIS D\'INSCRIPTION', 10, 8, 1, 1, '2023-06-14 08:36:13', '2023-06-14 08:36:13', NULL),
	(28, 'FRAIS D\'INSCRIPTION', 10, 9, 1, 1, '2023-06-14 08:36:13', '2023-06-14 08:36:13', NULL);
/*!40000 ALTER TABLE `frais` ENABLE KEYS */;

-- Dumping structure for table sas.frequentations
CREATE TABLE IF NOT EXISTS `frequentations` (
  `id` bigint(20) unsigned NOT NULL AUTO_INCREMENT,
  `eleve_id` bigint(20) unsigned DEFAULT NULL,
  `classe_id` bigint(20) unsigned DEFAULT NULL,
  `annee_scolaire_id` bigint(20) unsigned DEFAULT NULL,
  `created_at` timestamp NULL DEFAULT NULL,
  `updated_at` timestamp NULL DEFAULT NULL,
  `deleted_at` timestamp NULL DEFAULT NULL,
  PRIMARY KEY (`id`),
  KEY `frequentations_eleve_id_foreign` (`eleve_id`),
  KEY `frequentations_classe_id_foreign` (`classe_id`),
  KEY `frequentations_annee_scolaire_id_foreign` (`annee_scolaire_id`),
  CONSTRAINT `frequentations_annee_scolaire_id_foreign` FOREIGN KEY (`annee_scolaire_id`) REFERENCES `annee_scolaires` (`id`),
  CONSTRAINT `frequentations_classe_id_foreign` FOREIGN KEY (`classe_id`) REFERENCES `classes` (`id`),
  CONSTRAINT `frequentations_eleve_id_foreign` FOREIGN KEY (`eleve_id`) REFERENCES `eleves` (`id`)
) ENGINE=InnoDB AUTO_INCREMENT=40 DEFAULT CHARSET=utf8mb4 COLLATE=utf8mb4_unicode_ci;

-- Dumping data for table sas.frequentations: ~32 rows (approximately)
/*!40000 ALTER TABLE `frequentations` DISABLE KEYS */;
INSERT INTO `frequentations` (`id`, `eleve_id`, `classe_id`, `annee_scolaire_id`, `created_at`, `updated_at`, `deleted_at`) VALUES
	(1, 1, 1, 1, '2022-08-28 22:01:16', '2022-08-28 22:01:16', NULL),
	(2, 2, 1, 1, '2022-08-28 22:01:35', '2022-08-28 22:01:35', NULL),
	(3, 3, 1, 1, '2022-08-28 22:01:45', '2022-08-28 22:01:45', NULL),
	(4, 4, 1, 1, '2022-08-28 22:01:57', '2022-08-28 22:01:57', NULL),
	(5, 5, 1, 1, '2022-08-28 22:02:04', '2022-08-28 22:02:04', NULL),
	(6, 6, 1, 1, '2022-08-28 22:02:22', '2022-08-28 22:02:26', NULL),
	(7, 7, 1, 1, '2022-08-28 22:02:48', '2022-08-28 22:02:49', NULL),
	(8, 8, 1, 1, '2022-08-28 22:02:57', '2022-08-28 22:02:57', NULL),
	(9, 9, 1, 1, '2022-08-28 22:03:04', '2022-08-28 22:03:05', NULL),
	(10, 10, 1, 1, '2022-08-28 22:03:12', '2022-08-28 22:03:12', NULL),
	(13, 22, 1, 1, '2022-08-29 00:33:16', '2022-08-29 00:33:16', NULL),
	(14, 17, 1, 1, '2022-08-29 18:50:43', '2022-08-29 18:50:45', NULL),
	(15, 23, 1, 1, '2022-08-31 08:51:13', '2022-08-31 08:51:13', NULL),
	(18, 21, 1, 1, '2022-09-03 15:17:09', '2022-09-03 15:40:10', NULL),
	(19, 20, 8, 1, '2022-09-03 15:41:16', '2022-09-03 15:41:16', NULL),
	(20, 24, 2, 1, '2022-09-09 15:02:01', '2022-09-09 15:02:01', NULL),
	(21, 25, 1, 1, '2022-09-15 13:15:34', '2022-09-15 13:15:34', NULL),
	(22, 27, 5, 3, '2022-11-19 10:22:58', '2022-11-21 05:44:54', NULL),
	(23, 27, 1, 1, '2022-11-21 05:44:24', '2022-11-21 05:44:24', NULL),
	(24, 28, 8, 1, '2023-02-03 14:04:22', '2023-02-03 14:04:22', NULL),
	(25, 29, 9, 1, '2023-02-03 14:07:11', '2023-02-03 14:07:11', NULL),
	(26, 30, 10, 1, '2023-04-02 09:50:38', '2023-04-02 09:50:38', NULL),
	(27, 31, 1, 1, '2023-04-12 22:40:07', '2023-04-12 22:40:07', NULL),
	(28, 32, 5, 1, '2023-04-13 12:29:55', '2023-04-13 12:29:55', NULL),
	(29, 33, 5, 1, '2023-04-13 21:47:46', '2023-04-13 21:47:46', NULL),
	(30, 34, 1, 1, '2023-04-13 21:55:53', '2023-04-13 21:55:53', NULL),
	(31, 15, 8, 1, '2023-04-14 13:14:34', '2023-04-14 13:14:34', NULL),
	(32, 21, 5, 3, '2023-04-18 22:57:06', '2023-05-09 17:23:51', '2023-05-09 17:23:51'),
	(33, 21, 2, 2, '2023-05-09 16:01:42', '2023-05-09 16:01:42', NULL),
	(34, 21, 8, 4, '2023-05-09 17:25:28', '2023-05-09 17:25:28', NULL),
	(35, 35, 8, 1, '2023-06-05 13:18:21', '2023-06-05 13:18:21', NULL),
	(36, 36, 4, 1, '2023-06-06 11:45:45', '2023-06-06 11:45:45', NULL),
	(39, 22, 2, 2, '2023-07-02 22:50:29', '2023-07-02 22:50:29', NULL);
/*!40000 ALTER TABLE `frequentations` ENABLE KEYS */;

-- Dumping structure for table sas.logfiles
CREATE TABLE IF NOT EXISTS `logfiles` (
  `id` bigint(20) unsigned NOT NULL AUTO_INCREMENT,
  `table_name` varchar(255) COLLATE utf8mb4_unicode_ci NOT NULL,
  `item_id` varchar(255) COLLATE utf8mb4_unicode_ci NOT NULL,
  `event` varchar(255) COLLATE utf8mb4_unicode_ci NOT NULL,
  `done_by` bigint(20) NOT NULL,
  `deleted_at` timestamp NULL DEFAULT NULL,
  `created_at` timestamp NULL DEFAULT NULL,
  `updated_at` timestamp NULL DEFAULT NULL,
  PRIMARY KEY (`id`)
) ENGINE=InnoDB AUTO_INCREMENT=43 DEFAULT CHARSET=utf8mb4 COLLATE=utf8mb4_unicode_ci;

-- Dumping data for table sas.logfiles: ~4 rows (approximately)
/*!40000 ALTER TABLE `logfiles` DISABLE KEYS */;
INSERT INTO `logfiles` (`id`, `table_name`, `item_id`, `event`, `done_by`, `deleted_at`, `created_at`, `updated_at`) VALUES
	(1, 'cours', '1', 'Creation', 2, NULL, '2023-06-28 22:00:55', '2023-06-28 22:00:55'),
	(2, 'eleves', '21', 'Modification', 2, NULL, '2023-06-28 22:00:55', '2023-06-28 22:00:55'),
	(3, 'evaluations', '45', 'Suppression', 2, NULL, '2023-06-28 22:00:55', '2023-06-28 22:00:55'),
	(4, 'annee_scolaires', '5', 'Creation', 2, NULL, '2023-06-28 22:37:35', '2023-06-28 22:37:35'),
	(18, 'eleves', '36', 'Modification', 9, NULL, '2023-06-29 17:49:59', '2023-06-29 17:49:59'),
	(19, 'paiement_frais', '11', 'Creation', 9, NULL, '2023-06-29 17:57:55', '2023-06-29 17:57:55'),
	(20, 'paiement_frais', '12', 'Creation', 9, NULL, '2023-06-29 18:00:13', '2023-06-29 18:00:13'),
	(21, 'paiement_frais', '13', 'Creation', 9, NULL, '2023-06-29 18:09:57', '2023-06-29 18:09:57'),
	(22, 'users', '16', 'Modification', 9, NULL, '2023-06-29 18:10:18', '2023-06-29 18:10:18'),
	(23, 'users', '16', 'Modification', 9, NULL, '2023-06-29 18:10:20', '2023-06-29 18:10:20'),
	(24, 'users', '8', 'Modification', 9, NULL, '2023-06-29 18:10:24', '2023-06-29 18:10:24'),
	(25, 'users', '8', 'Modification', 9, NULL, '2023-06-29 18:10:26', '2023-06-29 18:10:26'),
	(26, 'messages', '14', 'Creation', 5, NULL, '2023-06-29 19:00:47', '2023-06-29 19:00:47'),
	(27, 'users', '16', 'Modification', 9, NULL, '2023-06-30 07:55:46', '2023-06-30 07:55:46'),
	(28, 'parrains', '6', 'Suppression', 9, NULL, '2023-06-30 07:55:47', '2023-06-30 07:55:47'),
	(29, 'parrains', '6', 'Restoration', 2, NULL, '2023-06-30 12:53:05', '2023-06-30 12:53:05'),
	(30, 'evaluations', '45', 'Restoration', 2, NULL, '2023-06-30 12:54:57', '2023-06-30 12:54:57'),
	(31, 'users', '17', 'Creation', 5, NULL, '2023-07-02 20:45:59', '2023-07-02 20:45:59'),
	(32, 'users', '18', 'Creation', 5, NULL, '2023-07-02 20:48:30', '2023-07-02 20:48:30'),
	(33, 'users', '19', 'Creation', 5, NULL, '2023-07-02 20:49:26', '2023-07-02 20:49:26'),
	(34, 'employers', '13', 'Creation', 5, NULL, '2023-07-02 21:07:48', '2023-07-02 21:07:48'),
	(35, 'frequentations', '37', 'Creation', 9, NULL, '2023-07-02 22:40:01', '2023-07-02 22:40:01'),
	(36, 'resultats', '33', 'Creation', 9, NULL, '2023-07-02 22:40:02', '2023-07-02 22:40:02'),
	(37, 'frequentations', '38', 'Creation', 9, NULL, '2023-07-02 22:44:59', '2023-07-02 22:44:59'),
	(38, 'resultats', '34', 'Creation', 9, NULL, '2023-07-02 22:44:59', '2023-07-02 22:44:59'),
	(39, 'frequentations', '39', 'Creation', 9, NULL, '2023-07-02 22:50:29', '2023-07-02 22:50:29'),
	(40, 'resultats', '35', 'Creation', 9, NULL, '2023-07-02 22:50:29', '2023-07-02 22:50:29'),
	(41, 'evaluations', '79', 'Suppression', 3, NULL, '2023-07-02 22:54:53', '2023-07-02 22:54:53'),
	(42, 'evaluations', '79', 'Restoration', 2, NULL, '2023-07-02 22:55:05', '2023-07-02 22:55:05');
/*!40000 ALTER TABLE `logfiles` ENABLE KEYS */;

-- Dumping structure for table sas.messages
CREATE TABLE IF NOT EXISTS `messages` (
  `id` bigint(20) unsigned NOT NULL AUTO_INCREMENT,
  `objet` varchar(255) COLLATE utf8mb4_unicode_ci NOT NULL,
  `contenu` text COLLATE utf8mb4_unicode_ci NOT NULL,
  `expediteur` bigint(20) unsigned NOT NULL,
  `destinateur` bigint(20) unsigned NOT NULL,
  `created_at` timestamp NULL DEFAULT NULL,
  `updated_at` timestamp NULL DEFAULT NULL,
  `read_at` timestamp NULL DEFAULT NULL,
  `deleted_at` timestamp NULL DEFAULT NULL,
  PRIMARY KEY (`id`),
  KEY `messages_expediteur_foreign` (`expediteur`),
  KEY `messages_destinateur_foreign` (`destinateur`),
  CONSTRAINT `messages_destinateur_foreign` FOREIGN KEY (`destinateur`) REFERENCES `users` (`id`),
  CONSTRAINT `messages_expediteur_foreign` FOREIGN KEY (`expediteur`) REFERENCES `users` (`id`)
) ENGINE=InnoDB AUTO_INCREMENT=15 DEFAULT CHARSET=utf8mb4 COLLATE=utf8mb4_unicode_ci;

-- Dumping data for table sas.messages: ~11 rows (approximately)
/*!40000 ALTER TABLE `messages` DISABLE KEYS */;
INSERT INTO `messages` (`id`, `objet`, `contenu`, `expediteur`, `destinateur`, `created_at`, `updated_at`, `read_at`, `deleted_at`) VALUES
	(3, 'Test Message', 'Dui velit libero semper lobortis ante, felis accumsan mi proin, aliquet donec phasellus sem. Malesuada primis nunc hac arcu nam suspendisse per, consequat pulvinar habitasse sociosqu eu posuere tellus id, curae donec sed lacinia tempus lobortis.', 5, 8, '2023-04-16 21:26:34', '2023-04-17 09:44:39', '2023-04-17 09:44:39', NULL),
	(4, 'Test Message', 'Dui velit libero semper lobortis ante, felis accumsan mi proin, aliquet donec phasellus sem. Malesuada primis nunc hac arcu nam suspendisse per, consequat pulvinar habitasse sociosqu eu posuere tellus id, curae donec sed lacinia tempus lobortis.', 5, 10, '2023-04-16 21:26:34', '2023-04-16 21:26:34', NULL, NULL),
	(5, 'Communication Test', 'Lorem ipsum dolor sit amet consectetur adipiscing elit lectus neque dignissim aenean, ultricies magnis tincidunt dictum class tortor sociis senectus congue cum potenti, sollicitudin arcu vel ornare tempor et imperdiet nulla at erat. Porttitor pulvinar mollis torquent facilisis mattis semper arcu id tempor fames, faucibus pellentesque varius mi commodo primis odio enim augue risus, metus potenti parturient montes eu porta nostra fringilla sem.', 8, 5, '2023-04-16 21:42:38', '2023-06-29 18:46:43', '2023-06-29 18:46:43', NULL),
	(6, 'Tuna sema', '<span class="ml-1 duration-300 opacity-100 pointer-events-none ease">Messages</span>\r\n                            <span class="ml-1 duration-300 opacity-100 pointer-events-none ease">10</span>', 5, 8, '2023-04-16 22:16:35', '2023-05-01 15:29:00', '2023-05-01 15:29:00', NULL),
	(7, 'Tuna sema', '<span class="ml-1 duration-300 opacity-100 pointer-events-none ease">Messages</span>\r\n                            <span class="ml-1 duration-300 opacity-100 pointer-events-none ease">10</span>', 5, 10, '2023-04-16 22:16:35', '2023-04-16 22:16:35', NULL, NULL),
	(8, 'Paiement Frais Scolaires', 'Bytes\r\nLists\r\nRich TextHTML\r\nCopy\r\nLorem ipsum dolor sit amet consectetur adipiscing elit netus semper ultricies quisque, eu eros himenaeos odio nullam vel praesent pharetra ante malesuada penatibus, accumsan elementum hac dis arcu platea nec quam aptent luctus. Cubilia litora libero phasellus mollis tempus augue mattis, porttitor dis dignissim lectus nisi nulla hac conubia, nullam aliquam tortor faucibus luctus facilisis. Laoreet donec erat taciti ad mollis, aenean fermentum nostra. Enim at natoque parturient nisl velit vehicula curae suspendisse tempus, himenaeos vulputate gravida nam egestas euismod lacus nostra aptent, in eu luctus convallis vestibulum sapien netus rhoncus', 5, 8, '2023-04-17 09:43:31', '2023-05-01 15:28:57', '2023-05-01 15:28:57', NULL),
	(9, 'Paiement Frais Scolaires', 'Bytes\r\nLists\r\nRich TextHTML\r\nCopy\r\nLorem ipsum dolor sit amet consectetur adipiscing elit netus semper ultricies quisque, eu eros himenaeos odio nullam vel praesent pharetra ante malesuada penatibus, accumsan elementum hac dis arcu platea nec quam aptent luctus. Cubilia litora libero phasellus mollis tempus augue mattis, porttitor dis dignissim lectus nisi nulla hac conubia, nullam aliquam tortor faucibus luctus facilisis. Laoreet donec erat taciti ad mollis, aenean fermentum nostra. Enim at natoque parturient nisl velit vehicula curae suspendisse tempus, himenaeos vulputate gravida nam egestas euismod lacus nostra aptent, in eu luctus convallis vestibulum sapien netus rhoncus', 5, 10, '2023-04-17 09:43:32', '2023-04-17 09:43:32', NULL, NULL),
	(10, 'Demande De Derogation', 'sagittis. Massa rhoncus sed risus primis fames non parturient, molestie scelerisque nullam nibh feugiat convallis, dictum interdum proin malesuada suspendisse sagittis. Ullamcorper', 8, 5, '2023-04-17 11:22:15', '2023-06-29 18:58:00', '2023-06-29 18:58:00', NULL),
	(11, 'Test Up Dates', 'Proin imperdiet tortor ad ridiculus maecenas lacus vehicula montes, venenatis curabitur urna aliquam rhoncus in sociis, condimentum pellentesque primis volutpat dictum dignissim eleifend. Cum sodales hac interdum cursus condimentum pretium risus parturient, quis dictumst curabitur inceptos aptent nascetur mollis mus magnis, mauris varius eget per turpis ut etiam.', 5, 8, '2023-06-02 01:34:02', '2023-06-02 23:02:11', '2023-06-02 23:02:11', NULL),
	(12, 'TEst 200k', 'Nousommes lA', 8, 5, '2023-06-02 23:02:08', '2023-06-30 05:52:19', '2023-06-30 05:52:19', NULL),
	(13, 'retard', 'Lorem ipsum dolor sit amet consectetur adipiscing elit et etiam, cum mollis diam fringilla ante bibendum interdum duis, netus enim luctus convallis sem mattis aliquet habitant. Nascetur senectus rutrum taciti sollicitudin sed aenean ac fusce litora vitae potenti scelerisque, justo nisl fames cubilia enim eget etiam magnis lectus et. Posuere fringilla mollis nulla sapien dignissim diam inceptos cursus, varius egestas netus ac arcu euismod lacus, porttitor taciti dictumst maecenas morbi', 5, 14, '2023-06-05 13:25:37', '2023-06-05 13:25:37', NULL, NULL),
	(14, 'Reponde A votre Messsage du 12121212', 'Ad justo nam cum natoque montes luctus ultrices cursus, mi ultricies praesent proin fusce sem sapien platea, faucibus etiam vel aenean sollicitudin varius convallis. Justo parturient aliquam vel libero sociosqu dictumst dis nullam, nunc facilisis aenean fames semper litora fringilla penatibus ut, vulputate malesuada convallis nisi volutpat laoreet suscipit. Fringilla id cum vivamus neque inceptos nulla ridiculus sodales in, litora fusce nec at posuere purus fames magnis integer, scelerisque tempor cras sapien ad mus mollis magna. Rutrum sed mi facilisi platea aenean accumsan habitasse, gravida lacus elementum ad litora eu euismod, varius aptent dui quis malesuada praesent.', 5, 8, '2023-06-29 19:00:46', '2023-06-29 19:01:27', '2023-06-29 19:01:27', NULL);
/*!40000 ALTER TABLE `messages` ENABLE KEYS */;

-- Dumping structure for table sas.migrations
CREATE TABLE IF NOT EXISTS `migrations` (
  `id` int(10) unsigned NOT NULL AUTO_INCREMENT,
  `migration` varchar(255) COLLATE utf8mb4_unicode_ci NOT NULL,
  `batch` int(11) NOT NULL,
  PRIMARY KEY (`id`)
) ENGINE=InnoDB AUTO_INCREMENT=88 DEFAULT CHARSET=utf8mb4 COLLATE=utf8mb4_unicode_ci;

-- Dumping data for table sas.migrations: ~77 rows (approximately)
/*!40000 ALTER TABLE `migrations` DISABLE KEYS */;
INSERT INTO `migrations` (`id`, `migration`, `batch`) VALUES
	(1, '2013_08_23_182726_create_fonctions_table', 1),
	(2, '2013_08_23_183016_create_employers_table', 1),
	(3, '2013_08_23_185610_create_table_employer_fonction', 1),
	(4, '2014_10_12_000000_create_users_table', 1),
	(5, '2014_10_12_100000_create_password_resets_table', 1),
	(6, '2019_08_19_000000_create_failed_jobs_table', 1),
	(7, '2019_12_14_000001_create_personal_access_tokens_table', 1),
	(8, '2022_08_23_191212_create_classes_table', 1),
	(9, '2022_08_23_191630_create_categorie_cours_table', 1),
	(10, '2022_08_23_191720_create_cours_table', 1),
	(11, '2022_08_23_194802_create_annee_scolaires_table', 1),
	(12, '2022_08_23_194907_create_eleves_table', 1),
	(13, '2022_08_23_195235_create_frequentations_table', 1),
	(14, '2022_08_23_200306_create_trimestres_table', 1),
	(15, '2022_08_23_200340_create_periodes_table', 1),
	(16, '2022_08_23_200341_create_type_evaluations_table', 1),
	(17, '2022_08_23_201355_create_evaluations_table', 1),
	(18, '2022_08_23_201737_create_table_eleve_evaluation', 1),
	(19, '2022_08_23_203051_create_examens_table', 1),
	(20, '2022_08_23_203528_create_table_eleve_examen', 1),
	(21, '2022_08_24_111241_add_column_matricule_on_employer', 2),
	(22, '2022_08_24_111435_add_column_matricule_on_employer', 3),
	(23, '2022_08_25_123813_add_is_current_on_table_annee_scolaire', 4),
	(24, '2022_08_27_023021_add_softdelete_to_table_fonctions', 5),
	(25, '2022_08_27_030641_add_softdelete_to_table_fonctions', 6),
	(26, '2022_08_28_212124_add_softdeletes_to_table_eleves', 7),
	(27, '2022_08_29_015735_add_softdeletes_to_frequentations', 8),
	(28, '2022_08_29_020410_add_softdeletes_to_frequentations', 9),
	(29, '2022_08_29_212546_add_softdeletes_to_annee_scolaire', 10),
	(30, '2022_08_29_212709_add_softdeletes_to_trimestres', 10),
	(31, '2022_08_29_212754_add_softdeletes_to_periodes', 10),
	(32, '2022_08_29_213054_add_softdeletes_to_evaluations', 10),
	(33, '2022_08_29_213136_add_softdeletes_to_type_evaluations', 10),
	(34, '2022_08_29_213206_add_softdeletes_to_examens', 10),
	(35, '2022_08_29_213339_add_softdeletes_to_categorie_cours', 10),
	(36, '2022_08_29_213404_add_softdeletes_to_cours', 10),
	(37, '2022_08_29_213442_add_softdeletes_to_eleve_evaluation', 10),
	(38, '2022_08_29_213520_add_softdeletes_to_eleve_examen', 10),
	(39, '2022_08_29_214039_add_softdeletes_to_classe', 10),
	(40, '2022_08_29_214507_add_softdeletes_to_classe', 11),
	(41, '2022_08_29_214601_add_softdeletes_to_classe', 12),
	(42, '2022_08_29_214742_add_softdeletes_to_annee_scolaire', 13),
	(43, '2022_08_29_214848_add_softdeletes_to_trimestres', 13),
	(44, '2022_08_29_214922_add_softdeletes_to_periodes', 13),
	(45, '2022_08_29_214953_add_softdeletes_to_evaluations', 13),
	(46, '2022_08_29_215017_add_softdeletes_to_type_evaluations', 13),
	(47, '2022_08_29_215039_add_softdeletes_to_examens', 13),
	(48, '2022_08_29_215105_add_softdeletes_to_categorie_cours', 13),
	(49, '2022_08_29_215127_add_softdeletes_to_cours', 13),
	(50, '2022_08_29_215146_add_softdeletes_to_eleve_evaluation', 13),
	(51, '2022_08_29_215211_add_softdeletes_to_eleve_examen', 13),
	(52, '2022_08_30_051752_create_table_classe', 14),
	(53, '2022_08_30_052014_create_table_classe', 15),
	(54, '2022_09_03_091436_update_pivot_table_eleve_evaluation', 16),
	(55, '2022_10_25_214742_add_selected_to_annee_scolaire', 17),
	(57, '2022_11_19_138050_add_sexe_to_table_eleve', 19),
	(58, '2022_11_23_230530_add_soft_deletes_on_table_user', 20),
	(61, '2023_04_01_122818_create_table_encadrement', 21),
	(62, '2023_04_01_122854_create_table_niveau', 21),
	(63, '2023_04_01_123506_add_niveau_id_to_classes', 22),
	(64, '2023_04_07_154345_create_table_conduites', 23),
	(68, '2023_04_07_155226_create_table_eleve_conduite', 24),
	(71, '2023_04_10_134823_create_parent_table', 25),
	(72, '2023_04_10_135244_create_eleve_parent_table', 25),
	(73, '2023_04_11_074121_add_parrain_to_eleves', 26),
	(74, '2023_04_12_095545_add_id_parrain_to_user', 27),
	(75, '2023_04_16_141937_create_resultats_table', 28),
	(76, '2023_04_16_143659_create_type_frais_table', 28),
	(77, '2023_04_16_143741_create_mode_paiements_tables', 28),
	(78, '2023_04_16_143755_create_frais_table', 28),
	(79, '2023_04_16_143817_create_moyen_paiements_table', 28),
	(80, '2023_04_16_143909_create_paiement_frais_table', 28),
	(81, '2023_04_16_143945_create_messages_table', 28),
	(82, '2023_04_18_120107_add_frais_id_to_paiements', 29),
	(83, '2023_04_18_120110_add_date_id_to_paiements', 30),
	(84, '2023_04_18_133329_add_frequentation_id_to_paiements', 31),
	(85, '2023_05_22_012447_add_decisiom_on_resultats', 32),
	(87, '2023_06_28_225525_create_log_files_table', 33);
/*!40000 ALTER TABLE `migrations` ENABLE KEYS */;

-- Dumping structure for table sas.mode_paiements
CREATE TABLE IF NOT EXISTS `mode_paiements` (
  `id` bigint(20) unsigned NOT NULL AUTO_INCREMENT,
  `nom` varchar(255) COLLATE utf8mb4_unicode_ci NOT NULL,
  `created_at` timestamp NULL DEFAULT NULL,
  `updated_at` timestamp NULL DEFAULT NULL,
  `deleted_at` timestamp NULL DEFAULT NULL,
  PRIMARY KEY (`id`)
) ENGINE=InnoDB AUTO_INCREMENT=4 DEFAULT CHARSET=utf8mb4 COLLATE=utf8mb4_unicode_ci;

-- Dumping data for table sas.mode_paiements: ~3 rows (approximately)
/*!40000 ALTER TABLE `mode_paiements` DISABLE KEYS */;
INSERT INTO `mode_paiements` (`id`, `nom`, `created_at`, `updated_at`, `deleted_at`) VALUES
	(1, 'ANNUEL', '2023-04-16 15:47:28', '2023-04-16 15:47:29', NULL),
	(2, 'TRIMESTRIEL', '2023-04-16 15:47:38', '2023-04-16 15:47:39', NULL),
	(3, 'MENSUEL', NULL, NULL, NULL);
/*!40000 ALTER TABLE `mode_paiements` ENABLE KEYS */;

-- Dumping structure for table sas.moyen_paiements
CREATE TABLE IF NOT EXISTS `moyen_paiements` (
  `id` bigint(20) unsigned NOT NULL AUTO_INCREMENT,
  `nom` varchar(255) COLLATE utf8mb4_unicode_ci NOT NULL,
  `created_at` timestamp NULL DEFAULT NULL,
  `updated_at` timestamp NULL DEFAULT NULL,
  `deleted_at` timestamp NULL DEFAULT NULL,
  PRIMARY KEY (`id`)
) ENGINE=InnoDB AUTO_INCREMENT=3 DEFAULT CHARSET=utf8mb4 COLLATE=utf8mb4_unicode_ci;

-- Dumping data for table sas.moyen_paiements: ~2 rows (approximately)
/*!40000 ALTER TABLE `moyen_paiements` DISABLE KEYS */;
INSERT INTO `moyen_paiements` (`id`, `nom`, `created_at`, `updated_at`, `deleted_at`) VALUES
	(1, 'CAISSE', '2023-04-16 15:38:01', '2023-04-16 15:38:01', NULL),
	(2, 'BANQUE', '2023-04-16 15:38:42', '2023-04-16 15:38:43', NULL);
/*!40000 ALTER TABLE `moyen_paiements` ENABLE KEYS */;

-- Dumping structure for table sas.niveaux
CREATE TABLE IF NOT EXISTS `niveaux` (
  `id` bigint(20) unsigned NOT NULL AUTO_INCREMENT,
  `nom` varchar(255) COLLATE utf8mb4_unicode_ci NOT NULL,
  `numerotation` int(11) NOT NULL,
  `created_at` timestamp NULL DEFAULT NULL,
  `updated_at` timestamp NULL DEFAULT NULL,
  `deleted_at` timestamp NULL DEFAULT NULL,
  PRIMARY KEY (`id`)
) ENGINE=InnoDB AUTO_INCREMENT=10 DEFAULT CHARSET=utf8mb4 COLLATE=utf8mb4_unicode_ci;

-- Dumping data for table sas.niveaux: ~9 rows (approximately)
/*!40000 ALTER TABLE `niveaux` DISABLE KEYS */;
INSERT INTO `niveaux` (`id`, `nom`, `numerotation`, `created_at`, `updated_at`, `deleted_at`) VALUES
	(1, 'PREMIERE ANNEE MATERNELLE', 1, '2023-04-01 12:46:08', '2023-04-01 12:46:09', NULL),
	(2, 'DEUXIEME ANNEE MATERNELLE', 2, '2023-04-01 12:46:26', '2023-04-01 12:46:27', NULL),
	(3, 'TROISIEME ANNEE MATERNELLE', 3, '2023-04-01 12:46:48', '2023-04-01 12:46:48', NULL),
	(4, 'PREMIERE ANNEE PRIMAIRE', 1, '2023-04-01 12:47:07', '2023-04-01 12:47:08', NULL),
	(5, 'DEUXIEME ANNEE PRIMAIRE', 2, '2023-04-01 12:47:27', '2023-04-01 12:47:28', NULL),
	(6, 'TROISIEME ANNEE PRIMAIRE', 3, '2023-04-01 13:16:44', '2023-04-01 13:16:44', NULL),
	(7, 'QUATRIEME ANNEE PRIMAIRE', 4, '2023-04-01 13:17:04', '2023-04-01 13:17:05', NULL),
	(8, 'CINQUIME ANNEE PRIMAIRE', 5, '2023-04-01 13:17:20', '2023-04-01 13:17:21', NULL),
	(9, 'SIXIEMEN ANNEE PRIMAIRE', 6, '2023-04-01 13:17:31', '2023-04-01 13:17:31', NULL);
/*!40000 ALTER TABLE `niveaux` ENABLE KEYS */;

-- Dumping structure for table sas.paiement_frais
CREATE TABLE IF NOT EXISTS `paiement_frais` (
  `id` bigint(20) unsigned NOT NULL AUTO_INCREMENT,
  `montant_paye` int(11) NOT NULL,
  `reference` varchar(255) COLLATE utf8mb4_unicode_ci DEFAULT NULL,
  `date` date NOT NULL,
  `frequentation_id` bigint(20) unsigned DEFAULT NULL,
  `moyen_paiement_id` bigint(20) unsigned DEFAULT NULL,
  `frais_id` bigint(20) unsigned DEFAULT NULL,
  `created_at` timestamp NULL DEFAULT NULL,
  `updated_at` timestamp NULL DEFAULT NULL,
  `deleted_at` timestamp NULL DEFAULT NULL,
  PRIMARY KEY (`id`),
  KEY `paiement_frais_moyen_paiement_id_foreign` (`moyen_paiement_id`),
  KEY `paiement_frais_frais_id_foreign` (`frais_id`),
  KEY `paiement_frais_frequentation_id_foreign` (`frequentation_id`),
  CONSTRAINT `paiement_frais_frais_id_foreign` FOREIGN KEY (`frais_id`) REFERENCES `frais` (`id`),
  CONSTRAINT `paiement_frais_frequentation_id_foreign` FOREIGN KEY (`frequentation_id`) REFERENCES `frequentations` (`id`),
  CONSTRAINT `paiement_frais_moyen_paiement_id_foreign` FOREIGN KEY (`moyen_paiement_id`) REFERENCES `moyen_paiements` (`id`)
) ENGINE=InnoDB AUTO_INCREMENT=14 DEFAULT CHARSET=utf8mb4 COLLATE=utf8mb4_unicode_ci;

-- Dumping data for table sas.paiement_frais: ~7 rows (approximately)
/*!40000 ALTER TABLE `paiement_frais` DISABLE KEYS */;
INSERT INTO `paiement_frais` (`id`, `montant_paye`, `reference`, `date`, `frequentation_id`, `moyen_paiement_id`, `frais_id`, `created_at`, `updated_at`, `deleted_at`) VALUES
	(4, 150, 'ref : 120201', '2023-04-18', 18, 2, 6, '2023-04-18 11:35:14', '2023-04-18 11:35:15', NULL),
	(5, 5000, 'ref : 120201', '2023-04-19', 18, 1, 15, '2023-04-18 22:17:30', '2023-04-18 22:17:30', NULL),
	(6, 80, 'ref : 1202058', '2023-04-19', 18, 2, 6, '2023-04-18 23:44:52', '2023-04-18 23:44:52', NULL),
	(7, 4000, '00', '2023-04-19', 18, 1, 15, '2023-04-18 23:45:25', '2023-04-18 23:45:25', NULL),
	(8, 1000, '237 Bank du congo', '2023-04-07', 18, 2, 15, '2023-05-07 14:32:06', '2023-05-07 14:32:06', NULL),
	(9, 10, NULL, '2021-09-02', 18, 1, 24, '2023-06-14 08:38:43', '2023-06-14 08:38:43', NULL),
	(10, 10, NULL, '2023-06-15', 21, 1, 24, '2023-06-15 14:04:22', '2023-06-15 14:04:22', NULL),
	(11, 10, NULL, '2022-09-09', 13, 1, 24, '2023-06-29 17:57:55', '2023-06-29 17:57:55', NULL),
	(12, 200, NULL, '2023-01-29', 13, 1, 6, '2023-06-29 18:00:13', '2023-06-29 18:00:13', NULL),
	(13, 40, NULL, '2023-03-15', 13, 1, 6, '2023-06-29 18:09:57', '2023-06-29 18:09:57', NULL);
/*!40000 ALTER TABLE `paiement_frais` ENABLE KEYS */;

-- Dumping structure for table sas.parrains
CREATE TABLE IF NOT EXISTS `parrains` (
  `id` bigint(20) unsigned NOT NULL AUTO_INCREMENT,
  `nom` varchar(255) COLLATE utf8mb4_unicode_ci NOT NULL,
  `prenom` varchar(255) COLLATE utf8mb4_unicode_ci NOT NULL,
  `sexe` varchar(255) COLLATE utf8mb4_unicode_ci NOT NULL DEFAULT 'M',
  `telephone` varchar(255) COLLATE utf8mb4_unicode_ci NOT NULL,
  `created_at` timestamp NULL DEFAULT NULL,
  `updated_at` timestamp NULL DEFAULT NULL,
  `deleted_at` timestamp NULL DEFAULT NULL,
  PRIMARY KEY (`id`)
) ENGINE=InnoDB AUTO_INCREMENT=7 DEFAULT CHARSET=utf8mb4 COLLATE=utf8mb4_unicode_ci;

-- Dumping data for table sas.parrains: ~4 rows (approximately)
/*!40000 ALTER TABLE `parrains` DISABLE KEYS */;
INSERT INTO `parrains` (`id`, `nom`, `prenom`, `sexe`, `telephone`, `created_at`, `updated_at`, `deleted_at`) VALUES
	(3, 'Mulindi Kabanga', 'Jean Bavon', 'M', '+243971355590', '2023-04-12 08:36:45', '2023-06-01 12:09:49', NULL),
	(4, 'masumbuko muderhwa', 'jean mado', 'M', '+243971355590', '2023-04-13 12:38:00', '2023-06-01 12:03:47', NULL),
	(5, 'lucien', 'assumani', 'M', '+25762427572', '2023-06-05 13:22:28', '2023-06-05 13:22:28', NULL),
	(6, 'Molisho', 'Molisho', 'M', '+243123456789', '2023-06-27 10:17:41', '2023-06-30 07:55:47', NULL);
/*!40000 ALTER TABLE `parrains` ENABLE KEYS */;

-- Dumping structure for table sas.password_resets
CREATE TABLE IF NOT EXISTS `password_resets` (
  `email` varchar(255) COLLATE utf8mb4_unicode_ci NOT NULL,
  `token` varchar(255) COLLATE utf8mb4_unicode_ci NOT NULL,
  `created_at` timestamp NULL DEFAULT NULL,
  KEY `password_resets_email_index` (`email`)
) ENGINE=InnoDB DEFAULT CHARSET=utf8mb4 COLLATE=utf8mb4_unicode_ci;

-- Dumping data for table sas.password_resets: ~0 rows (approximately)
/*!40000 ALTER TABLE `password_resets` DISABLE KEYS */;
/*!40000 ALTER TABLE `password_resets` ENABLE KEYS */;

-- Dumping structure for table sas.periodes
CREATE TABLE IF NOT EXISTS `periodes` (
  `id` bigint(20) unsigned NOT NULL AUTO_INCREMENT,
  `nom` varchar(255) COLLATE utf8mb4_unicode_ci NOT NULL,
  `date_debut` date NOT NULL,
  `date_fin` date NOT NULL,
  `trimestre_id` bigint(20) unsigned DEFAULT NULL,
  `created_at` timestamp NULL DEFAULT NULL,
  `updated_at` timestamp NULL DEFAULT NULL,
  `deleted_at` timestamp NULL DEFAULT NULL,
  PRIMARY KEY (`id`),
  KEY `periodes_trimestre_id_foreign` (`trimestre_id`),
  CONSTRAINT `periodes_trimestre_id_foreign` FOREIGN KEY (`trimestre_id`) REFERENCES `trimestres` (`id`)
) ENGINE=InnoDB AUTO_INCREMENT=14 DEFAULT CHARSET=utf8mb4 COLLATE=utf8mb4_unicode_ci;

-- Dumping data for table sas.periodes: ~13 rows (approximately)
/*!40000 ALTER TABLE `periodes` DISABLE KEYS */;
INSERT INTO `periodes` (`id`, `nom`, `date_debut`, `date_fin`, `trimestre_id`, `created_at`, `updated_at`, `deleted_at`) VALUES
	(1, 'PREMIERE PERIODE', '2022-09-02', '2022-10-20', 1, '2022-08-24 15:10:38', '2022-11-17 19:14:32', NULL),
	(2, 'DEUXIEME PERIODE', '2022-10-21', '2022-12-11', 1, '2022-08-24 15:10:37', '2022-11-17 20:12:17', NULL),
	(3, 'TROISIEME PERIODE', '2022-12-12', '2023-01-30', 2, '2022-08-24 15:11:07', '2022-11-17 19:19:29', NULL),
	(4, 'QUATRIEME PERIODE', '2023-01-31', '2023-03-21', 2, '2022-08-24 15:11:31', '2022-11-17 19:19:42', NULL),
	(5, 'CINQUIME PERIODE', '2023-03-22', '2022-05-10', 3, '2022-08-24 15:11:49', '2022-11-17 19:21:47', NULL),
	(6, 'SIXIEME PERIODE', '2023-05-11', '2023-07-20', 3, '2022-08-24 15:12:04', '2022-11-17 19:22:25', NULL),
	(7, 'PREMIERE PERIODE', '2000-01-12', '2022-01-12', 7, '2022-08-30 03:30:41', '2022-11-17 20:21:21', '2022-11-17 20:21:21'),
	(8, 'PREMIERE PERIODE', '2021-09-02', '2021-10-20', 9, '2023-05-09 16:59:31', '2023-05-09 16:59:31', NULL),
	(9, 'DEUXIEME PERIODE', '2021-10-21', '2021-12-11', 9, '2023-05-09 17:00:01', '2023-05-09 17:00:01', NULL),
	(10, 'TROISIEME PERIODE', '2021-12-12', '2022-12-30', 10, '2023-05-09 17:00:57', '2023-05-09 17:05:08', NULL),
	(11, 'QUATRIEME PERIODE', '2022-01-31', '2022-03-21', 10, '2023-05-09 17:01:44', '2023-05-09 17:01:44', NULL),
	(12, 'CINQUIEME PERIODE', '2022-03-22', '2022-05-10', 11, '2023-05-09 17:02:13', '2023-05-09 17:02:39', NULL),
	(13, 'SIXIEME PERIODE', '2022-05-11', '2022-02-07', 11, '2023-05-09 17:15:32', '2023-05-09 17:15:32', NULL);
/*!40000 ALTER TABLE `periodes` ENABLE KEYS */;

-- Dumping structure for table sas.personal_access_tokens
CREATE TABLE IF NOT EXISTS `personal_access_tokens` (
  `id` bigint(20) unsigned NOT NULL AUTO_INCREMENT,
  `tokenable_type` varchar(255) COLLATE utf8mb4_unicode_ci NOT NULL,
  `tokenable_id` bigint(20) unsigned NOT NULL,
  `name` varchar(255) COLLATE utf8mb4_unicode_ci NOT NULL,
  `token` varchar(64) COLLATE utf8mb4_unicode_ci NOT NULL,
  `abilities` text COLLATE utf8mb4_unicode_ci,
  `last_used_at` timestamp NULL DEFAULT NULL,
  `expires_at` timestamp NULL DEFAULT NULL,
  `created_at` timestamp NULL DEFAULT NULL,
  `updated_at` timestamp NULL DEFAULT NULL,
  PRIMARY KEY (`id`),
  UNIQUE KEY `personal_access_tokens_token_unique` (`token`),
  KEY `personal_access_tokens_tokenable_type_tokenable_id_index` (`tokenable_type`,`tokenable_id`)
) ENGINE=InnoDB DEFAULT CHARSET=utf8mb4 COLLATE=utf8mb4_unicode_ci;

-- Dumping data for table sas.personal_access_tokens: ~0 rows (approximately)
/*!40000 ALTER TABLE `personal_access_tokens` DISABLE KEYS */;
/*!40000 ALTER TABLE `personal_access_tokens` ENABLE KEYS */;

-- Dumping structure for table sas.resultats
CREATE TABLE IF NOT EXISTS `resultats` (
  `id` bigint(20) unsigned NOT NULL AUTO_INCREMENT,
  `periode1` double(8,2) NOT NULL DEFAULT '0.00',
  `periode2` double(8,2) NOT NULL DEFAULT '0.00',
  `periode3` double(8,2) NOT NULL DEFAULT '0.00',
  `periode4` double(8,2) NOT NULL DEFAULT '0.00',
  `periode5` double(8,2) NOT NULL DEFAULT '0.00',
  `periode6` double(8,2) NOT NULL DEFAULT '0.00',
  `examen1` double(8,2) NOT NULL DEFAULT '0.00',
  `examen2` double(8,2) NOT NULL DEFAULT '0.00',
  `examen3` double(8,2) NOT NULL DEFAULT '0.00',
  `trimestre1` double(8,2) NOT NULL DEFAULT '0.00',
  `trimestre2` double(8,2) NOT NULL DEFAULT '0.00',
  `trimestre3` double(8,2) NOT NULL DEFAULT '0.00',
  `annee` double(8,2) NOT NULL DEFAULT '0.00',
  `decision` varchar(255) COLLATE utf8mb4_unicode_ci DEFAULT NULL,
  `frequentation_id` bigint(20) unsigned DEFAULT NULL,
  `created_at` timestamp NULL DEFAULT NULL,
  `updated_at` timestamp NULL DEFAULT NULL,
  `deleted_at` timestamp NULL DEFAULT NULL,
  PRIMARY KEY (`id`),
  KEY `resultats_frequentation_id_foreign` (`frequentation_id`),
  CONSTRAINT `resultats_frequentation_id_foreign` FOREIGN KEY (`frequentation_id`) REFERENCES `frequentations` (`id`)
) ENGINE=InnoDB AUTO_INCREMENT=36 DEFAULT CHARSET=utf8mb4 COLLATE=utf8mb4_unicode_ci;

-- Dumping data for table sas.resultats: ~32 rows (approximately)
/*!40000 ALTER TABLE `resultats` DISABLE KEYS */;
INSERT INTO `resultats` (`id`, `periode1`, `periode2`, `periode3`, `periode4`, `periode5`, `periode6`, `examen1`, `examen2`, `examen3`, `trimestre1`, `trimestre2`, `trimestre3`, `annee`, `decision`, `frequentation_id`, `created_at`, `updated_at`, `deleted_at`) VALUES
	(1, 59.20, 57.50, 37.20, 60.00, 61.90, 39.80, 56.20, 55.00, 53.50, 57.30, 51.80, 52.20, 53.80, 'double', 18, '2023-04-27 20:31:23', '2023-06-11 22:40:49', NULL),
	(2, 0.00, 0.00, 0.00, 0.00, 0.00, 0.00, 0.00, 0.00, 0.00, 0.00, 0.00, 0.00, 0.00, NULL, 32, '2023-05-02 10:15:02', '2023-05-02 10:15:02', NULL),
	(3, 0.00, 0.00, 0.00, 0.00, 0.00, 0.00, 0.00, 0.00, 0.00, 0.00, 0.00, 0.00, 0.00, NULL, 31, '2023-05-02 10:15:02', '2023-05-02 10:15:02', NULL),
	(4, 0.00, 0.00, 0.00, 0.00, 0.00, 7.30, 0.00, 0.00, 0.00, 0.00, 0.00, 1.80, 0.60, NULL, 30, '2023-05-02 10:15:02', '2023-05-04 09:28:41', NULL),
	(5, 0.00, 0.00, 0.00, 0.00, 0.00, 0.00, 0.00, 0.00, 0.00, 0.00, 0.00, 0.00, 0.00, NULL, 29, '2023-05-02 10:15:02', '2023-05-02 10:15:02', NULL),
	(6, 0.00, 0.00, 0.00, 0.00, 0.00, 0.00, 0.00, 0.00, 0.00, 0.00, 0.00, 0.00, 0.00, NULL, 28, '2023-05-02 10:15:02', '2023-05-02 10:15:02', NULL),
	(7, 0.00, 0.00, 0.00, 0.00, 0.00, 0.00, 0.00, 0.00, 0.00, 0.00, 0.00, 0.00, 0.00, NULL, 27, '2023-05-02 10:15:02', '2023-05-02 10:15:02', NULL),
	(8, 0.00, 0.00, 0.00, 0.00, 0.00, 0.00, 0.00, 0.00, 0.00, 0.00, 0.00, 0.00, 0.00, NULL, 26, '2023-05-02 10:15:03', '2023-05-02 10:15:03', NULL),
	(9, 0.00, 0.00, 0.00, 0.00, 0.00, 0.00, 0.00, 0.00, 0.00, 0.00, 0.00, 0.00, 0.00, NULL, 25, '2023-05-02 10:15:03', '2023-05-02 10:15:03', NULL),
	(10, 0.00, 0.00, 0.00, 0.00, 0.00, 0.00, 0.00, 0.00, 0.00, 0.00, 0.00, 0.00, 0.00, NULL, 24, '2023-05-02 10:15:03', '2023-05-02 10:15:03', NULL),
	(11, 0.00, 0.00, 0.00, 0.00, 0.00, 0.00, 0.00, 0.00, 0.00, 0.00, 0.00, 0.00, 0.00, NULL, 23, '2023-05-02 10:15:03', '2023-05-02 10:15:03', NULL),
	(12, 0.00, 0.00, 0.00, 0.00, 0.00, 0.00, 0.00, 0.00, 0.00, 0.00, 0.00, 0.00, 0.00, NULL, 1, '2023-05-02 13:49:08', '2023-05-02 13:49:08', NULL),
	(13, 0.00, 0.00, 0.00, 0.00, 0.00, 0.00, 0.00, 0.00, 0.00, 0.00, 0.00, 0.00, 0.00, NULL, 2, '2023-05-02 13:49:08', '2023-05-02 13:49:08', NULL),
	(14, 0.00, 0.00, 0.00, 0.00, 0.00, 0.00, 0.00, 0.00, 0.00, 0.00, 0.00, 0.00, 0.00, NULL, 3, '2023-05-02 13:49:09', '2023-05-02 13:49:09', NULL),
	(15, 0.00, 0.00, 0.00, 0.00, 0.00, 0.00, 0.00, 0.00, 0.00, 0.00, 0.00, 0.00, 0.00, NULL, 4, '2023-05-02 13:49:09', '2023-05-02 13:49:09', NULL),
	(16, 0.00, 0.00, 0.00, 0.00, 0.00, 0.00, 0.00, 0.00, 0.00, 0.00, 0.00, 0.00, 0.00, NULL, 5, '2023-05-02 13:49:09', '2023-05-02 13:49:09', NULL),
	(17, 0.00, 0.00, 0.00, 0.00, 0.00, 0.00, 0.00, 0.00, 0.00, 0.00, 0.00, 0.00, 0.00, NULL, 6, '2023-05-02 13:49:09', '2023-05-02 13:49:09', NULL),
	(18, 0.00, 0.00, 0.00, 0.00, 0.00, 0.00, 0.00, 0.00, 0.00, 0.00, 0.00, 0.00, 0.00, NULL, 7, '2023-05-02 13:49:09', '2023-05-02 13:49:09', NULL),
	(19, 0.00, 0.00, 0.00, 0.00, 0.00, 0.00, 0.00, 0.00, 0.00, 0.00, 0.00, 0.00, 0.00, NULL, 8, '2023-05-02 13:49:09', '2023-05-02 13:49:09', NULL),
	(20, 0.00, 0.00, 0.00, 0.00, 0.00, 0.00, 0.00, 0.00, 0.00, 0.00, 0.00, 0.00, 0.00, NULL, 9, '2023-05-02 13:49:09', '2023-05-02 13:49:10', NULL),
	(21, 0.00, 0.00, 0.00, 0.00, 0.00, 0.00, 0.00, 0.00, 0.00, 0.00, 0.00, 0.00, 0.00, NULL, 10, '2023-05-02 13:49:10', '2023-05-02 13:49:10', NULL),
	(22, 50.10, 60.00, 62.00, 41.50, 63.10, 57.90, 79.60, 80.40, 79.60, 67.30, 66.10, 70.10, 67.80, 'passe', 13, '2023-05-02 13:49:10', '2023-06-27 10:46:04', NULL),
	(23, 0.00, 0.00, 0.00, 0.00, 0.00, 0.00, 0.00, 0.00, 0.00, 0.00, 0.00, 0.00, 0.00, NULL, 14, '2023-05-02 13:49:10', '2023-05-02 13:49:10', NULL),
	(24, 0.00, 0.00, 0.00, 0.00, 0.00, 0.00, 0.00, 0.00, 0.00, 0.00, 0.00, 0.00, 0.00, NULL, 15, '2023-05-02 13:49:10', '2023-05-02 13:49:10', NULL),
	(25, 0.00, 0.00, 0.00, 0.00, 0.00, 0.00, 0.00, 0.00, 0.00, 0.00, 0.00, 0.00, 0.00, NULL, 19, '2023-05-02 13:49:10', '2023-05-02 13:49:10', NULL),
	(26, 0.00, 0.00, 0.00, 0.00, 0.00, 0.00, 0.00, 0.00, 0.00, 0.00, 0.00, 0.00, 0.00, NULL, 20, '2023-05-02 13:49:10', '2023-05-02 13:49:10', NULL),
	(27, 0.00, 0.00, 0.00, 0.00, 0.00, 0.00, 0.00, 0.00, 0.00, 0.00, 0.00, 0.00, 0.00, NULL, 21, '2023-05-02 13:49:11', '2023-05-02 13:49:11', NULL),
	(28, 0.00, 0.00, 0.00, 0.00, 0.00, 0.00, 0.00, 0.00, 0.00, 0.00, 0.00, 0.00, 0.00, NULL, 22, '2023-05-02 13:49:11', '2023-05-02 13:49:11', NULL),
	(29, 0.00, 0.00, 0.00, 0.00, 0.00, 0.00, 0.00, 0.00, 0.00, 0.00, 0.00, 0.00, 0.00, NULL, 33, '2023-05-09 16:01:42', '2023-05-09 16:01:42', NULL),
	(30, 0.00, 0.00, 0.00, 0.00, 0.00, 0.00, 0.00, 0.00, 0.00, 0.00, 0.00, 0.00, 0.00, NULL, 34, '2023-05-09 17:25:28', '2023-05-09 17:25:28', NULL),
	(31, 0.00, 0.00, 0.00, 0.00, 0.00, 0.00, 0.00, 0.00, 0.00, 0.00, 0.00, 0.00, 0.00, NULL, 35, '2023-06-05 13:18:21', '2023-06-05 13:18:21', NULL),
	(32, 0.00, 0.00, 0.00, 0.00, 0.00, 0.00, 0.00, 0.00, 0.00, 0.00, 0.00, 0.00, 0.00, NULL, 36, '2023-06-06 11:45:45', '2023-06-06 11:45:45', NULL),
	(35, 0.00, 0.00, 0.00, 0.00, 0.00, 0.00, 0.00, 0.00, 0.00, 0.00, 0.00, 0.00, 0.00, NULL, 39, '2023-07-02 22:50:29', '2023-07-02 22:50:29', NULL);
/*!40000 ALTER TABLE `resultats` ENABLE KEYS */;

-- Dumping structure for table sas.trimestres
CREATE TABLE IF NOT EXISTS `trimestres` (
  `id` bigint(20) unsigned NOT NULL AUTO_INCREMENT,
  `nom` varchar(255) COLLATE utf8mb4_unicode_ci NOT NULL,
  `date_debut` date NOT NULL,
  `date_fin` date NOT NULL,
  `annee_scolaire_id` bigint(20) unsigned DEFAULT NULL,
  `created_at` timestamp NULL DEFAULT NULL,
  `updated_at` timestamp NULL DEFAULT NULL,
  `deleted_at` timestamp NULL DEFAULT NULL,
  PRIMARY KEY (`id`),
  KEY `trimestres_annee_scolaire_id_foreign` (`annee_scolaire_id`),
  CONSTRAINT `trimestres_annee_scolaire_id_foreign` FOREIGN KEY (`annee_scolaire_id`) REFERENCES `annee_scolaires` (`id`)
) ENGINE=InnoDB AUTO_INCREMENT=13 DEFAULT CHARSET=utf8mb4 COLLATE=utf8mb4_unicode_ci;

-- Dumping data for table sas.trimestres: ~9 rows (approximately)
/*!40000 ALTER TABLE `trimestres` DISABLE KEYS */;
INSERT INTO `trimestres` (`id`, `nom`, `date_debut`, `date_fin`, `annee_scolaire_id`, `created_at`, `updated_at`, `deleted_at`) VALUES
	(1, 'PREMIER TRIMESTRE', '2022-09-02', '2022-12-11', 1, '2022-08-24 15:07:52', '2022-11-19 10:30:21', NULL),
	(2, 'DEUXIEME TRIMESTRE', '2022-12-12', '2023-03-21', 1, '2022-08-24 15:08:24', '2022-11-19 10:30:27', NULL),
	(3, 'TROISIEME TRIMESTRE', '2023-03-22', '2023-07-02', 1, '2022-08-24 15:09:17', '2022-11-17 19:20:10', NULL),
	(7, 'PREMIER TRIMESTRE', '2023-01-15', '2024-04-14', 2, '2022-09-02 02:29:56', '2022-11-17 19:20:34', '2023-04-13 15:31:33'),
	(8, 'PREMIER TRIMESTRE', '2024-09-15', '2025-09-15', 3, '2022-09-15 14:03:24', '2022-11-19 11:05:07', NULL),
	(9, 'PREMIER TRIMESTRE', '2021-09-02', '2021-12-11', 4, '2023-05-09 16:45:23', '2023-05-09 16:45:23', NULL),
	(10, 'DEUXIEME TRIMESTRE', '2021-12-12', '2022-03-21', 4, '2023-05-09 16:45:55', '2023-05-09 16:45:55', NULL),
	(11, 'TROISIEME TRIMESTRE', '2022-03-22', '2022-07-02', 4, '2023-05-09 16:46:47', '2023-05-09 17:07:35', NULL),
	(12, 'PREMIER TRIMESTRE', '2023-06-08', '2023-06-07', 1, '2023-06-07 03:34:39', '2023-06-07 03:41:20', '2023-06-07 03:41:20');
/*!40000 ALTER TABLE `trimestres` ENABLE KEYS */;

-- Dumping structure for table sas.type_evaluations
CREATE TABLE IF NOT EXISTS `type_evaluations` (
  `id` bigint(20) unsigned NOT NULL AUTO_INCREMENT,
  `nom` varchar(255) COLLATE utf8mb4_unicode_ci NOT NULL,
  `created_at` timestamp NULL DEFAULT NULL,
  `updated_at` timestamp NULL DEFAULT NULL,
  `deleted_at` timestamp NULL DEFAULT NULL,
  PRIMARY KEY (`id`)
) ENGINE=InnoDB AUTO_INCREMENT=4 DEFAULT CHARSET=utf8mb4 COLLATE=utf8mb4_unicode_ci;

-- Dumping data for table sas.type_evaluations: ~3 rows (approximately)
/*!40000 ALTER TABLE `type_evaluations` DISABLE KEYS */;
INSERT INTO `type_evaluations` (`id`, `nom`, `created_at`, `updated_at`, `deleted_at`) VALUES
	(1, 'Interrogation', '2022-08-31 11:07:05', '2022-08-31 11:07:06', NULL),
	(2, 'Devoir', '2022-08-31 11:07:13', '2022-08-31 11:07:14', NULL),
	(3, 'Rattrapage', '2022-09-01 04:31:57', '2022-09-01 04:31:57', '2023-05-22 14:58:54');
/*!40000 ALTER TABLE `type_evaluations` ENABLE KEYS */;

-- Dumping structure for table sas.type_frais
CREATE TABLE IF NOT EXISTS `type_frais` (
  `id` bigint(20) unsigned NOT NULL AUTO_INCREMENT,
  `nom` varchar(255) COLLATE utf8mb4_unicode_ci NOT NULL,
  `devise` varchar(255) COLLATE utf8mb4_unicode_ci NOT NULL DEFAULT 'USD',
  `created_at` timestamp NULL DEFAULT NULL,
  `updated_at` timestamp NULL DEFAULT NULL,
  `deleted_at` timestamp NULL DEFAULT NULL,
  PRIMARY KEY (`id`)
) ENGINE=InnoDB AUTO_INCREMENT=3 DEFAULT CHARSET=utf8mb4 COLLATE=utf8mb4_unicode_ci;

-- Dumping data for table sas.type_frais: ~2 rows (approximately)
/*!40000 ALTER TABLE `type_frais` DISABLE KEYS */;
INSERT INTO `type_frais` (`id`, `nom`, `devise`, `created_at`, `updated_at`, `deleted_at`) VALUES
	(1, 'FRAIS SCOLAIRES', 'USD', '2023-04-16 15:48:40', '2023-04-16 15:48:40', NULL),
	(2, 'FRAIS DIVERS', 'CDF', '2023-04-16 15:48:51', NULL, NULL);
/*!40000 ALTER TABLE `type_frais` ENABLE KEYS */;

-- Dumping structure for table sas.users
CREATE TABLE IF NOT EXISTS `users` (
  `id` bigint(20) unsigned NOT NULL AUTO_INCREMENT,
  `email` varchar(255) COLLATE utf8mb4_unicode_ci NOT NULL,
  `email_verified_at` timestamp NULL DEFAULT NULL,
  `password` varchar(255) COLLATE utf8mb4_unicode_ci NOT NULL,
  `remember_token` varchar(100) COLLATE utf8mb4_unicode_ci DEFAULT NULL,
  `isAdmin` tinyint(1) NOT NULL DEFAULT '0',
  `isActive` tinyint(1) NOT NULL DEFAULT '0',
  `employer_id` bigint(20) unsigned DEFAULT NULL,
  `created_at` timestamp NULL DEFAULT NULL,
  `updated_at` timestamp NULL DEFAULT NULL,
  `deleted_at` timestamp NULL DEFAULT NULL,
  `parrain_id` bigint(20) unsigned DEFAULT NULL,
  PRIMARY KEY (`id`),
  UNIQUE KEY `users_email_unique` (`email`),
  KEY `users_employer_id_foreign` (`employer_id`),
  KEY `users_parrain_id_foreign` (`parrain_id`),
  CONSTRAINT `users_employer_id_foreign` FOREIGN KEY (`employer_id`) REFERENCES `employers` (`id`),
  CONSTRAINT `users_parrain_id_foreign` FOREIGN KEY (`parrain_id`) REFERENCES `parrains` (`id`)
) ENGINE=InnoDB AUTO_INCREMENT=20 DEFAULT CHARSET=utf8mb4 COLLATE=utf8mb4_unicode_ci;

-- Dumping data for table sas.users: ~12 rows (approximately)
/*!40000 ALTER TABLE `users` DISABLE KEYS */;
INSERT INTO `users` (`id`, `email`, `email_verified_at`, `password`, `remember_token`, `isAdmin`, `isActive`, `employer_id`, `created_at`, `updated_at`, `deleted_at`, `parrain_id`) VALUES
	(2, 'dev.binmulindi6@gmail.com', NULL, '$2y$10$eiqD9nLmn36y86Sd528Gou8vAUnFV9Bsyv3vdy5de6rtsEhFfCgji', 'xeB9Nk1l9NcpeUdYvszyS7jKH88kzBoq8vlHfccTJ4im3iXcOl19LJiv4duy', 1, 1, 1, '2022-08-23 19:00:54', '2022-08-23 19:00:54', NULL, NULL),
	(3, 'nathalie@gmail.com', NULL, '$2y$10$vPNI6fyNN2Qk7CZ6ql6W.eWL.z9PPTyjy0RP/baU611dIVT8t/IMO', NULL, 0, 1, 2, '2022-08-24 10:21:20', '2023-04-12 14:08:05', NULL, NULL),
	(4, 'jaysonmakunn@gmail.com', NULL, '$2y$10$UuTz3qfW1Al8WX4vygTdPulavvANo7yKYfsYh9E.R6.r8qhBKE.vC', NULL, 0, 1, 8, '2022-11-23 10:39:12', '2023-06-02 13:19:24', NULL, NULL),
	(5, 'jeanlucmulindi@gmail.com', NULL, '$2y$10$nUsIZ36MIj95XxeCFEFdZuvoZACjj71vXzP.VU8VMpRjZ8UglUF7S', NULL, 0, 1, 3, '2023-04-02 11:58:19', '2023-04-13 16:58:36', NULL, NULL),
	(6, 'nickelmolisho@gmail.com', NULL, '$2y$10$EVTCnKc7AUzQnKj7DJeG2uuOrobT96xq2Un9NOUUiJHmZ5AFCsuma', NULL, 0, 1, 4, '2023-04-03 06:34:38', '2023-06-05 13:19:31', NULL, NULL),
	(8, 'mulindi@gmail.com', NULL, '$2y$10$iIbkdMP32BxEjfgWxYxLWu7i24mPxQnopLquxDyD94FRaupuDvkQC', NULL, 0, 1, NULL, '2023-04-12 08:36:45', '2023-06-29 18:10:26', NULL, 3),
	(9, 'christa@gmail.com', NULL, '$2y$10$1gNddZoCWRmEvdJH057YD.1Qm2pi4n65htyTqz15JPSe9YCtm4Y26', NULL, 0, 1, 9, '2023-04-12 23:48:51', '2023-04-12 23:49:10', NULL, NULL),
	(10, 'masumbukomuderhwa@gmail.com', NULL, '$2y$10$ym7/iFK9pj84EOvRkCW8yuCI4p2jhcDitVfzl6m6SONoxNrQt1/yW', NULL, 0, 1, NULL, '2023-04-13 12:38:01', '2023-04-13 12:38:24', NULL, 4),
	(13, 'charly@gmail.com', NULL, '$2y$10$av9TM7j6ldo6a2i9k7jNjeVNXx7eMRIJPwl4tnGO2Jyn6rbTBMrF.', NULL, 0, 0, 10, '2023-05-30 13:42:06', '2023-05-30 13:42:06', NULL, NULL),
	(14, 'assumani@julie.com', NULL, '$2y$10$BR.zFkA3C1KD/GBr0XJOTO8RwHQ/OgigiDcsAzHVd.Ry9TEeFMzr.', NULL, 0, 1, NULL, '2023-06-05 13:22:29', '2023-06-15 14:14:29', NULL, 5),
	(15, 'abudu@gmail.com', NULL, '$2y$10$SWZhtkPvELYP87b.w3YZw.zicPMK2tmxCWpgUx/wVFT7T9LnEGpjy', NULL, 0, 1, 12, '2023-06-15 20:06:26', '2023-06-15 20:07:42', NULL, NULL),
	(16, 'molisho@gmail.com', NULL, '$2y$10$D75s4Z/tG9c3fCXnfirEBOl9tqZSduE66Tlz7VSVTFgP7uKFEXVBu', NULL, 0, 0, NULL, '2023-06-27 10:17:42', '2023-06-30 07:55:46', NULL, 6);
/*!40000 ALTER TABLE `users` ENABLE KEYS */;

/*!40101 SET SQL_MODE=IFNULL(@OLD_SQL_MODE, '') */;
/*!40014 SET FOREIGN_KEY_CHECKS=IFNULL(@OLD_FOREIGN_KEY_CHECKS, 1) */;
/*!40101 SET CHARACTER_SET_CLIENT=@OLD_CHARACTER_SET_CLIENT */;
/*!40111 SET SQL_NOTES=IFNULL(@OLD_SQL_NOTES, 1) */;
