-- phpMyAdmin SQL Dump
-- version 5.2.0
-- https://www.phpmyadmin.net/
--
-- Hôte : localhost:8889
-- Généré le : mer. 02 août 2023 à 04:54
-- Version du serveur : 5.7.39
-- Version de PHP : 8.2.0

SET SQL_MODE = "NO_AUTO_VALUE_ON_ZERO";
START TRANSACTION;
SET time_zone = "+00:00";


/*!40101 SET @OLD_CHARACTER_SET_CLIENT=@@CHARACTER_SET_CLIENT */;
/*!40101 SET @OLD_CHARACTER_SET_RESULTS=@@CHARACTER_SET_RESULTS */;
/*!40101 SET @OLD_COLLATION_CONNECTION=@@COLLATION_CONNECTION */;
/*!40101 SET NAMES utf8mb4 */;

--
-- Base de données : `sas`
--

-- --------------------------------------------------------

--
-- Structure de la table `annee_scolaires`
--

CREATE TABLE `annee_scolaires` (
  `id` bigint(20) UNSIGNED NOT NULL,
  `nom` varchar(255) COLLATE utf8mb4_unicode_ci NOT NULL,
  `date_debut` date NOT NULL,
  `date_fin` date NOT NULL,
  `created_at` timestamp NULL DEFAULT NULL,
  `updated_at` timestamp NULL DEFAULT NULL,
  `deleted_at` timestamp NULL DEFAULT NULL,
  `selected` tinyint(1) NOT NULL DEFAULT '0'
) ENGINE=InnoDB DEFAULT CHARSET=utf8mb4 COLLATE=utf8mb4_unicode_ci;

--
-- Déchargement des données de la table `annee_scolaires`
--

INSERT INTO `annee_scolaires` (`id`, `nom`, `date_debut`, `date_fin`, `created_at`, `updated_at`, `deleted_at`, `selected`) VALUES
(1, '2022-2023', '2022-09-02', '2023-07-02', '2022-08-24 12:55:26', '2022-11-17 16:33:09', NULL, 0),
(2, '2023-2024', '2023-09-02', '2024-07-02', '2022-08-29 17:21:58', '2023-07-18 10:45:32', '2023-07-18 10:45:32', 0),
(3, '2024-2025', '2024-09-02', '2025-07-02', '2022-09-15 12:02:08', '2023-05-09 14:13:38', '2023-05-09 14:13:38', 0),
(4, '2021-2022', '2021-09-22', '2022-07-02', '2023-05-09 14:26:55', '2023-05-09 14:26:55', NULL, 0),
(5, 'PREMIER TRIMESTRE', '2023-06-29', '2023-06-30', '2023-06-28 20:37:35', '2023-06-28 20:37:35', '2023-07-02 21:52:55', 0);

-- --------------------------------------------------------

--
-- Structure de la table `categorie_cours`
--

CREATE TABLE `categorie_cours` (
  `id` bigint(20) UNSIGNED NOT NULL,
  `nom` varchar(255) COLLATE utf8mb4_unicode_ci NOT NULL,
  `created_at` timestamp NULL DEFAULT NULL,
  `updated_at` timestamp NULL DEFAULT NULL,
  `deleted_at` timestamp NULL DEFAULT NULL
) ENGINE=InnoDB DEFAULT CHARSET=utf8mb4 COLLATE=utf8mb4_unicode_ci;

--
-- Déchargement des données de la table `categorie_cours`
--

INSERT INTO `categorie_cours` (`id`, `nom`, `created_at`, `updated_at`, `deleted_at`) VALUES
(1, 'MATHEMATIQUES', '2022-08-24 13:03:01', '2023-04-13 15:13:51', NULL),
(2, 'FRANÇAIS', '2022-08-24 13:03:13', '2023-04-13 15:21:06', NULL),
(3, 'CIVISME ET RELIGION', '2022-09-03 07:28:23', '2023-04-13 15:22:00', NULL),
(4, 'Pornographie', '2022-09-03 07:34:47', '2022-09-03 07:34:49', '2022-09-03 07:34:49'),
(5, 'ACTIVITES D\'EVEIL SCIENTIFIQUE', '2022-09-03 07:51:39', '2023-04-13 15:12:57', NULL),
(6, 'ACTIVITES INSTRUMENTALES', '2023-04-13 15:08:59', '2023-04-13 15:08:59', NULL),
(7, 'ACTIVITES D\'EVEIL ESTHETIQUE', '2023-04-13 15:10:44', '2023-04-13 15:10:44', NULL),
(8, 'LANGUES NATIONALES', '2023-07-06 19:59:20', '2023-07-06 19:59:41', NULL);

-- --------------------------------------------------------

--
-- Structure de la table `classes`
--

CREATE TABLE `classes` (
  `id` bigint(20) UNSIGNED NOT NULL,
  `nom` varchar(255) COLLATE utf8mb4_unicode_ci NOT NULL,
  `niveau_id` bigint(20) UNSIGNED NOT NULL DEFAULT '5',
  `created_at` timestamp NULL DEFAULT NULL,
  `updated_at` timestamp NULL DEFAULT NULL,
  `deleted_at` timestamp NULL DEFAULT NULL
) ENGINE=InnoDB DEFAULT CHARSET=utf8mb4 COLLATE=utf8mb4_unicode_ci;

--
-- Déchargement des données de la table `classes`
--

INSERT INTO `classes` (`id`, `nom`, `niveau_id`, `created_at`, `updated_at`, `deleted_at`) VALUES
(1, 'A', 5, '2022-08-24 12:54:36', '2022-08-24 12:54:37', NULL),
(2, 'A', 6, '2022-08-31 08:53:08', '2022-08-31 08:53:09', NULL),
(3, 'B', 5, '2022-09-03 05:58:32', '2022-09-03 05:58:32', NULL),
(4, 'B', 6, '2022-09-03 06:02:21', '2022-09-03 06:02:21', NULL),
(5, 'A', 7, '2022-09-03 06:40:20', '2022-09-03 06:40:20', NULL),
(6, 'C', 7, '2022-09-03 06:40:43', '2022-09-03 06:41:21', '2022-09-03 06:41:21'),
(7, 'B', 7, '2022-09-03 06:41:32', '2022-09-03 06:41:32', NULL),
(8, 'A', 4, '2022-09-03 06:41:40', '2022-11-23 19:54:33', NULL),
(9, 'B', 4, '2022-09-03 06:41:47', '2023-07-11 15:42:23', NULL),
(10, 'A', 8, '2023-01-31 08:30:58', '2023-01-31 08:30:58', NULL),
(14, 'B', 8, '2023-04-13 13:55:25', '2023-04-13 13:55:25', NULL),
(15, 'B', 8, '2023-04-13 13:58:39', '2023-04-13 13:58:46', '2023-04-13 13:58:46'),
(16, 'A', 9, '2023-04-13 13:58:57', '2023-04-13 13:58:57', NULL);

-- --------------------------------------------------------

--
-- Structure de la table `conduites`
--

CREATE TABLE `conduites` (
  `id` bigint(20) UNSIGNED NOT NULL,
  `nom` varchar(255) COLLATE utf8mb4_unicode_ci NOT NULL,
  `abbreviation` varchar(255) COLLATE utf8mb4_unicode_ci NOT NULL,
  `created_at` timestamp NULL DEFAULT NULL,
  `updated_at` timestamp NULL DEFAULT NULL,
  `deleted_at` timestamp NULL DEFAULT NULL
) ENGINE=InnoDB DEFAULT CHARSET=utf8mb4 COLLATE=utf8mb4_unicode_ci;

--
-- Déchargement des données de la table `conduites`
--

INSERT INTO `conduites` (`id`, `nom`, `abbreviation`, `created_at`, `updated_at`, `deleted_at`) VALUES
(1, 'EXCELLENTE', 'E', '2023-04-07 14:18:12', '2023-04-07 14:18:12', NULL),
(2, 'TRES BONNE', 'TB', '2023-04-07 14:18:38', '2023-04-07 14:18:38', NULL),
(3, 'BONNE', 'B', '2023-04-07 14:19:17', '2023-04-07 14:19:17', NULL),
(4, 'ACCES BONNE', 'AB', '2023-04-07 14:19:26', '2023-04-07 14:19:27', NULL),
(5, 'MAUVAISE', 'M', '2023-04-07 14:19:40', NULL, NULL);

-- --------------------------------------------------------

--
-- Structure de la table `cours`
--

CREATE TABLE `cours` (
  `id` bigint(20) UNSIGNED NOT NULL,
  `nom` varchar(255) COLLATE utf8mb4_unicode_ci NOT NULL,
  `max_periode` int(11) NOT NULL,
  `max_examen` int(11) NOT NULL,
  `categorie_cours_id` bigint(20) UNSIGNED DEFAULT NULL,
  `classe_id` bigint(20) UNSIGNED DEFAULT NULL,
  `created_at` timestamp NULL DEFAULT NULL,
  `updated_at` timestamp NULL DEFAULT NULL,
  `deleted_at` timestamp NULL DEFAULT NULL
) ENGINE=InnoDB DEFAULT CHARSET=utf8mb4 COLLATE=utf8mb4_unicode_ci;

--
-- Déchargement des données de la table `cours`
--

INSERT INTO `cours` (`id`, `nom`, `max_periode`, `max_examen`, `categorie_cours_id`, `classe_id`, `created_at`, `updated_at`, `deleted_at`) VALUES
(1, 'Algebre', 40, 80, 1, 1, '2022-08-24 13:03:38', '2022-08-24 13:03:39', NULL),
(2, 'Redaction', 20, 40, 2, 1, '2022-08-24 13:04:11', '2023-04-13 15:23:31', NULL),
(3, 'Correspondance', 20, 40, 2, 1, '2022-09-01 00:56:14', '2022-09-03 12:40:59', NULL),
(4, 'Geometrie', 20, 40, 1, 1, '2022-09-01 00:56:12', '2022-09-03 08:47:42', NULL),
(6, 'Geographie', 20, 40, 5, 1, '2022-09-03 08:09:49', '2022-09-03 08:09:49', NULL),
(7, 'Histoire', 20, 40, 5, 1, '2022-09-03 08:11:08', '2022-09-03 09:28:16', NULL),
(8, 'botanique', 20, 40, 5, 5, '2022-10-25 12:51:53', '2022-10-25 12:51:53', NULL),
(9, 'ECM', 10, 20, 3, 1, '2023-04-13 12:46:22', '2023-04-13 12:46:23', NULL),
(10, 'Religion', 10, 20, 3, 16, '2023-07-06 20:01:22', '2023-07-06 20:01:22', NULL),
(11, 'ECM', 10, 20, 3, 16, '2023-07-06 20:01:54', '2023-07-06 20:01:54', NULL),
(12, 'Gram.Conj-Analy', 7, 14, 8, 16, '2023-07-06 20:03:15', '2023-07-06 21:32:17', NULL),
(13, 'Elo.Voc.Récit', 6, 12, 8, 16, '2023-07-06 20:03:50', '2023-07-06 20:03:50', NULL),
(14, 'Redact.Orthograp.', 4, 8, 8, 16, '2023-07-06 20:05:23', '2023-07-06 20:05:23', NULL),
(15, 'Lecture', 3, 6, 8, 16, '2023-07-06 20:05:42', '2023-07-06 20:05:42', NULL),
(16, 'Gram.Conj-Analy', 20, 40, 2, 16, '2023-07-06 20:06:39', '2023-07-06 20:06:39', NULL),
(17, 'Elo.Voc.Récit', 25, 50, 2, 16, '2023-07-06 20:06:57', '2023-07-06 20:06:57', NULL),
(18, 'Redact.Orthograp.', 15, 30, 2, 16, '2023-07-06 20:07:14', '2023-07-06 20:07:14', NULL),
(19, 'Lecture', 10, 20, 2, 16, '2023-07-06 20:07:28', '2023-07-06 20:07:28', NULL),
(20, 'Num.Opérations', 20, 40, 1, 16, '2023-07-06 20:07:58', '2023-07-06 20:07:58', NULL),
(21, 'Grand.F.Géomét', 30, 60, 1, 16, '2023-07-06 20:08:41', '2023-07-06 20:08:41', NULL),
(22, 'Problemes', 20, 40, 1, 16, '2023-07-06 20:09:03', '2023-07-06 20:09:03', NULL),
(23, 'Ed.Santé & Envir', 10, 20, 5, 16, '2023-07-06 20:09:36', '2023-07-06 20:09:36', NULL),
(24, 'Histoire', 10, 20, 5, 16, '2023-07-06 20:09:59', '2023-07-06 20:09:59', NULL),
(25, 'Géographie', 10, 20, 5, 16, '2023-07-06 20:10:23', '2023-07-06 20:10:23', NULL),
(26, 'Sciences Naturel', 20, 40, 5, 16, '2023-07-06 20:11:12', '2023-07-06 20:11:12', NULL),
(27, 'Dessin', 10, 20, 7, 16, '2023-07-06 20:11:51', '2023-07-06 20:11:51', NULL),
(28, 'Calligraphie', 10, 20, 7, 16, '2023-07-06 20:12:22', '2023-07-06 20:12:22', NULL),
(29, 'Chant/Musique', 10, 20, 7, 16, '2023-07-06 20:12:46', '2023-07-06 20:12:46', NULL),
(30, 'Ed.Phys & Sports', 10, 20, 7, 16, '2023-07-06 20:13:20', '2023-07-06 20:13:20', NULL),
(31, 'Travail Manuel', 10, 20, 7, 16, '2023-07-06 20:13:39', '2023-07-06 20:13:39', NULL);

-- --------------------------------------------------------

--
-- Structure de la table `eleves`
--

CREATE TABLE `eleves` (
  `id` bigint(20) UNSIGNED NOT NULL,
  `nom` varchar(255) COLLATE utf8mb4_unicode_ci NOT NULL,
  `prenom` varchar(255) COLLATE utf8mb4_unicode_ci NOT NULL,
  `matricule` varchar(255) COLLATE utf8mb4_unicode_ci NOT NULL,
  `lieu_naissance` varchar(255) COLLATE utf8mb4_unicode_ci NOT NULL,
  `date_naissance` date NOT NULL,
  `nom_pere` varchar(255) COLLATE utf8mb4_unicode_ci DEFAULT NULL,
  `nom_mere` varchar(255) COLLATE utf8mb4_unicode_ci DEFAULT NULL,
  `adresse` varchar(255) COLLATE utf8mb4_unicode_ci NOT NULL,
  `parrain_id` bigint(20) UNSIGNED DEFAULT NULL,
  `created_at` timestamp NULL DEFAULT NULL,
  `updated_at` timestamp NULL DEFAULT NULL,
  `deleted_at` timestamp NULL DEFAULT NULL,
  `sexe` varchar(255) COLLATE utf8mb4_unicode_ci NOT NULL
) ENGINE=InnoDB DEFAULT CHARSET=utf8mb4 COLLATE=utf8mb4_unicode_ci;

--
-- Déchargement des données de la table `eleves`
--

INSERT INTO `eleves` (`id`, `nom`, `prenom`, `matricule`, `lieu_naissance`, `date_naissance`, `nom_pere`, `nom_mere`, `adresse`, `parrain_id`, `created_at`, `updated_at`, `deleted_at`, `sexe`) VALUES
(1, 'Keaton', 'Paucek', 'E269/2022', 'Greentown', '1986-01-20', 'Dr. Peyton Schimmel', 'Mrs. Gina Strosin I', '77497 Tromp Dale\nStephonborough, MO 39691', NULL, '2022-08-24 11:01:17', '2022-09-05 08:48:16', '2022-09-05 08:48:16', 'M'),
(2, 'Laila', 'Del Minor', 'E455/2022', 'South Elmer', '2009-01-10', 'Zane Crona', 'Nelle Schneider', '4626 Kuhic RanchStephenstad, ME 09963', NULL, '2022-08-24 11:01:17', '2022-09-06 06:19:16', NULL, 'F'),
(3, 'Jalon', 'Wiegand', 'E428/2022', 'Port Kellenfurt', '1998-01-24', 'Giovani Effertz', 'Fae Jones', '823 Adelle PlaceLake Daniellastad, NV 62133', NULL, '2022-08-24 11:01:17', '2023-03-22 18:14:38', NULL, 'M'),
(4, 'Korbin', 'Kshlerin', 'E480/2022', 'North Ottomouth', '1981-05-17', 'Mr. Troy Kshlerin DVM', 'Prof. Elinore Ritchie I', '7516 Muller Summit Apt. 197\nLake Chloe, CT 79149-3041', NULL, '2022-08-24 11:01:17', '2022-09-09 13:16:57', '2022-09-09 13:16:57', 'F'),
(5, 'Carli', 'Rutherford', 'E464/2022', 'Candidafort', '2004-12-20', 'Seamus Runte', 'Frieda Hamill', '2401 Nienow Squares Suite 503\nSouth Robbie, MO 79972-3885', NULL, '2022-08-24 11:01:17', '2022-08-24 11:01:17', NULL, 'F'),
(6, 'Otilia', 'Collier', 'E493/2022', 'Funkbury', '1979-11-11', 'Dr. Laurel Funk', 'Ms. Myrtis Leffler', '55071 Morissette Loaf\nHanefort, OK 95998', NULL, '2022-08-24 11:01:17', '2022-08-24 11:01:17', NULL, 'F'),
(7, 'Cole', 'Lowe', 'E102/2022', 'New Afton', '2022-04-09', 'Dr. Darien Larkin', 'Miss Maddison Gusikowski DDS', '938 Nadia Road Apt. 825\nNorth Dianna, NV 19446', NULL, '2022-08-24 11:01:17', '2022-08-24 11:01:17', NULL, 'M'),
(8, 'Alison', 'Braun', 'E460/2022', 'Paucekfurt', '2009-02-01', 'Antone Schmidt', 'Nina Berge', '848 Garry Street Apt. 802\nLake Ephraim, MD 65470', NULL, '2022-08-24 11:01:17', '2022-08-24 11:01:17', NULL, 'F'),
(9, 'Clarissa', 'Langosh', 'E112/2022', 'Lake Kolbyside', '1989-09-22', 'Luigi Stark', 'Asa Cormier', '384 Schmeler Squares Suite 724\nWest Eudorahaven, MO 33504-1676', NULL, '2022-08-24 11:01:17', '2022-08-24 11:01:17', NULL, 'F'),
(10, 'Eloise', 'Volkman', 'E406/2022', 'Kalliestad', '2002-04-12', 'Jaylon Fahey', 'Madaline Nader', '245 Stoltenberg Road Apt. 403\nNew Sheldonberg, RI 88277', NULL, '2022-08-24 11:01:17', '2022-08-24 11:01:17', NULL, 'M'),
(11, 'Brendan', 'Klocko', 'E417/2022', 'North Adolphborough', '1978-12-24', 'Brenden Klein', 'Ms. Kaya Wintheiser III', '873 Emard Mills\nFeilville, IA 51926-3163', NULL, '2022-08-24 11:01:17', '2022-08-24 11:01:17', NULL, 'F'),
(12, 'Jailyn', 'Kuhlman', 'E447/2022', 'East Frances', '2005-08-21', 'Randall Witting', 'Aditya Mertz', '96138 Alvis Mews\nNorth Jaydenchester, NE 96346-4794', NULL, '2022-08-24 11:01:17', '2022-08-24 11:01:17', NULL, 'M'),
(13, 'Kadin', 'Veum', 'E406/2022', 'Llewellynside', '1998-12-06', 'Kayleigh Treutel', 'Carolyn Erdman', '90885 Mac Keys Suite 448\nHomenickchester, NY 21611-5955', NULL, '2022-08-24 11:01:17', '2022-08-24 11:01:17', NULL, 'F'),
(14, 'Carey', 'Rempel', 'E537/2022', 'North Foster', '1993-10-13', 'Jacey Stoltenberg', 'Dr. Eulah Larson', '489 Borer Walks\nVirgilport, IN 33464-5620', NULL, '2022-08-24 11:01:17', '2022-08-24 11:01:17', NULL, 'M'),
(15, 'Esmeralda', 'Osinski', 'E443/2022', 'Delphiafurt', '2015-08-02', 'Rocio Harvey', 'Ms. Jaqueline Hermiston', '95557 Kirlin Valley Apt. 860\nLake Luella, MD 74754', NULL, '2022-08-24 11:01:17', '2022-08-24 11:01:17', NULL, 'F'),
(16, 'Gabriel', 'Botsford', 'E227/2022', 'New Gailview', '2008-06-11', 'Rylan Rutherford', 'Berenice Treutel', '383 Ferry Trail Apt. 432\nLangmouth, VT 50517', NULL, '2022-08-24 11:01:17', '2023-02-04 09:18:51', '2023-02-04 09:18:51', 'M'),
(17, 'Palma', 'Romaguera', 'E440/2022', 'North Jerry', '2002-07-31', 'Dr. Horace Crist IV', 'Prof. Daphney Lubowitz Sr.', '2182 Ferry Villages Suite 928\nFidelchester, MA 19385-8539', NULL, '2022-08-24 11:01:17', '2022-08-24 11:01:17', NULL, 'F'),
(18, 'Nickolas', 'Hoeger', 'E480/2022', 'Altenwerthborough', '1988-12-21', 'Dr. Sidney Howell PhD', 'Casandra Frami', '7815 Ulises Drives Apt. 785\nSouth Briaport, NC 53976', NULL, '2022-08-24 11:01:17', '2022-08-28 21:42:33', '2022-08-28 21:42:33', 'M'),
(19, 'Candace', 'Schowalter', 'E402/2022', 'Ressiemouth', '1977-01-20', 'Heber Lehner', 'Delphia Wisoky', '14799 Anne Ways\nEast Julius, UT 07524', NULL, '2022-08-24 11:01:17', '2022-08-24 11:01:17', NULL, 'F'),
(20, 'Gilda', 'Keebler', 'E579/2022', 'East Luisaville', '1985-03-31', 'Prof. Cordelia Hahn', 'Natalie Abshire', '15863 Abernathy Meadow Suite 163\nNorth Brielle, MD 53461-7406', NULL, '2022-08-24 11:01:17', '2022-08-24 11:01:17', NULL, 'F'),
(21, 'Bartime Mulindi', 'MHD', 'E580/2022', 'Bukavu', '2006-01-12', 'Mulindi Kabanga', 'Luguvi Antoinette', '23/B Jean Miruho, Panzi, Ibanda, Bukavu', 3, '2022-08-28 19:41:00', '2023-07-06 20:21:11', NULL, 'M'),
(22, 'Atosha Molisho', 'Nickel', 'E581/2022', 'Bujumbura', '2022-08-10', 'Beau-Pere', 'Belle-Mere', '121 Gihosha, Gihosha, Bujumbura-Merie', 6, '2022-08-28 21:38:04', '2023-06-27 08:17:56', NULL, 'F'),
(23, 'Brayant', 'Kobe', 'E582/2022', 'New York', '1559-12-12', 'Bryant Jackson', 'Alida Jackson', 'Kinindo', NULL, '2022-08-31 06:49:56', '2022-11-19 08:48:39', NULL, 'M'),
(24, 'Bintu Rutakaza', 'Teddy', 'E583/2022', 'Kinshasa', '1993-12-12', 'Rutakaza Sr', 'Mme Rutakaza', 'Bujumbura', NULL, '2022-09-09 13:01:38', '2022-11-19 08:48:20', NULL, 'M'),
(25, 'Christian', 'Jerry', 'E584/2022', 'Lemera', '1993-01-08', 'Mulindi', 'Antoinette', 'Bukavu', NULL, '2022-09-15 11:15:15', '2022-11-19 08:46:29', NULL, 'M'),
(26, 'Enseignant', 'Gouver', 'E585/2022', 'Bukavu', '2022-09-25', 'Rutakaza Sr', 'Belle-Mere', '23/B Jean Miruho, Panzi, Ibanda, Bukavu', NULL, '2022-09-15 11:34:44', '2023-04-13 19:39:28', '2023-04-13 19:39:28', 'M'),
(27, 'Ndioni Tonobunu', 'Jeannot', 'E586/2022', 'Goma', '1995-10-10', 'Tonobunu', 'Mme Tonobunu', '19 Nyakabiga 2, Mukaza, Bujumbura-Merie', NULL, '2022-11-19 08:07:14', '2023-01-31 08:32:04', NULL, 'M'),
(28, 'Ingenieur', 'Jascript', 'E587/2023', 'Bukavu', '2023-02-03', 'Rutakaza Sr', 'Belle-Mere', '23/B Jean Miruho, Panzi, Ibanda, Bukavu', NULL, '2023-02-03 12:04:05', '2023-02-04 07:23:54', '2023-02-04 07:23:54', 'M'),
(29, 'Enseignant', 'Gouver', 'E588/2023', 'Bukavu', '2023-02-04', 'Rutakaza Sr', 'Belle-Mere', '23/B Jean Miruho, Panzi, Ibanda, Bukavu', NULL, '2023-02-03 12:06:27', '2023-02-04 07:23:47', '2023-02-04 07:23:47', 'M'),
(30, 'KIZA KABANGA', 'Sebastien', 'E587/2023', 'Lemera', '1995-10-05', 'KIZA KABANGA', 'BAHATI KABANGA', 'Bujumbura, Cibitoke', 3, '2023-04-02 07:49:52', '2023-04-12 09:02:53', NULL, 'M'),
(31, 'Cirhuza Masumbuko', 'Chrispin', 'E588/2023', 'Bukavu', '2002-12-12', 'Jean Mado', 'Kyala', 'PZ Route Panzi', 4, '2023-04-12 20:29:08', '2023-04-13 19:53:40', NULL, 'M'),
(32, 'Cithona jerome', 'fabrice', 'E589/2023', 'Bukavu', '2000-11-01', 'Cithona', 'Antoinette', 'av. Jean miruho', 4, '2023-04-13 10:27:28', '2023-04-13 10:38:19', NULL, 'M'),
(33, 'cubaka mirhimeluga', 'rodrigue', 'E590/2023', 'bukavu', '2000-12-04', 'mirhimeluga', 'Soise', 'route panzi', NULL, '2023-04-13 13:34:02', '2023-04-13 13:34:02', NULL, 'M'),
(34, 'Zawadi Lubala', 'Jeanne D\'Arc', 'E591/2023', 'Bukavu', '2000-04-12', 'Lubala Chibuzi', 'Madame Chibuzi', 'Mushununu', NULL, '2023-04-13 19:55:41', '2023-04-13 19:55:41', NULL, 'F'),
(35, 'julie prisca', 'julia', 'E592/2023', 'Goma', '1999-08-12', 'lucien', 'mireille', 'asiatique', 5, '2023-06-05 11:17:11', '2023-06-27 08:17:01', NULL, 'F'),
(36, 'Marie Charlotte Molisho', 'Furaha Nathalie', 'E593/2023', 'Bujumbura', '2014-12-15', 'Molisho le pere', 'Marie Furaha', 'Gihosha', NULL, '2023-06-06 09:45:31', '2023-06-29 15:49:59', NULL, 'F'),
(37, 'Abraham Mulindi', 'Tommy', 'E594/2023', 'Bukavu', '2001-01-12', 'Mulindi Kabanga', 'Luguvi Antoinette', '23/B Jean Miruho, Panzi, Ibanda, Bukavu', 3, '2023-07-06 20:22:00', '2023-07-14 11:35:38', NULL, 'M'),
(38, 'Aristote', 'Angek', 'E595/2023', 'Bujumbura', '2023-07-07', 'Aristo le Pere', 'Angele La mere', '19 Nyakabiga 2, Mukaza, Bujumbura-Merie', NULL, '2023-07-07 21:18:29', '2023-07-07 21:18:29', NULL, 'M'),
(39, 'MUhizirwa', 'jean', 'E596/2023', 'Bukavu', '2008-01-08', 'Muhizirwa Alex', 'Jeanne Muhizirwa', '19 Nyakabiga 2, Mukaza, Bujumbura-Merie', NULL, '2023-07-08 06:21:25', '2023-07-08 06:21:25', NULL, 'M');

-- --------------------------------------------------------

--
-- Structure de la table `eleve_conduites`
--

CREATE TABLE `eleve_conduites` (
  `id` bigint(20) UNSIGNED NOT NULL,
  `eleve_id` bigint(20) UNSIGNED DEFAULT NULL,
  `conduite_id` bigint(20) UNSIGNED DEFAULT NULL,
  `periode_id` bigint(20) UNSIGNED DEFAULT NULL,
  `created_at` timestamp NULL DEFAULT NULL,
  `updated_at` timestamp NULL DEFAULT NULL,
  `deleted_at` timestamp NULL DEFAULT NULL
) ENGINE=InnoDB DEFAULT CHARSET=utf8mb4 COLLATE=utf8mb4_unicode_ci;

--
-- Déchargement des données de la table `eleve_conduites`
--

INSERT INTO `eleve_conduites` (`id`, `eleve_id`, `conduite_id`, `periode_id`, `created_at`, `updated_at`, `deleted_at`) VALUES
(1, 21, 1, 1, '2023-04-07 18:23:05', '2023-04-07 18:23:06', NULL),
(2, 21, 2, 2, '2023-04-09 17:49:41', '2023-04-09 17:49:41', NULL),
(3, 31, 4, 6, '2023-04-13 12:21:03', '2023-04-13 12:21:04', NULL),
(4, 21, 2, 3, '2023-04-14 16:43:45', '2023-06-11 20:40:32', NULL),
(5, 21, 5, 4, '2023-04-14 17:08:49', '2023-04-14 17:08:49', NULL),
(6, 21, 3, 5, '2023-04-30 14:49:36', '2023-04-30 14:49:36', NULL),
(7, 21, 3, 6, '2023-04-30 14:50:02', '2023-04-30 14:50:02', NULL),
(8, 37, 2, 1, '2023-07-07 20:19:33', '2023-07-07 20:19:33', NULL),
(9, 37, 3, 2, '2023-07-14 10:35:46', '2023-07-14 10:35:46', NULL),
(10, 37, 2, 3, '2023-07-14 10:36:25', '2023-07-14 10:36:25', NULL),
(11, 37, 3, 4, '2023-07-14 10:36:50', '2023-07-14 10:36:50', NULL),
(12, 37, 4, 5, '2023-07-14 10:37:04', '2023-07-14 10:37:04', NULL),
(13, 37, 4, 5, '2023-07-14 10:37:35', '2023-07-14 10:37:35', NULL),
(14, 37, 4, 5, '2023-07-14 10:43:55', '2023-07-14 10:43:55', NULL),
(15, 37, 2, 6, '2023-07-14 10:44:10', '2023-07-14 10:44:10', NULL);

-- --------------------------------------------------------

--
-- Structure de la table `eleve_evaluation`
--

CREATE TABLE `eleve_evaluation` (
  `id` bigint(20) UNSIGNED NOT NULL,
  `eleve_id` bigint(20) UNSIGNED NOT NULL,
  `evaluation_id` bigint(20) UNSIGNED NOT NULL,
  `note_obtenu` int(11) NOT NULL DEFAULT '0',
  `created_at` timestamp NULL DEFAULT CURRENT_TIMESTAMP,
  `updated_at` timestamp NULL DEFAULT CURRENT_TIMESTAMP,
  `deleted_at` timestamp NULL DEFAULT NULL
) ENGINE=InnoDB DEFAULT CHARSET=utf8mb4 COLLATE=utf8mb4_unicode_ci;

--
-- Déchargement des données de la table `eleve_evaluation`
--

INSERT INTO `eleve_evaluation` (`id`, `eleve_id`, `evaluation_id`, `note_obtenu`, `created_at`, `updated_at`, `deleted_at`) VALUES
(1, 21, 1, 3, '2022-08-31 10:14:16', '2023-05-02 06:59:12', NULL),
(2, 21, 2, 8, '2022-08-31 10:14:17', '2022-08-31 10:14:15', NULL),
(3, 21, 3, 4, '2022-08-31 10:14:13', '2022-08-31 10:14:14', NULL),
(9, 21, 4, 8, '2022-09-01 00:59:52', '2022-09-01 00:59:52', NULL),
(10, 21, 5, 4, '2022-09-01 01:00:23', '2022-09-01 01:00:24', NULL),
(11, 21, 6, 5, '2022-09-01 02:33:54', '2022-09-01 02:33:54', NULL),
(12, 21, 7, 7, '2022-09-02 01:59:56', '2022-09-02 01:59:57', NULL),
(13, 21, 8, 3, '2022-09-02 02:00:53', '2022-09-02 02:00:53', NULL),
(14, 21, 9, 6, '2022-09-02 02:01:17', '2022-09-02 02:01:17', NULL),
(15, 21, 10, 5, '2022-09-02 02:01:30', '2022-09-02 02:01:30', NULL),
(16, 21, 11, 3, '2022-09-02 02:01:37', NULL, NULL),
(40, 21, 29, 6, NULL, NULL, NULL),
(53, 21, 30, 8, NULL, NULL, NULL),
(66, 21, 31, 8, NULL, NULL, NULL),
(79, 21, 32, 4, NULL, NULL, NULL),
(92, 21, 33, 7, NULL, NULL, NULL),
(105, 21, 34, 5, NULL, NULL, NULL),
(118, 21, 35, 4, NULL, NULL, NULL),
(131, 21, 36, 8, NULL, NULL, NULL),
(144, 21, 37, 8, NULL, NULL, NULL),
(157, 21, 38, 5, NULL, NULL, NULL),
(170, 21, 39, 6, NULL, NULL, NULL),
(183, 21, 40, 6, NULL, NULL, NULL),
(196, 21, 41, 3, NULL, NULL, NULL),
(209, 21, 42, 6, NULL, NULL, NULL),
(222, 21, 43, 15, NULL, NULL, NULL),
(235, 21, 44, 3, NULL, NULL, NULL),
(248, 21, 45, 0, NULL, NULL, NULL),
(261, 21, 46, 5, NULL, NULL, NULL),
(274, 21, 47, 6, NULL, NULL, NULL),
(287, 21, 48, 3, NULL, NULL, NULL),
(300, 21, 49, 5, NULL, NULL, NULL),
(313, 21, 50, 8, NULL, NULL, NULL),
(326, 21, 51, 8, NULL, NULL, NULL),
(339, 21, 52, 8, NULL, NULL, NULL),
(351, 21, 53, 0, NULL, NULL, NULL),
(364, 21, 54, 9, NULL, NULL, NULL),
(377, 21, 55, 7, NULL, '2023-04-13 13:07:25', NULL),
(390, 21, 56, 0, NULL, NULL, NULL),
(398, 21, 67, 0, NULL, NULL, NULL),
(413, 21, 68, 9, '2023-04-13 13:17:41', '2023-04-13 11:24:36', NULL),
(428, 21, 69, 0, '2023-04-13 14:14:03', '2023-04-13 14:14:03', NULL),
(443, 21, 70, 0, '2023-04-13 14:14:36', '2023-04-13 14:14:36', NULL),
(458, 21, 71, 2, '2023-04-13 14:48:24', '2023-04-13 12:49:06', NULL),
(473, 21, 72, 10, '2023-04-13 15:04:00', '2023-04-13 13:06:52', NULL),
(490, 21, 75, 0, '2023-04-13 21:50:15', '2023-04-13 21:50:15', NULL),
(505, 21, 76, 0, '2023-04-13 21:50:45', '2023-04-13 21:50:45', NULL),
(520, 21, 77, 30, '2023-04-13 21:51:09', '2023-05-22 09:57:05', NULL),
(535, 21, 78, 18, '2023-04-13 21:51:27', '2023-05-03 09:21:25', NULL),
(595, 21, 74, 0, '2023-04-18 22:57:06', '2023-04-18 22:57:06', NULL),
(1364, 8, 1, 0, '2023-05-03 10:01:55', '2023-05-03 10:01:55', NULL),
(1365, 8, 3, 0, '2023-05-03 10:01:55', '2023-05-03 10:01:55', NULL),
(1366, 8, 6, 0, '2023-05-03 10:01:55', '2023-05-03 10:01:55', NULL),
(1367, 8, 9, 0, '2023-05-03 10:01:55', '2023-05-03 10:01:55', NULL),
(1368, 8, 10, 0, '2023-05-03 10:01:55', '2023-05-03 10:01:55', NULL),
(1369, 8, 29, 0, '2023-05-03 10:01:55', '2023-05-03 10:01:55', NULL),
(1370, 8, 31, 0, '2023-05-03 10:01:55', '2023-05-03 10:01:55', NULL),
(1371, 8, 35, 0, '2023-05-03 10:01:55', '2023-05-03 10:01:55', NULL),
(1372, 8, 36, 0, '2023-05-03 10:01:55', '2023-05-03 10:01:55', NULL),
(1373, 8, 40, 0, '2023-05-03 10:01:55', '2023-05-03 10:01:55', NULL),
(1374, 8, 53, 0, '2023-05-03 10:01:55', '2023-05-03 10:01:55', NULL),
(1375, 8, 54, 0, '2023-05-03 10:01:55', '2023-05-03 10:01:55', NULL),
(1376, 8, 55, 0, '2023-05-03 10:01:55', '2023-05-03 10:01:55', NULL),
(1377, 8, 56, 0, '2023-05-03 10:01:55', '2023-05-03 10:01:55', NULL),
(1378, 8, 68, 0, '2023-05-03 10:01:55', '2023-05-03 10:01:55', NULL),
(1379, 8, 2, 0, '2023-05-03 10:01:55', '2023-05-03 10:01:55', NULL),
(1380, 8, 11, 0, '2023-05-03 10:01:55', '2023-05-03 10:01:55', NULL),
(1381, 8, 33, 0, '2023-05-03 10:01:55', '2023-05-03 10:01:55', NULL),
(1382, 8, 38, 0, '2023-05-03 10:01:55', '2023-05-03 10:01:55', NULL),
(1383, 8, 42, 0, '2023-05-03 10:01:55', '2023-05-03 10:01:55', NULL),
(1384, 8, 44, 0, '2023-05-03 10:01:55', '2023-05-03 10:01:55', NULL),
(1385, 8, 67, 0, '2023-05-03 10:01:55', '2023-05-03 10:01:55', NULL),
(1386, 8, 5, 0, '2023-05-03 10:01:55', '2023-05-03 10:01:55', NULL),
(1387, 8, 8, 0, '2023-05-03 10:01:55', '2023-05-03 10:01:55', NULL),
(1388, 8, 30, 0, '2023-05-03 10:01:55', '2023-05-03 10:01:55', NULL),
(1389, 8, 32, 0, '2023-05-03 10:01:55', '2023-05-03 10:01:55', NULL),
(1390, 8, 37, 0, '2023-05-03 10:01:55', '2023-05-03 10:01:55', NULL),
(1391, 8, 41, 0, '2023-05-03 10:01:55', '2023-05-03 10:01:55', NULL),
(1392, 8, 4, 0, '2023-05-03 10:01:55', '2023-05-03 10:01:55', NULL),
(1393, 8, 7, 0, '2023-05-03 10:01:55', '2023-05-03 10:01:55', NULL),
(1394, 8, 34, 0, '2023-05-03 10:01:55', '2023-05-03 10:01:55', NULL),
(1395, 8, 39, 0, '2023-05-03 10:01:55', '2023-05-03 10:01:55', NULL),
(1396, 8, 43, 0, '2023-05-03 10:01:55', '2023-05-03 10:01:55', NULL),
(1397, 8, 46, 0, '2023-05-03 10:01:55', '2023-05-03 10:01:55', NULL),
(1398, 8, 70, 0, '2023-05-03 10:01:55', '2023-05-03 10:01:55', NULL),
(1399, 8, 47, 0, '2023-05-03 10:01:55', '2023-05-03 10:01:55', NULL),
(1400, 8, 48, 0, '2023-05-03 10:01:55', '2023-05-03 10:01:55', NULL),
(1401, 8, 49, 0, '2023-05-03 10:01:55', '2023-05-03 10:01:55', NULL),
(1402, 8, 50, 0, '2023-05-03 10:01:55', '2023-05-03 10:01:55', NULL),
(1403, 8, 51, 0, '2023-05-03 10:01:55', '2023-05-03 10:01:55', NULL),
(1404, 8, 52, 0, '2023-05-03 10:01:55', '2023-05-03 10:01:55', NULL),
(1405, 8, 69, 0, '2023-05-03 10:01:55', '2023-05-03 10:01:55', NULL),
(1406, 8, 71, 0, '2023-05-03 10:01:55', '2023-05-03 10:01:55', NULL),
(1407, 8, 72, 0, '2023-05-03 10:01:55', '2023-05-03 10:01:55', NULL),
(1408, 8, 75, 0, '2023-05-03 10:01:55', '2023-05-03 10:01:55', NULL),
(1409, 8, 76, 0, '2023-05-03 10:01:55', '2023-05-03 10:01:55', NULL),
(1410, 8, 77, 0, '2023-05-03 10:01:55', '2023-05-03 10:01:55', NULL),
(1411, 8, 78, 9, '2023-05-03 10:01:55', '2023-05-22 09:46:12', NULL),
(1412, 22, 1, 0, '2023-05-03 10:01:59', '2023-06-27 08:26:23', NULL),
(1413, 22, 3, 3, '2023-05-03 10:01:59', '2023-06-27 05:09:10', NULL),
(1414, 22, 6, 6, '2023-05-03 10:01:59', '2023-06-27 05:09:10', NULL),
(1415, 22, 9, 6, '2023-05-03 10:01:59', '2023-06-27 05:09:10', NULL),
(1416, 22, 10, 3, '2023-05-03 10:01:59', '2023-06-27 05:09:10', NULL),
(1417, 22, 29, 6, '2023-05-03 10:01:59', '2023-06-27 05:09:10', NULL),
(1418, 22, 31, 0, '2023-05-03 10:01:59', '2023-06-27 08:25:09', NULL),
(1419, 22, 35, 3, '2023-05-03 10:01:59', '2023-06-27 05:09:10', NULL),
(1420, 22, 36, 0, '2023-05-03 10:01:59', '2023-05-03 10:01:59', NULL),
(1421, 22, 40, 6, '2023-05-03 10:01:59', '2023-06-27 05:09:10', NULL),
(1422, 22, 53, 0, '2023-05-03 10:01:59', '2023-05-03 10:01:59', NULL),
(1423, 22, 54, 6, '2023-05-03 10:01:59', '2023-06-27 05:09:10', NULL),
(1424, 22, 55, 6, '2023-05-03 10:01:59', '2023-06-27 05:09:10', NULL),
(1425, 22, 56, 32, '2023-05-03 10:01:59', '2023-06-27 05:09:10', NULL),
(1426, 22, 68, 14, '2023-05-03 10:01:59', '2023-06-27 05:09:10', NULL),
(1427, 22, 2, 6, '2023-05-03 10:01:59', '2023-06-27 05:09:10', NULL),
(1428, 22, 11, 6, '2023-05-03 10:01:59', '2023-06-27 05:09:10', NULL),
(1429, 22, 33, 6, '2023-05-03 10:01:59', '2023-06-27 05:09:10', NULL),
(1430, 22, 38, 6, '2023-05-03 10:01:59', '2023-06-27 05:09:10', NULL),
(1431, 22, 42, 6, '2023-05-03 10:01:59', '2023-06-27 05:09:10', NULL),
(1432, 22, 44, 14, '2023-05-03 10:01:59', '2023-06-27 05:09:10', NULL),
(1433, 22, 67, 14, '2023-05-03 10:01:59', '2023-06-27 05:09:10', NULL),
(1434, 22, 5, 6, '2023-05-03 10:01:59', '2023-06-27 05:09:10', NULL),
(1435, 22, 8, 6, '2023-05-03 10:01:59', '2023-06-27 05:09:10', NULL),
(1436, 22, 30, 6, '2023-05-03 10:01:59', '2023-06-27 05:09:10', NULL),
(1437, 22, 32, 6, '2023-05-03 10:01:59', '2023-06-27 05:09:10', NULL),
(1438, 22, 37, 6, '2023-05-03 10:01:59', '2023-06-27 05:09:10', NULL),
(1439, 22, 41, 6, '2023-05-03 10:01:59', '2023-06-27 05:09:10', NULL),
(1440, 22, 4, 6, '2023-05-03 10:01:59', '2023-06-27 05:09:10', NULL),
(1441, 22, 7, 6, '2023-05-03 10:01:59', '2023-06-27 05:09:10', NULL),
(1442, 22, 34, 6, '2023-05-03 10:01:59', '2023-06-27 05:09:10', NULL),
(1443, 22, 39, 6, '2023-05-03 10:01:59', '2023-06-27 05:09:10', NULL),
(1444, 22, 43, 14, '2023-05-03 10:01:59', '2023-06-27 05:09:10', NULL),
(1445, 22, 46, 6, '2023-05-03 10:01:59', '2023-06-27 05:09:10', NULL),
(1446, 22, 70, 14, '2023-05-03 10:01:59', '2023-06-27 05:09:10', NULL),
(1447, 22, 47, 6, '2023-05-03 10:01:59', '2023-06-27 05:09:10', NULL),
(1448, 22, 48, 6, '2023-05-03 10:01:59', '2023-06-27 05:09:10', NULL),
(1449, 22, 49, 6, '2023-05-03 10:01:59', '2023-06-27 05:09:10', NULL),
(1450, 22, 50, 6, '2023-05-03 10:01:59', '2023-06-27 05:09:10', NULL),
(1451, 22, 51, 6, '2023-05-03 10:01:59', '2023-06-27 05:09:10', NULL),
(1452, 22, 52, 6, '2023-05-03 10:01:59', '2023-06-27 05:09:10', NULL),
(1453, 22, 69, 6, '2023-05-03 10:01:59', '2023-06-27 05:09:10', NULL),
(1454, 22, 71, 0, '2023-05-03 10:01:59', '2023-05-03 10:01:59', NULL),
(1455, 22, 72, 6, '2023-05-03 10:01:59', '2023-06-27 05:09:10', NULL),
(1456, 22, 75, 14, '2023-05-03 10:01:59', '2023-06-27 05:09:10', NULL),
(1457, 22, 76, 0, '2023-05-03 10:01:59', '2023-05-03 10:01:59', NULL),
(1458, 22, 77, 32, '2023-05-03 10:01:59', '2023-06-27 05:09:10', NULL),
(1459, 22, 78, 14, '2023-05-03 10:01:59', '2023-06-27 05:09:10', NULL),
(1460, 23, 1, 0, '2023-05-03 10:02:02', '2023-05-03 10:02:02', NULL),
(1461, 23, 3, 0, '2023-05-03 10:02:02', '2023-05-03 10:02:02', NULL),
(1462, 23, 6, 0, '2023-05-03 10:02:02', '2023-05-03 10:02:02', NULL),
(1463, 23, 9, 0, '2023-05-03 10:02:02', '2023-05-03 10:02:02', NULL),
(1464, 23, 10, 0, '2023-05-03 10:02:02', '2023-05-03 10:02:02', NULL),
(1465, 23, 29, 0, '2023-05-03 10:02:02', '2023-05-03 10:02:02', NULL),
(1466, 23, 31, 0, '2023-05-03 10:02:02', '2023-05-03 10:02:02', NULL),
(1467, 23, 35, 0, '2023-05-03 10:02:02', '2023-05-03 10:02:02', NULL),
(1468, 23, 36, 0, '2023-05-03 10:02:02', '2023-05-03 10:02:02', NULL),
(1469, 23, 40, 0, '2023-05-03 10:02:02', '2023-05-03 10:02:02', NULL),
(1470, 23, 53, 0, '2023-05-03 10:02:02', '2023-05-03 10:02:02', NULL),
(1471, 23, 54, 0, '2023-05-03 10:02:02', '2023-05-03 10:02:02', NULL),
(1472, 23, 55, 0, '2023-05-03 10:02:02', '2023-05-03 10:02:02', NULL),
(1473, 23, 56, 0, '2023-05-03 10:02:02', '2023-05-03 10:02:02', NULL),
(1474, 23, 68, 0, '2023-05-03 10:02:02', '2023-05-03 10:02:02', NULL),
(1475, 23, 2, 0, '2023-05-03 10:02:02', '2023-05-03 10:02:02', NULL),
(1476, 23, 11, 0, '2023-05-03 10:02:02', '2023-05-03 10:02:02', NULL),
(1477, 23, 33, 0, '2023-05-03 10:02:02', '2023-05-03 10:02:02', NULL),
(1478, 23, 38, 0, '2023-05-03 10:02:02', '2023-05-03 10:02:02', NULL),
(1479, 23, 42, 0, '2023-05-03 10:02:02', '2023-05-03 10:02:02', NULL),
(1480, 23, 44, 0, '2023-05-03 10:02:02', '2023-05-03 10:02:02', NULL),
(1481, 23, 67, 0, '2023-05-03 10:02:02', '2023-05-03 10:02:02', NULL),
(1482, 23, 5, 0, '2023-05-03 10:02:02', '2023-05-03 10:02:02', NULL),
(1483, 23, 8, 0, '2023-05-03 10:02:02', '2023-05-03 10:02:02', NULL),
(1484, 23, 30, 0, '2023-05-03 10:02:02', '2023-05-03 10:02:02', NULL),
(1485, 23, 32, 0, '2023-05-03 10:02:02', '2023-05-03 10:02:02', NULL),
(1486, 23, 37, 0, '2023-05-03 10:02:02', '2023-05-03 10:02:02', NULL),
(1487, 23, 41, 0, '2023-05-03 10:02:02', '2023-05-03 10:02:02', NULL),
(1488, 23, 4, 0, '2023-05-03 10:02:02', '2023-05-03 10:02:02', NULL),
(1489, 23, 7, 0, '2023-05-03 10:02:02', '2023-05-03 10:02:02', NULL),
(1490, 23, 34, 0, '2023-05-03 10:02:02', '2023-05-03 10:02:02', NULL),
(1491, 23, 39, 0, '2023-05-03 10:02:02', '2023-05-03 10:02:02', NULL),
(1492, 23, 43, 0, '2023-05-03 10:02:02', '2023-05-03 10:02:02', NULL),
(1493, 23, 46, 0, '2023-05-03 10:02:02', '2023-05-03 10:02:02', NULL),
(1494, 23, 70, 0, '2023-05-03 10:02:02', '2023-05-03 10:02:02', NULL),
(1495, 23, 47, 0, '2023-05-03 10:02:02', '2023-05-03 10:02:02', NULL),
(1496, 23, 48, 0, '2023-05-03 10:02:02', '2023-05-03 10:02:02', NULL),
(1497, 23, 49, 0, '2023-05-03 10:02:02', '2023-05-03 10:02:02', NULL),
(1498, 23, 50, 0, '2023-05-03 10:02:02', '2023-05-03 10:02:02', NULL),
(1499, 23, 51, 0, '2023-05-03 10:02:02', '2023-05-03 10:02:02', NULL),
(1500, 23, 52, 0, '2023-05-03 10:02:02', '2023-05-03 10:02:02', NULL),
(1501, 23, 69, 0, '2023-05-03 10:02:02', '2023-05-03 10:02:02', NULL),
(1502, 23, 71, 0, '2023-05-03 10:02:02', '2023-05-03 10:02:02', NULL),
(1503, 23, 72, 0, '2023-05-03 10:02:02', '2023-05-03 10:02:02', NULL),
(1504, 23, 75, 0, '2023-05-03 10:02:02', '2023-05-03 10:02:02', NULL),
(1505, 23, 76, 0, '2023-05-03 10:02:02', '2023-05-03 10:02:02', NULL),
(1506, 23, 77, 0, '2023-05-03 10:02:02', '2023-05-03 10:02:02', NULL),
(1507, 23, 78, 15, '2023-05-03 10:02:02', '2023-05-22 09:46:27', NULL),
(1508, 5, 1, 0, '2023-05-03 10:02:05', '2023-05-03 10:02:05', NULL),
(1509, 5, 3, 0, '2023-05-03 10:02:05', '2023-05-03 10:02:05', NULL),
(1510, 5, 6, 0, '2023-05-03 10:02:05', '2023-05-03 10:02:05', NULL),
(1511, 5, 9, 0, '2023-05-03 10:02:05', '2023-05-03 10:02:05', NULL),
(1512, 5, 10, 0, '2023-05-03 10:02:05', '2023-05-03 10:02:05', NULL),
(1513, 5, 29, 0, '2023-05-03 10:02:05', '2023-05-03 10:02:05', NULL),
(1514, 5, 31, 0, '2023-05-03 10:02:05', '2023-05-03 10:02:05', NULL),
(1515, 5, 35, 0, '2023-05-03 10:02:05', '2023-05-03 10:02:05', NULL),
(1516, 5, 36, 0, '2023-05-03 10:02:05', '2023-05-03 10:02:05', NULL),
(1517, 5, 40, 0, '2023-05-03 10:02:05', '2023-05-03 10:02:05', NULL),
(1518, 5, 53, 0, '2023-05-03 10:02:05', '2023-05-03 10:02:05', NULL),
(1519, 5, 54, 0, '2023-05-03 10:02:05', '2023-05-03 10:02:05', NULL),
(1520, 5, 55, 0, '2023-05-03 10:02:05', '2023-05-03 10:02:05', NULL),
(1521, 5, 56, 0, '2023-05-03 10:02:05', '2023-05-03 10:02:05', NULL),
(1522, 5, 68, 0, '2023-05-03 10:02:05', '2023-05-03 10:02:05', NULL),
(1523, 5, 2, 0, '2023-05-03 10:02:05', '2023-05-03 10:02:05', NULL),
(1524, 5, 11, 0, '2023-05-03 10:02:05', '2023-05-03 10:02:05', NULL),
(1525, 5, 33, 0, '2023-05-03 10:02:05', '2023-05-03 10:02:05', NULL),
(1526, 5, 38, 0, '2023-05-03 10:02:05', '2023-05-03 10:02:05', NULL),
(1527, 5, 42, 0, '2023-05-03 10:02:05', '2023-05-03 10:02:05', NULL),
(1528, 5, 44, 0, '2023-05-03 10:02:05', '2023-05-03 10:02:05', NULL),
(1529, 5, 67, 0, '2023-05-03 10:02:05', '2023-05-03 10:02:05', NULL),
(1530, 5, 5, 0, '2023-05-03 10:02:05', '2023-05-03 10:02:05', NULL),
(1531, 5, 8, 0, '2023-05-03 10:02:05', '2023-05-03 10:02:05', NULL),
(1532, 5, 30, 0, '2023-05-03 10:02:05', '2023-05-03 10:02:05', NULL),
(1533, 5, 32, 0, '2023-05-03 10:02:05', '2023-05-03 10:02:05', NULL),
(1534, 5, 37, 0, '2023-05-03 10:02:05', '2023-05-03 10:02:05', NULL),
(1535, 5, 41, 0, '2023-05-03 10:02:05', '2023-05-03 10:02:05', NULL),
(1536, 5, 4, 0, '2023-05-03 10:02:05', '2023-05-03 10:02:05', NULL),
(1537, 5, 7, 0, '2023-05-03 10:02:05', '2023-05-03 10:02:05', NULL),
(1538, 5, 34, 0, '2023-05-03 10:02:05', '2023-05-03 10:02:05', NULL),
(1539, 5, 39, 0, '2023-05-03 10:02:05', '2023-05-03 10:02:05', NULL),
(1540, 5, 43, 0, '2023-05-03 10:02:05', '2023-05-03 10:02:05', NULL),
(1541, 5, 46, 0, '2023-05-03 10:02:05', '2023-05-03 10:02:05', NULL),
(1542, 5, 70, 0, '2023-05-03 10:02:05', '2023-05-03 10:02:05', NULL),
(1543, 5, 47, 0, '2023-05-03 10:02:05', '2023-05-03 10:02:05', NULL),
(1544, 5, 48, 0, '2023-05-03 10:02:05', '2023-05-03 10:02:05', NULL),
(1545, 5, 49, 0, '2023-05-03 10:02:05', '2023-05-03 10:02:05', NULL),
(1546, 5, 50, 0, '2023-05-03 10:02:05', '2023-05-03 10:02:05', NULL),
(1547, 5, 51, 0, '2023-05-03 10:02:05', '2023-05-03 10:02:05', NULL),
(1548, 5, 52, 0, '2023-05-03 10:02:05', '2023-05-03 10:02:05', NULL),
(1549, 5, 69, 0, '2023-05-03 10:02:05', '2023-05-03 10:02:05', NULL),
(1550, 5, 71, 0, '2023-05-03 10:02:05', '2023-05-03 10:02:05', NULL),
(1551, 5, 72, 0, '2023-05-03 10:02:05', '2023-05-03 10:02:05', NULL),
(1552, 5, 75, 0, '2023-05-03 10:02:05', '2023-05-03 10:02:05', NULL),
(1553, 5, 76, 0, '2023-05-03 10:02:05', '2023-05-03 10:02:05', NULL),
(1554, 5, 77, 0, '2023-05-03 10:02:05', '2023-05-03 10:02:05', NULL),
(1555, 5, 78, 14, '2023-05-03 10:02:05', '2023-05-03 09:23:44', NULL),
(1556, 25, 1, 0, '2023-05-03 10:02:08', '2023-05-03 10:02:08', NULL),
(1557, 25, 3, 0, '2023-05-03 10:02:08', '2023-05-03 10:02:08', NULL),
(1558, 25, 6, 0, '2023-05-03 10:02:08', '2023-05-03 10:02:08', NULL),
(1559, 25, 9, 0, '2023-05-03 10:02:08', '2023-05-03 10:02:08', NULL),
(1560, 25, 10, 0, '2023-05-03 10:02:08', '2023-05-03 10:02:08', NULL),
(1561, 25, 29, 0, '2023-05-03 10:02:08', '2023-05-03 10:02:08', NULL),
(1562, 25, 31, 0, '2023-05-03 10:02:08', '2023-05-03 10:02:08', NULL),
(1563, 25, 35, 0, '2023-05-03 10:02:08', '2023-05-03 10:02:08', NULL),
(1564, 25, 36, 0, '2023-05-03 10:02:08', '2023-05-03 10:02:08', NULL),
(1565, 25, 40, 0, '2023-05-03 10:02:08', '2023-05-03 10:02:08', NULL),
(1566, 25, 53, 0, '2023-05-03 10:02:08', '2023-05-03 10:02:08', NULL),
(1567, 25, 54, 0, '2023-05-03 10:02:08', '2023-05-03 10:02:08', NULL),
(1568, 25, 55, 0, '2023-05-03 10:02:08', '2023-05-03 10:02:08', NULL),
(1569, 25, 56, 0, '2023-05-03 10:02:08', '2023-05-03 10:02:08', NULL),
(1570, 25, 68, 0, '2023-05-03 10:02:08', '2023-05-03 10:02:08', NULL),
(1571, 25, 2, 0, '2023-05-03 10:02:08', '2023-05-03 10:02:08', NULL),
(1572, 25, 11, 0, '2023-05-03 10:02:08', '2023-05-03 10:02:08', NULL),
(1573, 25, 33, 0, '2023-05-03 10:02:08', '2023-05-03 10:02:08', NULL),
(1574, 25, 38, 0, '2023-05-03 10:02:08', '2023-05-03 10:02:08', NULL),
(1575, 25, 42, 0, '2023-05-03 10:02:08', '2023-05-03 10:02:08', NULL),
(1576, 25, 44, 0, '2023-05-03 10:02:08', '2023-05-03 10:02:08', NULL),
(1577, 25, 67, 0, '2023-05-03 10:02:08', '2023-05-03 10:02:08', NULL),
(1578, 25, 5, 0, '2023-05-03 10:02:08', '2023-05-03 10:02:08', NULL),
(1579, 25, 8, 0, '2023-05-03 10:02:08', '2023-05-03 10:02:08', NULL),
(1580, 25, 30, 0, '2023-05-03 10:02:08', '2023-05-03 10:02:08', NULL),
(1581, 25, 32, 0, '2023-05-03 10:02:08', '2023-05-03 10:02:08', NULL),
(1582, 25, 37, 0, '2023-05-03 10:02:08', '2023-05-03 10:02:08', NULL),
(1583, 25, 41, 0, '2023-05-03 10:02:08', '2023-05-03 10:02:08', NULL),
(1584, 25, 4, 0, '2023-05-03 10:02:08', '2023-05-03 10:02:08', NULL),
(1585, 25, 7, 0, '2023-05-03 10:02:08', '2023-05-03 10:02:08', NULL),
(1586, 25, 34, 0, '2023-05-03 10:02:08', '2023-05-03 10:02:08', NULL),
(1587, 25, 39, 0, '2023-05-03 10:02:08', '2023-05-03 10:02:08', NULL),
(1588, 25, 43, 0, '2023-05-03 10:02:08', '2023-05-03 10:02:08', NULL),
(1589, 25, 46, 0, '2023-05-03 10:02:08', '2023-05-03 10:02:08', NULL),
(1590, 25, 70, 0, '2023-05-03 10:02:08', '2023-05-03 10:02:08', NULL),
(1591, 25, 47, 0, '2023-05-03 10:02:08', '2023-05-03 10:02:08', NULL),
(1592, 25, 48, 0, '2023-05-03 10:02:08', '2023-05-03 10:02:08', NULL),
(1593, 25, 49, 0, '2023-05-03 10:02:08', '2023-05-03 10:02:08', NULL),
(1594, 25, 50, 0, '2023-05-03 10:02:08', '2023-05-03 10:02:08', NULL),
(1595, 25, 51, 0, '2023-05-03 10:02:08', '2023-05-03 10:02:08', NULL),
(1596, 25, 52, 0, '2023-05-03 10:02:08', '2023-05-03 10:02:08', NULL),
(1597, 25, 69, 0, '2023-05-03 10:02:08', '2023-05-03 10:02:08', NULL),
(1598, 25, 71, 0, '2023-05-03 10:02:08', '2023-05-03 10:02:08', NULL),
(1599, 25, 72, 0, '2023-05-03 10:02:08', '2023-05-03 10:02:08', NULL),
(1600, 25, 75, 0, '2023-05-03 10:02:08', '2023-05-03 10:02:08', NULL),
(1601, 25, 76, 0, '2023-05-03 10:02:08', '2023-05-03 10:02:08', NULL),
(1602, 25, 77, 0, '2023-05-03 10:02:08', '2023-05-03 10:02:08', NULL),
(1603, 25, 78, 9, '2023-05-03 10:02:08', '2023-05-22 09:46:34', NULL),
(1604, 31, 1, 0, '2023-05-03 10:02:11', '2023-05-03 10:02:11', NULL),
(1605, 31, 3, 0, '2023-05-03 10:02:11', '2023-05-03 10:02:11', NULL),
(1606, 31, 6, 0, '2023-05-03 10:02:11', '2023-05-03 10:02:11', NULL),
(1607, 31, 9, 0, '2023-05-03 10:02:11', '2023-05-03 10:02:11', NULL),
(1608, 31, 10, 0, '2023-05-03 10:02:11', '2023-05-03 10:02:11', NULL),
(1609, 31, 29, 0, '2023-05-03 10:02:11', '2023-05-03 10:02:11', NULL),
(1610, 31, 31, 0, '2023-05-03 10:02:11', '2023-05-03 10:02:11', NULL),
(1611, 31, 35, 0, '2023-05-03 10:02:11', '2023-05-03 10:02:11', NULL),
(1612, 31, 36, 0, '2023-05-03 10:02:11', '2023-05-03 10:02:11', NULL),
(1613, 31, 40, 0, '2023-05-03 10:02:11', '2023-05-03 10:02:11', NULL),
(1614, 31, 53, 0, '2023-05-03 10:02:11', '2023-05-03 10:02:11', NULL),
(1615, 31, 54, 0, '2023-05-03 10:02:11', '2023-05-03 10:02:11', NULL),
(1616, 31, 55, 0, '2023-05-03 10:02:11', '2023-05-03 10:02:11', NULL),
(1617, 31, 56, 0, '2023-05-03 10:02:11', '2023-05-03 10:02:11', NULL),
(1618, 31, 68, 0, '2023-05-03 10:02:11', '2023-05-03 10:02:11', NULL),
(1619, 31, 2, 0, '2023-05-03 10:02:11', '2023-05-03 10:02:11', NULL),
(1620, 31, 11, 0, '2023-05-03 10:02:11', '2023-05-03 10:02:11', NULL),
(1621, 31, 33, 0, '2023-05-03 10:02:11', '2023-05-03 10:02:11', NULL),
(1622, 31, 38, 0, '2023-05-03 10:02:11', '2023-05-03 10:02:11', NULL),
(1623, 31, 42, 0, '2023-05-03 10:02:11', '2023-05-03 10:02:11', NULL),
(1624, 31, 44, 0, '2023-05-03 10:02:11', '2023-05-03 10:02:11', NULL),
(1625, 31, 67, 0, '2023-05-03 10:02:11', '2023-05-03 10:02:11', NULL),
(1626, 31, 5, 0, '2023-05-03 10:02:11', '2023-05-03 10:02:11', NULL),
(1627, 31, 8, 0, '2023-05-03 10:02:11', '2023-05-03 10:02:11', NULL),
(1628, 31, 30, 0, '2023-05-03 10:02:11', '2023-05-03 10:02:11', NULL),
(1629, 31, 32, 0, '2023-05-03 10:02:11', '2023-05-03 10:02:11', NULL),
(1630, 31, 37, 0, '2023-05-03 10:02:11', '2023-05-03 10:02:11', NULL),
(1631, 31, 41, 0, '2023-05-03 10:02:11', '2023-05-03 10:02:11', NULL),
(1632, 31, 4, 0, '2023-05-03 10:02:11', '2023-05-03 10:02:11', NULL),
(1633, 31, 7, 0, '2023-05-03 10:02:11', '2023-05-03 10:02:11', NULL),
(1634, 31, 34, 0, '2023-05-03 10:02:11', '2023-05-03 10:02:11', NULL),
(1635, 31, 39, 0, '2023-05-03 10:02:11', '2023-05-03 10:02:11', NULL),
(1636, 31, 43, 0, '2023-05-03 10:02:11', '2023-05-03 10:02:11', NULL),
(1637, 31, 46, 0, '2023-05-03 10:02:11', '2023-05-03 10:02:11', NULL),
(1638, 31, 70, 0, '2023-05-03 10:02:11', '2023-05-03 10:02:11', NULL),
(1639, 31, 47, 0, '2023-05-03 10:02:11', '2023-05-03 10:02:11', NULL),
(1640, 31, 48, 0, '2023-05-03 10:02:11', '2023-05-03 10:02:11', NULL),
(1641, 31, 49, 0, '2023-05-03 10:02:11', '2023-05-03 10:02:11', NULL),
(1642, 31, 50, 0, '2023-05-03 10:02:11', '2023-05-03 10:02:11', NULL),
(1643, 31, 51, 0, '2023-05-03 10:02:11', '2023-05-03 10:02:11', NULL),
(1644, 31, 52, 0, '2023-05-03 10:02:11', '2023-05-03 10:02:11', NULL),
(1645, 31, 69, 0, '2023-05-03 10:02:11', '2023-05-03 10:02:11', NULL),
(1646, 31, 71, 0, '2023-05-03 10:02:11', '2023-05-03 10:02:11', NULL),
(1647, 31, 72, 0, '2023-05-03 10:02:11', '2023-05-03 10:02:11', NULL),
(1648, 31, 75, 0, '2023-05-03 10:02:11', '2023-05-03 10:02:11', NULL),
(1649, 31, 76, 0, '2023-05-03 10:02:11', '2023-05-03 10:02:11', NULL),
(1650, 31, 77, 0, '2023-05-03 10:02:11', '2023-05-03 10:02:11', NULL),
(1651, 31, 78, 11, '2023-05-03 10:02:11', '2023-05-22 09:46:39', NULL),
(1652, 9, 1, 0, '2023-05-03 10:02:16', '2023-05-03 10:02:16', NULL),
(1653, 9, 3, 0, '2023-05-03 10:02:16', '2023-05-03 10:02:16', NULL),
(1654, 9, 6, 0, '2023-05-03 10:02:16', '2023-05-03 10:02:16', NULL),
(1655, 9, 9, 0, '2023-05-03 10:02:16', '2023-05-03 10:02:16', NULL),
(1656, 9, 10, 0, '2023-05-03 10:02:16', '2023-05-03 10:02:16', NULL),
(1657, 9, 29, 0, '2023-05-03 10:02:16', '2023-05-03 10:02:16', NULL),
(1658, 9, 31, 0, '2023-05-03 10:02:16', '2023-05-03 10:02:16', NULL),
(1659, 9, 35, 0, '2023-05-03 10:02:16', '2023-05-03 10:02:16', NULL),
(1660, 9, 36, 0, '2023-05-03 10:02:16', '2023-05-03 10:02:16', NULL),
(1661, 9, 40, 0, '2023-05-03 10:02:16', '2023-05-03 10:02:16', NULL),
(1662, 9, 53, 0, '2023-05-03 10:02:16', '2023-05-03 10:02:16', NULL),
(1663, 9, 54, 0, '2023-05-03 10:02:16', '2023-05-03 10:02:16', NULL),
(1664, 9, 55, 0, '2023-05-03 10:02:16', '2023-05-03 10:02:16', NULL),
(1665, 9, 56, 0, '2023-05-03 10:02:16', '2023-05-03 10:02:16', NULL),
(1666, 9, 68, 0, '2023-05-03 10:02:16', '2023-05-03 10:02:16', NULL),
(1667, 9, 2, 0, '2023-05-03 10:02:16', '2023-05-03 10:02:16', NULL),
(1668, 9, 11, 0, '2023-05-03 10:02:16', '2023-05-03 10:02:16', NULL),
(1669, 9, 33, 0, '2023-05-03 10:02:16', '2023-05-03 10:02:16', NULL),
(1670, 9, 38, 0, '2023-05-03 10:02:16', '2023-05-03 10:02:16', NULL),
(1671, 9, 42, 0, '2023-05-03 10:02:16', '2023-05-03 10:02:16', NULL),
(1672, 9, 44, 0, '2023-05-03 10:02:16', '2023-05-03 10:02:16', NULL),
(1673, 9, 67, 0, '2023-05-03 10:02:16', '2023-05-03 10:02:16', NULL),
(1674, 9, 5, 0, '2023-05-03 10:02:16', '2023-05-03 10:02:16', NULL),
(1675, 9, 8, 0, '2023-05-03 10:02:16', '2023-05-03 10:02:16', NULL),
(1676, 9, 30, 0, '2023-05-03 10:02:16', '2023-05-03 10:02:16', NULL),
(1677, 9, 32, 0, '2023-05-03 10:02:16', '2023-05-03 10:02:16', NULL),
(1678, 9, 37, 0, '2023-05-03 10:02:16', '2023-05-03 10:02:16', NULL),
(1679, 9, 41, 0, '2023-05-03 10:02:16', '2023-05-03 10:02:16', NULL),
(1680, 9, 4, 0, '2023-05-03 10:02:16', '2023-05-03 10:02:16', NULL),
(1681, 9, 7, 0, '2023-05-03 10:02:16', '2023-05-03 10:02:16', NULL),
(1682, 9, 34, 0, '2023-05-03 10:02:16', '2023-05-03 10:02:16', NULL),
(1683, 9, 39, 0, '2023-05-03 10:02:16', '2023-05-03 10:02:16', NULL),
(1684, 9, 43, 0, '2023-05-03 10:02:16', '2023-05-03 10:02:16', NULL),
(1685, 9, 46, 0, '2023-05-03 10:02:16', '2023-05-03 10:02:16', NULL),
(1686, 9, 70, 0, '2023-05-03 10:02:16', '2023-05-03 10:02:16', NULL),
(1687, 9, 47, 0, '2023-05-03 10:02:16', '2023-05-03 10:02:16', NULL),
(1688, 9, 48, 0, '2023-05-03 10:02:16', '2023-05-03 10:02:16', NULL),
(1689, 9, 49, 0, '2023-05-03 10:02:16', '2023-05-03 10:02:16', NULL),
(1690, 9, 50, 0, '2023-05-03 10:02:16', '2023-05-03 10:02:16', NULL),
(1691, 9, 51, 0, '2023-05-03 10:02:16', '2023-05-03 10:02:16', NULL),
(1692, 9, 52, 0, '2023-05-03 10:02:16', '2023-05-03 10:02:16', NULL),
(1693, 9, 69, 0, '2023-05-03 10:02:16', '2023-05-03 10:02:16', NULL),
(1694, 9, 71, 0, '2023-05-03 10:02:16', '2023-05-03 10:02:16', NULL),
(1695, 9, 72, 0, '2023-05-03 10:02:16', '2023-05-03 10:02:16', NULL),
(1696, 9, 75, 0, '2023-05-03 10:02:16', '2023-05-03 10:02:16', NULL),
(1697, 9, 76, 0, '2023-05-03 10:02:16', '2023-05-03 10:02:16', NULL),
(1698, 9, 77, 0, '2023-05-03 10:02:16', '2023-05-03 10:02:16', NULL),
(1699, 9, 78, 5, '2023-05-03 10:02:16', '2023-05-03 09:23:45', NULL),
(1700, 7, 1, 0, '2023-05-03 10:02:22', '2023-05-03 10:02:22', NULL),
(1701, 7, 3, 0, '2023-05-03 10:02:22', '2023-05-03 10:02:22', NULL),
(1702, 7, 6, 0, '2023-05-03 10:02:22', '2023-05-03 10:02:22', NULL),
(1703, 7, 9, 0, '2023-05-03 10:02:22', '2023-05-03 10:02:22', NULL),
(1704, 7, 10, 0, '2023-05-03 10:02:22', '2023-05-03 10:02:22', NULL),
(1705, 7, 29, 0, '2023-05-03 10:02:22', '2023-05-03 10:02:22', NULL),
(1706, 7, 31, 0, '2023-05-03 10:02:22', '2023-05-03 10:02:22', NULL),
(1707, 7, 35, 0, '2023-05-03 10:02:22', '2023-05-03 10:02:22', NULL),
(1708, 7, 36, 0, '2023-05-03 10:02:22', '2023-05-03 10:02:22', NULL),
(1709, 7, 40, 0, '2023-05-03 10:02:22', '2023-05-03 10:02:22', NULL),
(1710, 7, 53, 0, '2023-05-03 10:02:22', '2023-05-03 10:02:22', NULL),
(1711, 7, 54, 0, '2023-05-03 10:02:22', '2023-05-03 10:02:22', NULL),
(1712, 7, 55, 0, '2023-05-03 10:02:22', '2023-05-03 10:02:22', NULL),
(1713, 7, 56, 0, '2023-05-03 10:02:22', '2023-05-03 10:02:22', NULL),
(1714, 7, 68, 0, '2023-05-03 10:02:22', '2023-05-03 10:02:22', NULL),
(1715, 7, 2, 0, '2023-05-03 10:02:22', '2023-05-03 10:02:22', NULL),
(1716, 7, 11, 0, '2023-05-03 10:02:22', '2023-05-03 10:02:22', NULL),
(1717, 7, 33, 0, '2023-05-03 10:02:22', '2023-05-03 10:02:22', NULL),
(1718, 7, 38, 0, '2023-05-03 10:02:22', '2023-05-03 10:02:22', NULL),
(1719, 7, 42, 0, '2023-05-03 10:02:22', '2023-05-03 10:02:22', NULL),
(1720, 7, 44, 0, '2023-05-03 10:02:22', '2023-05-03 10:02:22', NULL),
(1721, 7, 67, 0, '2023-05-03 10:02:22', '2023-05-03 10:02:22', NULL),
(1722, 7, 5, 0, '2023-05-03 10:02:22', '2023-05-03 10:02:22', NULL),
(1723, 7, 8, 0, '2023-05-03 10:02:22', '2023-05-03 10:02:22', NULL),
(1724, 7, 30, 0, '2023-05-03 10:02:22', '2023-05-03 10:02:22', NULL),
(1725, 7, 32, 0, '2023-05-03 10:02:22', '2023-05-03 10:02:22', NULL),
(1726, 7, 37, 0, '2023-05-03 10:02:22', '2023-05-03 10:02:22', NULL),
(1727, 7, 41, 0, '2023-05-03 10:02:22', '2023-05-03 10:02:22', NULL),
(1728, 7, 4, 0, '2023-05-03 10:02:22', '2023-05-03 10:02:22', NULL),
(1729, 7, 7, 0, '2023-05-03 10:02:22', '2023-05-03 10:02:22', NULL),
(1730, 7, 34, 0, '2023-05-03 10:02:22', '2023-05-03 10:02:22', NULL),
(1731, 7, 39, 0, '2023-05-03 10:02:22', '2023-05-03 10:02:22', NULL),
(1732, 7, 43, 0, '2023-05-03 10:02:22', '2023-05-03 10:02:22', NULL),
(1733, 7, 46, 0, '2023-05-03 10:02:22', '2023-05-03 10:02:22', NULL),
(1734, 7, 70, 0, '2023-05-03 10:02:22', '2023-05-03 10:02:22', NULL),
(1735, 7, 47, 0, '2023-05-03 10:02:22', '2023-05-03 10:02:22', NULL),
(1736, 7, 48, 0, '2023-05-03 10:02:22', '2023-05-03 10:02:22', NULL),
(1737, 7, 49, 0, '2023-05-03 10:02:22', '2023-05-03 10:02:22', NULL),
(1738, 7, 50, 0, '2023-05-03 10:02:22', '2023-05-03 10:02:22', NULL),
(1739, 7, 51, 0, '2023-05-03 10:02:22', '2023-05-03 10:02:22', NULL),
(1740, 7, 52, 0, '2023-05-03 10:02:22', '2023-05-03 10:02:22', NULL),
(1741, 7, 69, 0, '2023-05-03 10:02:22', '2023-05-03 10:02:22', NULL),
(1742, 7, 71, 0, '2023-05-03 10:02:22', '2023-05-03 10:02:22', NULL),
(1743, 7, 72, 0, '2023-05-03 10:02:22', '2023-05-03 10:02:22', NULL),
(1744, 7, 75, 0, '2023-05-03 10:02:22', '2023-05-03 10:02:22', NULL),
(1745, 7, 76, 0, '2023-05-03 10:02:22', '2023-05-03 10:02:22', NULL),
(1746, 7, 77, 0, '2023-05-03 10:02:22', '2023-05-03 10:02:22', NULL),
(1747, 7, 78, 9, '2023-05-03 10:02:22', '2023-05-03 09:26:20', NULL),
(1748, 10, 1, 0, '2023-05-03 10:02:24', '2023-05-03 10:02:24', NULL),
(1749, 10, 3, 0, '2023-05-03 10:02:24', '2023-05-03 10:02:24', NULL),
(1750, 10, 6, 0, '2023-05-03 10:02:24', '2023-05-03 10:02:24', NULL),
(1751, 10, 9, 0, '2023-05-03 10:02:24', '2023-05-03 10:02:24', NULL),
(1752, 10, 10, 0, '2023-05-03 10:02:24', '2023-05-03 10:02:24', NULL),
(1753, 10, 29, 0, '2023-05-03 10:02:24', '2023-05-03 10:02:24', NULL),
(1754, 10, 31, 0, '2023-05-03 10:02:24', '2023-05-03 10:02:24', NULL),
(1755, 10, 35, 0, '2023-05-03 10:02:24', '2023-05-03 10:02:24', NULL),
(1756, 10, 36, 0, '2023-05-03 10:02:24', '2023-05-03 10:02:24', NULL),
(1757, 10, 40, 0, '2023-05-03 10:02:24', '2023-05-03 10:02:24', NULL),
(1758, 10, 53, 0, '2023-05-03 10:02:24', '2023-05-03 10:02:24', NULL),
(1759, 10, 54, 0, '2023-05-03 10:02:24', '2023-05-03 10:02:24', NULL),
(1760, 10, 55, 0, '2023-05-03 10:02:24', '2023-05-03 10:02:24', NULL),
(1761, 10, 56, 0, '2023-05-03 10:02:24', '2023-05-03 10:02:24', NULL),
(1762, 10, 68, 0, '2023-05-03 10:02:24', '2023-05-03 10:02:24', NULL),
(1763, 10, 2, 0, '2023-05-03 10:02:24', '2023-05-03 10:02:24', NULL),
(1764, 10, 11, 0, '2023-05-03 10:02:24', '2023-05-03 10:02:24', NULL),
(1765, 10, 33, 0, '2023-05-03 10:02:24', '2023-05-03 10:02:24', NULL),
(1766, 10, 38, 0, '2023-05-03 10:02:24', '2023-05-03 10:02:24', NULL),
(1767, 10, 42, 0, '2023-05-03 10:02:24', '2023-05-03 10:02:24', NULL),
(1768, 10, 44, 0, '2023-05-03 10:02:24', '2023-05-03 10:02:24', NULL),
(1769, 10, 67, 0, '2023-05-03 10:02:24', '2023-05-03 10:02:24', NULL),
(1770, 10, 5, 0, '2023-05-03 10:02:24', '2023-05-03 10:02:24', NULL),
(1771, 10, 8, 0, '2023-05-03 10:02:24', '2023-05-03 10:02:24', NULL),
(1772, 10, 30, 0, '2023-05-03 10:02:24', '2023-05-03 10:02:24', NULL),
(1773, 10, 32, 0, '2023-05-03 10:02:24', '2023-05-03 10:02:24', NULL),
(1774, 10, 37, 0, '2023-05-03 10:02:24', '2023-05-03 10:02:24', NULL),
(1775, 10, 41, 0, '2023-05-03 10:02:24', '2023-05-03 10:02:24', NULL),
(1776, 10, 4, 0, '2023-05-03 10:02:24', '2023-05-03 10:02:24', NULL),
(1777, 10, 7, 0, '2023-05-03 10:02:24', '2023-05-03 10:02:24', NULL),
(1778, 10, 34, 0, '2023-05-03 10:02:24', '2023-05-03 10:02:24', NULL),
(1779, 10, 39, 0, '2023-05-03 10:02:24', '2023-05-03 10:02:24', NULL),
(1780, 10, 43, 0, '2023-05-03 10:02:24', '2023-05-03 10:02:24', NULL),
(1781, 10, 46, 0, '2023-05-03 10:02:24', '2023-05-03 10:02:24', NULL),
(1782, 10, 70, 0, '2023-05-03 10:02:24', '2023-05-03 10:02:24', NULL),
(1783, 10, 47, 0, '2023-05-03 10:02:24', '2023-05-03 10:02:24', NULL),
(1784, 10, 48, 0, '2023-05-03 10:02:24', '2023-05-03 10:02:24', NULL),
(1785, 10, 49, 0, '2023-05-03 10:02:24', '2023-05-03 10:02:24', NULL),
(1786, 10, 50, 0, '2023-05-03 10:02:24', '2023-05-03 10:02:24', NULL),
(1787, 10, 51, 0, '2023-05-03 10:02:24', '2023-05-03 10:02:24', NULL),
(1788, 10, 52, 0, '2023-05-03 10:02:24', '2023-05-03 10:02:24', NULL),
(1789, 10, 69, 0, '2023-05-03 10:02:24', '2023-05-03 10:02:24', NULL),
(1790, 10, 71, 0, '2023-05-03 10:02:24', '2023-05-03 10:02:24', NULL),
(1791, 10, 72, 0, '2023-05-03 10:02:24', '2023-05-03 10:02:24', NULL),
(1792, 10, 75, 0, '2023-05-03 10:02:24', '2023-05-03 10:02:24', NULL),
(1793, 10, 76, 0, '2023-05-03 10:02:24', '2023-05-03 10:02:24', NULL),
(1794, 10, 77, 0, '2023-05-03 10:02:24', '2023-05-03 10:02:24', NULL),
(1795, 10, 78, 18, '2023-05-03 10:02:24', '2023-05-03 09:26:02', NULL),
(1796, 3, 1, 0, '2023-05-03 10:02:26', '2023-05-03 10:02:26', NULL),
(1797, 3, 3, 0, '2023-05-03 10:02:26', '2023-05-03 10:02:26', NULL),
(1798, 3, 6, 0, '2023-05-03 10:02:26', '2023-05-03 10:02:26', NULL),
(1799, 3, 9, 0, '2023-05-03 10:02:26', '2023-05-03 10:02:26', NULL),
(1800, 3, 10, 0, '2023-05-03 10:02:26', '2023-05-03 10:02:26', NULL),
(1801, 3, 29, 0, '2023-05-03 10:02:26', '2023-05-03 10:02:26', NULL),
(1802, 3, 31, 0, '2023-05-03 10:02:26', '2023-05-03 10:02:26', NULL),
(1803, 3, 35, 0, '2023-05-03 10:02:26', '2023-05-03 10:02:26', NULL),
(1804, 3, 36, 0, '2023-05-03 10:02:26', '2023-05-03 10:02:26', NULL),
(1805, 3, 40, 0, '2023-05-03 10:02:26', '2023-05-03 10:02:26', NULL),
(1806, 3, 53, 0, '2023-05-03 10:02:26', '2023-05-03 10:02:26', NULL),
(1807, 3, 54, 0, '2023-05-03 10:02:26', '2023-05-03 10:02:26', NULL),
(1808, 3, 55, 0, '2023-05-03 10:02:26', '2023-05-03 10:02:26', NULL),
(1809, 3, 56, 0, '2023-05-03 10:02:26', '2023-05-03 10:02:26', NULL),
(1810, 3, 68, 0, '2023-05-03 10:02:26', '2023-05-03 10:02:26', NULL),
(1811, 3, 2, 0, '2023-05-03 10:02:26', '2023-05-03 10:02:26', NULL),
(1812, 3, 11, 0, '2023-05-03 10:02:26', '2023-05-03 10:02:26', NULL),
(1813, 3, 33, 0, '2023-05-03 10:02:26', '2023-05-03 10:02:26', NULL),
(1814, 3, 38, 0, '2023-05-03 10:02:26', '2023-05-03 10:02:26', NULL),
(1815, 3, 42, 0, '2023-05-03 10:02:26', '2023-05-03 10:02:26', NULL),
(1816, 3, 44, 0, '2023-05-03 10:02:26', '2023-05-03 10:02:26', NULL),
(1817, 3, 67, 0, '2023-05-03 10:02:26', '2023-05-03 10:02:26', NULL),
(1818, 3, 5, 0, '2023-05-03 10:02:26', '2023-05-03 10:02:26', NULL),
(1819, 3, 8, 0, '2023-05-03 10:02:26', '2023-05-03 10:02:26', NULL),
(1820, 3, 30, 0, '2023-05-03 10:02:26', '2023-05-03 10:02:26', NULL),
(1821, 3, 32, 0, '2023-05-03 10:02:26', '2023-05-03 10:02:26', NULL),
(1822, 3, 37, 0, '2023-05-03 10:02:26', '2023-05-03 10:02:26', NULL),
(1823, 3, 41, 0, '2023-05-03 10:02:26', '2023-05-03 10:02:26', NULL),
(1824, 3, 4, 0, '2023-05-03 10:02:26', '2023-05-03 10:02:26', NULL),
(1825, 3, 7, 0, '2023-05-03 10:02:26', '2023-05-03 10:02:26', NULL),
(1826, 3, 34, 0, '2023-05-03 10:02:26', '2023-05-03 10:02:26', NULL),
(1827, 3, 39, 0, '2023-05-03 10:02:26', '2023-05-03 10:02:26', NULL),
(1828, 3, 43, 0, '2023-05-03 10:02:26', '2023-05-03 10:02:26', NULL),
(1829, 3, 46, 0, '2023-05-03 10:02:26', '2023-05-03 10:02:26', NULL),
(1830, 3, 70, 0, '2023-05-03 10:02:26', '2023-05-03 10:02:26', NULL),
(1831, 3, 47, 0, '2023-05-03 10:02:26', '2023-05-03 10:02:26', NULL),
(1832, 3, 48, 0, '2023-05-03 10:02:26', '2023-05-03 10:02:26', NULL),
(1833, 3, 49, 0, '2023-05-03 10:02:26', '2023-05-03 10:02:26', NULL),
(1834, 3, 50, 0, '2023-05-03 10:02:26', '2023-05-03 10:02:26', NULL),
(1835, 3, 51, 0, '2023-05-03 10:02:26', '2023-05-03 10:02:26', NULL),
(1836, 3, 52, 0, '2023-05-03 10:02:26', '2023-05-03 10:02:26', NULL),
(1837, 3, 69, 0, '2023-05-03 10:02:26', '2023-05-03 10:02:26', NULL),
(1838, 3, 71, 0, '2023-05-03 10:02:26', '2023-05-03 10:02:26', NULL),
(1839, 3, 72, 0, '2023-05-03 10:02:26', '2023-05-03 10:02:26', NULL),
(1840, 3, 75, 0, '2023-05-03 10:02:26', '2023-05-03 10:02:26', NULL),
(1841, 3, 76, 0, '2023-05-03 10:02:26', '2023-05-03 10:02:26', NULL),
(1842, 3, 77, 0, '2023-05-03 10:02:26', '2023-05-03 10:02:26', NULL),
(1843, 3, 78, 19, '2023-05-03 10:02:26', '2023-05-03 09:26:03', NULL),
(1844, 2, 1, 0, '2023-05-03 10:02:28', '2023-05-03 10:02:28', NULL),
(1845, 2, 3, 0, '2023-05-03 10:02:28', '2023-05-03 10:02:28', NULL),
(1846, 2, 6, 0, '2023-05-03 10:02:28', '2023-05-03 10:02:28', NULL),
(1847, 2, 9, 0, '2023-05-03 10:02:28', '2023-05-03 10:02:28', NULL),
(1848, 2, 10, 0, '2023-05-03 10:02:28', '2023-05-03 10:02:28', NULL),
(1849, 2, 29, 0, '2023-05-03 10:02:28', '2023-05-03 10:02:28', NULL),
(1850, 2, 31, 0, '2023-05-03 10:02:28', '2023-05-03 10:02:28', NULL),
(1851, 2, 35, 0, '2023-05-03 10:02:28', '2023-05-03 10:02:28', NULL),
(1852, 2, 36, 0, '2023-05-03 10:02:28', '2023-05-03 10:02:28', NULL),
(1853, 2, 40, 0, '2023-05-03 10:02:28', '2023-05-03 10:02:28', NULL),
(1854, 2, 53, 0, '2023-05-03 10:02:28', '2023-05-03 10:02:28', NULL),
(1855, 2, 54, 0, '2023-05-03 10:02:28', '2023-05-03 10:02:28', NULL),
(1856, 2, 55, 0, '2023-05-03 10:02:28', '2023-05-03 10:02:28', NULL),
(1857, 2, 56, 0, '2023-05-03 10:02:28', '2023-05-03 10:02:28', NULL),
(1858, 2, 68, 0, '2023-05-03 10:02:28', '2023-05-03 10:02:28', NULL),
(1859, 2, 2, 0, '2023-05-03 10:02:28', '2023-05-03 10:02:28', NULL),
(1860, 2, 11, 0, '2023-05-03 10:02:28', '2023-05-03 10:02:28', NULL),
(1861, 2, 33, 0, '2023-05-03 10:02:28', '2023-05-03 10:02:28', NULL),
(1862, 2, 38, 0, '2023-05-03 10:02:28', '2023-05-03 10:02:28', NULL),
(1863, 2, 42, 0, '2023-05-03 10:02:28', '2023-05-03 10:02:28', NULL),
(1864, 2, 44, 0, '2023-05-03 10:02:28', '2023-05-03 10:02:28', NULL),
(1865, 2, 67, 0, '2023-05-03 10:02:28', '2023-05-03 10:02:28', NULL),
(1866, 2, 5, 0, '2023-05-03 10:02:28', '2023-05-03 10:02:28', NULL),
(1867, 2, 8, 0, '2023-05-03 10:02:28', '2023-05-03 10:02:28', NULL),
(1868, 2, 30, 0, '2023-05-03 10:02:28', '2023-05-03 10:02:28', NULL),
(1869, 2, 32, 0, '2023-05-03 10:02:28', '2023-05-03 10:02:28', NULL),
(1870, 2, 37, 0, '2023-05-03 10:02:28', '2023-05-03 10:02:28', NULL),
(1871, 2, 41, 0, '2023-05-03 10:02:28', '2023-05-03 10:02:28', NULL),
(1872, 2, 4, 0, '2023-05-03 10:02:28', '2023-05-03 10:02:28', NULL),
(1873, 2, 7, 0, '2023-05-03 10:02:28', '2023-05-03 10:02:28', NULL),
(1874, 2, 34, 0, '2023-05-03 10:02:28', '2023-05-03 10:02:28', NULL),
(1875, 2, 39, 0, '2023-05-03 10:02:28', '2023-05-03 10:02:28', NULL),
(1876, 2, 43, 0, '2023-05-03 10:02:28', '2023-05-03 10:02:28', NULL),
(1877, 2, 46, 0, '2023-05-03 10:02:28', '2023-05-03 10:02:28', NULL),
(1878, 2, 70, 0, '2023-05-03 10:02:28', '2023-05-03 10:02:28', NULL),
(1879, 2, 47, 0, '2023-05-03 10:02:28', '2023-05-03 10:02:28', NULL),
(1880, 2, 48, 0, '2023-05-03 10:02:28', '2023-05-03 10:02:28', NULL),
(1881, 2, 49, 0, '2023-05-03 10:02:28', '2023-05-03 10:02:28', NULL),
(1882, 2, 50, 0, '2023-05-03 10:02:28', '2023-05-03 10:02:28', NULL),
(1883, 2, 51, 0, '2023-05-03 10:02:28', '2023-05-03 10:02:28', NULL),
(1884, 2, 52, 0, '2023-05-03 10:02:28', '2023-05-03 10:02:28', NULL),
(1885, 2, 69, 0, '2023-05-03 10:02:28', '2023-05-03 10:02:28', NULL),
(1886, 2, 71, 0, '2023-05-03 10:02:28', '2023-05-03 10:02:28', NULL),
(1887, 2, 72, 0, '2023-05-03 10:02:28', '2023-05-03 10:02:28', NULL),
(1888, 2, 75, 0, '2023-05-03 10:02:28', '2023-05-03 10:02:28', NULL),
(1889, 2, 76, 0, '2023-05-03 10:02:28', '2023-05-03 10:02:28', NULL),
(1890, 2, 77, 0, '2023-05-03 10:02:28', '2023-05-03 10:02:28', NULL),
(1891, 2, 78, 11, '2023-05-03 10:02:28', '2023-05-03 09:26:04', NULL),
(1892, 27, 1, 0, '2023-05-03 10:02:31', '2023-05-03 10:02:31', NULL),
(1893, 27, 3, 0, '2023-05-03 10:02:31', '2023-05-03 10:02:31', NULL),
(1894, 27, 6, 0, '2023-05-03 10:02:31', '2023-05-03 10:02:31', NULL),
(1895, 27, 9, 0, '2023-05-03 10:02:31', '2023-05-03 10:02:31', NULL),
(1896, 27, 10, 0, '2023-05-03 10:02:31', '2023-05-03 10:02:31', NULL),
(1897, 27, 29, 0, '2023-05-03 10:02:31', '2023-05-03 10:02:31', NULL),
(1898, 27, 31, 0, '2023-05-03 10:02:31', '2023-05-03 10:02:31', NULL),
(1899, 27, 35, 0, '2023-05-03 10:02:31', '2023-05-03 10:02:31', NULL),
(1900, 27, 36, 0, '2023-05-03 10:02:31', '2023-05-03 10:02:31', NULL),
(1901, 27, 40, 0, '2023-05-03 10:02:31', '2023-05-03 10:02:31', NULL),
(1902, 27, 53, 0, '2023-05-03 10:02:31', '2023-05-03 10:02:31', NULL),
(1903, 27, 54, 0, '2023-05-03 10:02:31', '2023-05-03 10:02:31', NULL),
(1904, 27, 55, 0, '2023-05-03 10:02:31', '2023-05-03 10:02:31', NULL),
(1905, 27, 56, 0, '2023-05-03 10:02:31', '2023-05-03 10:02:31', NULL),
(1906, 27, 68, 0, '2023-05-03 10:02:31', '2023-05-03 10:02:31', NULL),
(1907, 27, 2, 0, '2023-05-03 10:02:31', '2023-05-03 10:02:31', NULL),
(1908, 27, 11, 0, '2023-05-03 10:02:31', '2023-05-03 10:02:31', NULL),
(1909, 27, 33, 0, '2023-05-03 10:02:31', '2023-05-03 10:02:31', NULL),
(1910, 27, 38, 0, '2023-05-03 10:02:31', '2023-05-03 10:02:31', NULL),
(1911, 27, 42, 0, '2023-05-03 10:02:31', '2023-05-03 10:02:31', NULL),
(1912, 27, 44, 0, '2023-05-03 10:02:31', '2023-05-03 10:02:31', NULL),
(1913, 27, 67, 0, '2023-05-03 10:02:31', '2023-05-03 10:02:31', NULL),
(1914, 27, 5, 0, '2023-05-03 10:02:31', '2023-05-03 10:02:31', NULL),
(1915, 27, 8, 0, '2023-05-03 10:02:31', '2023-05-03 10:02:31', NULL),
(1916, 27, 30, 0, '2023-05-03 10:02:31', '2023-05-03 10:02:31', NULL),
(1917, 27, 32, 0, '2023-05-03 10:02:31', '2023-05-03 10:02:31', NULL),
(1918, 27, 37, 0, '2023-05-03 10:02:31', '2023-05-03 10:02:31', NULL),
(1919, 27, 41, 0, '2023-05-03 10:02:31', '2023-05-03 10:02:31', NULL),
(1920, 27, 4, 0, '2023-05-03 10:02:31', '2023-05-03 10:02:31', NULL),
(1921, 27, 7, 7, '2023-05-03 10:02:31', '2023-06-27 04:23:06', NULL),
(1922, 27, 34, 0, '2023-05-03 10:02:31', '2023-05-03 10:02:31', NULL),
(1923, 27, 39, 0, '2023-05-03 10:02:31', '2023-05-03 10:02:31', NULL),
(1924, 27, 43, 0, '2023-05-03 10:02:31', '2023-05-03 10:02:31', NULL),
(1925, 27, 46, 0, '2023-05-03 10:02:31', '2023-05-03 10:02:31', NULL),
(1926, 27, 70, 0, '2023-05-03 10:02:31', '2023-05-03 10:02:31', NULL),
(1927, 27, 47, 0, '2023-05-03 10:02:31', '2023-05-03 10:02:31', NULL),
(1928, 27, 48, 0, '2023-05-03 10:02:31', '2023-05-03 10:02:31', NULL),
(1929, 27, 49, 0, '2023-05-03 10:02:31', '2023-05-03 10:02:31', NULL),
(1930, 27, 50, 0, '2023-05-03 10:02:31', '2023-05-03 10:02:31', NULL),
(1931, 27, 51, 0, '2023-05-03 10:02:31', '2023-05-03 10:02:31', NULL),
(1932, 27, 52, 0, '2023-05-03 10:02:31', '2023-05-03 10:02:31', NULL),
(1933, 27, 69, 0, '2023-05-03 10:02:31', '2023-05-03 10:02:31', NULL),
(1934, 27, 71, 0, '2023-05-03 10:02:31', '2023-05-03 10:02:31', NULL),
(1935, 27, 72, 0, '2023-05-03 10:02:31', '2023-05-03 10:02:31', NULL),
(1936, 27, 75, 0, '2023-05-03 10:02:31', '2023-05-03 10:02:31', NULL),
(1937, 27, 76, 0, '2023-05-03 10:02:31', '2023-05-03 10:02:31', NULL),
(1938, 27, 77, 0, '2023-05-03 10:02:31', '2023-05-03 10:02:31', NULL),
(1939, 27, 78, 18, '2023-05-03 10:02:31', '2023-05-03 09:26:04', NULL),
(1940, 6, 1, 0, '2023-05-03 10:02:32', '2023-05-03 10:02:32', NULL),
(1941, 6, 3, 0, '2023-05-03 10:02:32', '2023-05-03 10:02:32', NULL),
(1942, 6, 6, 0, '2023-05-03 10:02:32', '2023-05-03 10:02:32', NULL),
(1943, 6, 9, 0, '2023-05-03 10:02:32', '2023-05-03 10:02:32', NULL),
(1944, 6, 10, 0, '2023-05-03 10:02:32', '2023-05-03 10:02:32', NULL),
(1945, 6, 29, 0, '2023-05-03 10:02:32', '2023-05-03 10:02:32', NULL),
(1946, 6, 31, 0, '2023-05-03 10:02:32', '2023-05-03 10:02:32', NULL),
(1947, 6, 35, 0, '2023-05-03 10:02:32', '2023-05-03 10:02:32', NULL),
(1948, 6, 36, 0, '2023-05-03 10:02:32', '2023-05-03 10:02:32', NULL),
(1949, 6, 40, 0, '2023-05-03 10:02:32', '2023-05-03 10:02:32', NULL),
(1950, 6, 53, 0, '2023-05-03 10:02:32', '2023-05-03 10:02:32', NULL),
(1951, 6, 54, 0, '2023-05-03 10:02:32', '2023-05-03 10:02:32', NULL),
(1952, 6, 55, 0, '2023-05-03 10:02:32', '2023-05-03 10:02:32', NULL),
(1953, 6, 56, 0, '2023-05-03 10:02:32', '2023-05-03 10:02:32', NULL),
(1954, 6, 68, 0, '2023-05-03 10:02:32', '2023-05-03 10:02:32', NULL),
(1955, 6, 2, 0, '2023-05-03 10:02:32', '2023-05-03 10:02:32', NULL),
(1956, 6, 11, 0, '2023-05-03 10:02:32', '2023-05-03 10:02:32', NULL),
(1957, 6, 33, 0, '2023-05-03 10:02:32', '2023-05-03 10:02:32', NULL),
(1958, 6, 38, 0, '2023-05-03 10:02:32', '2023-05-03 10:02:32', NULL),
(1959, 6, 42, 0, '2023-05-03 10:02:32', '2023-05-03 10:02:32', NULL),
(1960, 6, 44, 0, '2023-05-03 10:02:32', '2023-05-03 10:02:32', NULL),
(1961, 6, 67, 0, '2023-05-03 10:02:32', '2023-05-03 10:02:32', NULL),
(1962, 6, 5, 0, '2023-05-03 10:02:32', '2023-05-03 10:02:32', NULL),
(1963, 6, 8, 0, '2023-05-03 10:02:32', '2023-05-03 10:02:32', NULL),
(1964, 6, 30, 0, '2023-05-03 10:02:32', '2023-05-03 10:02:32', NULL),
(1965, 6, 32, 0, '2023-05-03 10:02:32', '2023-05-03 10:02:32', NULL),
(1966, 6, 37, 0, '2023-05-03 10:02:32', '2023-05-03 10:02:32', NULL),
(1967, 6, 41, 0, '2023-05-03 10:02:32', '2023-05-03 10:02:32', NULL),
(1968, 6, 4, 0, '2023-05-03 10:02:32', '2023-05-03 10:02:32', NULL),
(1969, 6, 7, 0, '2023-05-03 10:02:32', '2023-05-03 10:02:32', NULL),
(1970, 6, 34, 0, '2023-05-03 10:02:32', '2023-05-03 10:02:32', NULL),
(1971, 6, 39, 0, '2023-05-03 10:02:32', '2023-05-03 10:02:32', NULL),
(1972, 6, 43, 0, '2023-05-03 10:02:32', '2023-05-03 10:02:32', NULL),
(1973, 6, 46, 0, '2023-05-03 10:02:32', '2023-05-03 10:02:32', NULL),
(1974, 6, 70, 0, '2023-05-03 10:02:32', '2023-05-03 10:02:32', NULL),
(1975, 6, 47, 0, '2023-05-03 10:02:32', '2023-05-03 10:02:32', NULL),
(1976, 6, 48, 0, '2023-05-03 10:02:32', '2023-05-03 10:02:32', NULL),
(1977, 6, 49, 0, '2023-05-03 10:02:32', '2023-05-03 10:02:32', NULL),
(1978, 6, 50, 0, '2023-05-03 10:02:32', '2023-05-03 10:02:32', NULL),
(1979, 6, 51, 0, '2023-05-03 10:02:32', '2023-05-03 10:02:32', NULL),
(1980, 6, 52, 0, '2023-05-03 10:02:32', '2023-05-03 10:02:32', NULL),
(1981, 6, 69, 0, '2023-05-03 10:02:32', '2023-05-03 10:02:32', NULL),
(1982, 6, 71, 0, '2023-05-03 10:02:32', '2023-05-03 10:02:32', NULL),
(1983, 6, 72, 0, '2023-05-03 10:02:32', '2023-05-03 10:02:32', NULL),
(1984, 6, 75, 0, '2023-05-03 10:02:32', '2023-05-03 10:02:32', NULL),
(1985, 6, 76, 0, '2023-05-03 10:02:32', '2023-05-03 10:02:32', NULL),
(1986, 6, 77, 0, '2023-05-03 10:02:32', '2023-05-03 10:02:32', NULL),
(1987, 6, 78, 9, '2023-05-03 10:02:32', '2023-05-03 09:26:20', NULL),
(1988, 17, 1, 0, '2023-05-03 10:02:35', '2023-05-03 10:02:35', NULL),
(1989, 17, 3, 0, '2023-05-03 10:02:35', '2023-05-03 10:02:35', NULL),
(1990, 17, 6, 0, '2023-05-03 10:02:35', '2023-05-03 10:02:35', NULL),
(1991, 17, 9, 0, '2023-05-03 10:02:35', '2023-05-03 10:02:35', NULL),
(1992, 17, 10, 0, '2023-05-03 10:02:35', '2023-05-03 10:02:35', NULL),
(1993, 17, 29, 0, '2023-05-03 10:02:35', '2023-05-03 10:02:35', NULL),
(1994, 17, 31, 0, '2023-05-03 10:02:35', '2023-05-03 10:02:35', NULL),
(1995, 17, 35, 0, '2023-05-03 10:02:35', '2023-05-03 10:02:35', NULL),
(1996, 17, 36, 0, '2023-05-03 10:02:35', '2023-05-03 10:02:35', NULL),
(1997, 17, 40, 0, '2023-05-03 10:02:35', '2023-05-03 10:02:35', NULL),
(1998, 17, 53, 0, '2023-05-03 10:02:35', '2023-05-03 10:02:35', NULL),
(1999, 17, 54, 0, '2023-05-03 10:02:35', '2023-05-03 10:02:35', NULL),
(2000, 17, 55, 0, '2023-05-03 10:02:35', '2023-05-03 10:02:35', NULL),
(2001, 17, 56, 0, '2023-05-03 10:02:35', '2023-05-03 10:02:35', NULL),
(2002, 17, 68, 0, '2023-05-03 10:02:35', '2023-05-03 10:02:35', NULL),
(2003, 17, 2, 0, '2023-05-03 10:02:35', '2023-05-03 10:02:35', NULL),
(2004, 17, 11, 0, '2023-05-03 10:02:35', '2023-05-03 10:02:35', NULL),
(2005, 17, 33, 0, '2023-05-03 10:02:35', '2023-05-03 10:02:35', NULL),
(2006, 17, 38, 0, '2023-05-03 10:02:35', '2023-05-03 10:02:35', NULL),
(2007, 17, 42, 0, '2023-05-03 10:02:35', '2023-05-03 10:02:35', NULL),
(2008, 17, 44, 0, '2023-05-03 10:02:35', '2023-05-03 10:02:35', NULL),
(2009, 17, 67, 0, '2023-05-03 10:02:35', '2023-05-03 10:02:35', NULL),
(2010, 17, 5, 0, '2023-05-03 10:02:35', '2023-05-03 10:02:35', NULL),
(2011, 17, 8, 0, '2023-05-03 10:02:35', '2023-05-03 10:02:35', NULL),
(2012, 17, 30, 0, '2023-05-03 10:02:35', '2023-05-03 10:02:35', NULL),
(2013, 17, 32, 0, '2023-05-03 10:02:35', '2023-05-03 10:02:35', NULL),
(2014, 17, 37, 0, '2023-05-03 10:02:35', '2023-05-03 10:02:35', NULL),
(2015, 17, 41, 0, '2023-05-03 10:02:35', '2023-05-03 10:02:35', NULL),
(2016, 17, 4, 0, '2023-05-03 10:02:35', '2023-05-03 10:02:35', NULL),
(2017, 17, 7, 0, '2023-05-03 10:02:35', '2023-05-03 10:02:35', NULL),
(2018, 17, 34, 0, '2023-05-03 10:02:35', '2023-05-03 10:02:35', NULL),
(2019, 17, 39, 0, '2023-05-03 10:02:35', '2023-05-03 10:02:35', NULL),
(2020, 17, 43, 0, '2023-05-03 10:02:35', '2023-05-03 10:02:35', NULL),
(2021, 17, 46, 0, '2023-05-03 10:02:35', '2023-05-03 10:02:35', NULL),
(2022, 17, 70, 0, '2023-05-03 10:02:35', '2023-05-03 10:02:35', NULL),
(2023, 17, 47, 0, '2023-05-03 10:02:35', '2023-05-03 10:02:35', NULL),
(2024, 17, 48, 0, '2023-05-03 10:02:35', '2023-05-03 10:02:35', NULL),
(2025, 17, 49, 0, '2023-05-03 10:02:35', '2023-05-03 10:02:35', NULL),
(2026, 17, 50, 0, '2023-05-03 10:02:35', '2023-05-03 10:02:35', NULL),
(2027, 17, 51, 0, '2023-05-03 10:02:35', '2023-05-03 10:02:35', NULL),
(2028, 17, 52, 0, '2023-05-03 10:02:35', '2023-05-03 10:02:35', NULL),
(2029, 17, 69, 0, '2023-05-03 10:02:35', '2023-05-03 10:02:35', NULL),
(2030, 17, 71, 0, '2023-05-03 10:02:35', '2023-05-03 10:02:35', NULL),
(2031, 17, 72, 0, '2023-05-03 10:02:35', '2023-05-03 10:02:35', NULL),
(2032, 17, 75, 0, '2023-05-03 10:02:35', '2023-05-03 10:02:35', NULL),
(2033, 17, 76, 0, '2023-05-03 10:02:35', '2023-05-03 10:02:35', NULL),
(2034, 17, 77, 0, '2023-05-03 10:02:35', '2023-05-03 10:02:35', NULL),
(2035, 17, 78, 10, '2023-05-03 10:02:35', '2023-05-03 09:26:06', NULL),
(2036, 34, 1, 0, '2023-05-03 10:02:37', '2023-05-03 10:02:37', NULL),
(2037, 34, 3, 0, '2023-05-03 10:02:37', '2023-05-03 10:02:37', NULL),
(2038, 34, 6, 0, '2023-05-03 10:02:37', '2023-05-03 10:02:37', NULL),
(2039, 34, 9, 0, '2023-05-03 10:02:37', '2023-05-03 10:02:37', NULL),
(2040, 34, 10, 0, '2023-05-03 10:02:37', '2023-05-03 10:02:37', NULL),
(2041, 34, 29, 0, '2023-05-03 10:02:37', '2023-05-03 10:02:37', NULL),
(2042, 34, 31, 0, '2023-05-03 10:02:37', '2023-05-03 10:02:37', NULL),
(2043, 34, 35, 0, '2023-05-03 10:02:37', '2023-05-03 10:02:37', NULL),
(2044, 34, 36, 0, '2023-05-03 10:02:37', '2023-05-03 10:02:37', NULL),
(2045, 34, 40, 0, '2023-05-03 10:02:37', '2023-05-03 10:02:37', NULL),
(2046, 34, 53, 0, '2023-05-03 10:02:37', '2023-05-03 10:02:37', NULL),
(2047, 34, 54, 0, '2023-05-03 10:02:37', '2023-05-03 10:02:37', NULL),
(2048, 34, 55, 0, '2023-05-03 10:02:37', '2023-05-03 10:02:37', NULL),
(2049, 34, 56, 0, '2023-05-03 10:02:37', '2023-05-03 10:02:37', NULL),
(2050, 34, 68, 0, '2023-05-03 10:02:37', '2023-05-03 10:02:37', NULL),
(2051, 34, 2, 0, '2023-05-03 10:02:37', '2023-05-03 10:02:37', NULL),
(2052, 34, 11, 0, '2023-05-03 10:02:37', '2023-05-03 10:02:37', NULL),
(2053, 34, 33, 0, '2023-05-03 10:02:37', '2023-05-03 10:02:37', NULL),
(2054, 34, 38, 0, '2023-05-03 10:02:37', '2023-05-03 10:02:37', NULL),
(2055, 34, 42, 0, '2023-05-03 10:02:37', '2023-05-03 10:02:37', NULL),
(2056, 34, 44, 0, '2023-05-03 10:02:37', '2023-05-03 10:02:37', NULL),
(2057, 34, 67, 0, '2023-05-03 10:02:37', '2023-05-03 10:02:37', NULL);
INSERT INTO `eleve_evaluation` (`id`, `eleve_id`, `evaluation_id`, `note_obtenu`, `created_at`, `updated_at`, `deleted_at`) VALUES
(2058, 34, 5, 0, '2023-05-03 10:02:37', '2023-05-03 10:02:37', NULL),
(2059, 34, 8, 0, '2023-05-03 10:02:37', '2023-05-03 10:02:37', NULL),
(2060, 34, 30, 0, '2023-05-03 10:02:37', '2023-05-03 10:02:37', NULL),
(2061, 34, 32, 0, '2023-05-03 10:02:37', '2023-05-03 10:02:37', NULL),
(2062, 34, 37, 0, '2023-05-03 10:02:37', '2023-05-03 10:02:37', NULL),
(2063, 34, 41, 0, '2023-05-03 10:02:37', '2023-05-03 10:02:37', NULL),
(2064, 34, 4, 0, '2023-05-03 10:02:37', '2023-05-03 10:02:37', NULL),
(2065, 34, 7, 0, '2023-05-03 10:02:37', '2023-05-03 10:02:37', NULL),
(2066, 34, 34, 0, '2023-05-03 10:02:37', '2023-05-03 10:02:37', NULL),
(2067, 34, 39, 0, '2023-05-03 10:02:37', '2023-05-03 10:02:37', NULL),
(2068, 34, 43, 0, '2023-05-03 10:02:37', '2023-05-03 10:02:37', NULL),
(2069, 34, 46, 0, '2023-05-03 10:02:37', '2023-05-03 10:02:37', NULL),
(2070, 34, 70, 0, '2023-05-03 10:02:37', '2023-05-03 10:02:37', NULL),
(2071, 34, 47, 0, '2023-05-03 10:02:37', '2023-05-03 10:02:37', NULL),
(2072, 34, 48, 0, '2023-05-03 10:02:37', '2023-05-03 10:02:37', NULL),
(2073, 34, 49, 0, '2023-05-03 10:02:37', '2023-05-03 10:02:37', NULL),
(2074, 34, 50, 0, '2023-05-03 10:02:37', '2023-05-03 10:02:37', NULL),
(2075, 34, 51, 0, '2023-05-03 10:02:37', '2023-05-03 10:02:37', NULL),
(2076, 34, 52, 0, '2023-05-03 10:02:37', '2023-05-03 10:02:37', NULL),
(2077, 34, 69, 0, '2023-05-03 10:02:37', '2023-05-03 10:02:37', NULL),
(2078, 34, 71, 0, '2023-05-03 10:02:37', '2023-05-03 10:02:37', NULL),
(2079, 34, 72, 0, '2023-05-03 10:02:37', '2023-05-03 10:02:37', NULL),
(2080, 34, 75, 0, '2023-05-03 10:02:37', '2023-05-03 10:02:37', NULL),
(2081, 34, 76, 0, '2023-05-03 10:02:37', '2023-05-03 10:02:37', NULL),
(2082, 34, 77, 0, '2023-05-03 10:02:37', '2023-05-03 10:02:37', NULL),
(2083, 34, 78, 19, '2023-05-03 10:02:37', '2023-05-03 09:26:06', NULL),
(2084, 21, 79, 13, '2023-05-04 09:26:03', '2023-05-21 22:30:37', NULL),
(2085, 8, 79, 9, '2023-05-04 09:26:03', '2023-05-21 22:37:15', NULL),
(2086, 22, 79, 14, '2023-05-04 09:26:03', '2023-06-27 05:09:10', NULL),
(2087, 23, 79, 0, '2023-05-04 09:26:03', '2023-05-04 09:26:03', NULL),
(2088, 5, 79, 0, '2023-05-04 09:26:03', '2023-05-04 09:26:03', NULL),
(2089, 25, 79, 19, '2023-05-04 09:26:03', '2023-05-04 07:27:07', NULL),
(2090, 31, 79, 3, '2023-05-04 09:26:03', '2023-05-04 07:26:59', NULL),
(2091, 9, 79, 3, '2023-05-04 09:26:03', '2023-06-01 09:09:58', NULL),
(2092, 7, 79, 0, '2023-05-04 09:26:03', '2023-05-04 09:26:03', NULL),
(2093, 10, 79, 0, '2023-05-04 09:26:03', '2023-05-04 09:26:03', NULL),
(2094, 3, 79, 0, '2023-05-04 09:26:03', '2023-05-04 09:26:03', NULL),
(2095, 2, 79, 0, '2023-05-04 09:26:03', '2023-05-04 09:26:03', NULL),
(2096, 27, 79, 0, '2023-05-04 09:26:03', '2023-05-04 09:26:03', NULL),
(2097, 6, 79, 0, '2023-05-04 09:26:03', '2023-05-04 09:26:03', NULL),
(2098, 17, 79, 0, '2023-05-04 09:26:03', '2023-05-04 09:26:03', NULL),
(2099, 34, 79, 0, '2023-05-04 09:26:03', '2023-05-04 09:26:03', NULL),
(2100, 37, 80, 0, '2023-07-06 22:52:34', '2023-07-06 22:52:34', NULL),
(2101, 37, 81, 0, '2023-07-06 22:52:34', '2023-07-06 22:52:34', NULL),
(2102, 37, 82, 0, '2023-07-06 22:52:34', '2023-07-06 22:52:34', NULL),
(2103, 37, 83, 0, '2023-07-06 22:52:34', '2023-07-06 22:52:34', NULL),
(2104, 37, 84, 0, '2023-07-06 22:52:34', '2023-07-06 22:52:34', NULL),
(2105, 37, 85, 0, '2023-07-06 22:52:34', '2023-07-06 22:52:34', NULL),
(2106, 37, 86, 0, '2023-07-06 22:52:34', '2023-07-06 22:52:34', NULL),
(2107, 37, 87, 0, '2023-07-06 22:52:34', '2023-07-06 22:52:34', NULL),
(2108, 37, 88, 0, '2023-07-06 22:52:34', '2023-07-06 22:52:34', NULL),
(2109, 37, 89, 0, '2023-07-06 22:52:34', '2023-07-06 22:52:34', NULL),
(2110, 37, 90, 0, '2023-07-06 22:52:34', '2023-07-06 22:52:34', NULL),
(2111, 37, 91, 0, '2023-07-06 22:52:34', '2023-07-06 22:52:34', NULL),
(2112, 37, 92, 0, '2023-07-06 22:52:34', '2023-07-06 22:52:34', NULL),
(2113, 37, 93, 0, '2023-07-06 22:52:34', '2023-07-06 22:52:34', NULL),
(2114, 37, 94, 0, '2023-07-06 22:52:34', '2023-07-06 22:52:34', NULL),
(2115, 37, 95, 0, '2023-07-06 22:52:34', '2023-07-06 22:52:34', NULL),
(2116, 37, 96, 0, '2023-07-06 22:52:34', '2023-07-06 22:52:34', NULL),
(2117, 37, 97, 0, '2023-07-06 22:52:34', '2023-07-06 22:52:34', NULL),
(2118, 37, 98, 0, '2023-07-06 22:52:34', '2023-07-06 22:52:34', NULL),
(2119, 37, 99, 0, '2023-07-06 22:52:34', '2023-07-06 22:52:34', NULL),
(2120, 37, 100, 0, '2023-07-06 22:52:34', '2023-07-06 22:52:34', NULL),
(2121, 37, 101, 0, '2023-07-06 22:52:34', '2023-07-06 22:52:34', NULL),
(2122, 37, 102, 0, '2023-07-06 22:54:46', '2023-07-06 22:54:46', NULL),
(2123, 37, 103, 0, '2023-07-06 22:54:46', '2023-07-06 22:54:46', NULL),
(2124, 37, 104, 0, '2023-07-06 22:54:46', '2023-07-06 22:54:46', NULL),
(2125, 37, 105, 0, '2023-07-06 22:54:46', '2023-07-06 22:54:46', NULL),
(2126, 37, 106, 0, '2023-07-06 22:54:46', '2023-07-06 22:54:46', NULL),
(2127, 37, 107, 0, '2023-07-06 22:54:46', '2023-07-06 22:54:46', NULL),
(2128, 37, 108, 0, '2023-07-06 22:54:46', '2023-07-06 22:54:46', NULL),
(2129, 37, 109, 0, '2023-07-06 22:54:46', '2023-07-06 22:54:46', NULL),
(2130, 37, 110, 0, '2023-07-06 22:54:46', '2023-07-06 22:54:46', NULL),
(2131, 37, 111, 0, '2023-07-06 22:54:46', '2023-07-06 22:54:46', NULL),
(2132, 37, 112, 0, '2023-07-06 22:54:46', '2023-07-06 22:54:46', NULL),
(2133, 37, 113, 0, '2023-07-06 22:54:46', '2023-07-06 22:54:46', NULL),
(2134, 37, 114, 0, '2023-07-06 22:54:46', '2023-07-06 22:54:46', NULL),
(2135, 37, 115, 0, '2023-07-06 22:54:46', '2023-07-06 22:54:46', NULL),
(2136, 37, 116, 0, '2023-07-06 22:54:46', '2023-07-06 22:54:46', NULL),
(2137, 37, 117, 0, '2023-07-06 22:54:46', '2023-07-06 22:54:46', NULL),
(2138, 37, 118, 0, '2023-07-06 22:54:46', '2023-07-06 22:54:46', NULL),
(2139, 37, 119, 0, '2023-07-06 22:54:46', '2023-07-06 22:54:46', NULL),
(2140, 37, 120, 0, '2023-07-06 22:54:46', '2023-07-06 22:54:46', NULL),
(2141, 37, 121, 0, '2023-07-06 22:54:46', '2023-07-06 22:54:46', NULL),
(2142, 37, 122, 0, '2023-07-06 22:54:46', '2023-07-06 22:54:46', NULL),
(2143, 37, 123, 0, '2023-07-06 22:54:46', '2023-07-06 22:54:46', NULL),
(2144, 37, 124, 0, '2023-07-06 22:55:06', '2023-07-06 22:55:06', NULL),
(2145, 37, 125, 0, '2023-07-06 22:55:06', '2023-07-06 22:55:06', NULL),
(2146, 37, 126, 0, '2023-07-06 22:55:06', '2023-07-06 22:55:06', NULL),
(2147, 37, 127, 0, '2023-07-06 22:55:06', '2023-07-06 22:55:06', NULL),
(2148, 37, 128, 0, '2023-07-06 22:55:06', '2023-07-06 22:55:06', NULL),
(2149, 37, 129, 0, '2023-07-06 22:55:06', '2023-07-06 22:55:06', NULL),
(2150, 37, 130, 0, '2023-07-06 22:55:06', '2023-07-06 22:55:06', NULL),
(2151, 37, 131, 0, '2023-07-06 22:55:06', '2023-07-06 22:55:06', NULL),
(2152, 37, 132, 0, '2023-07-06 22:55:06', '2023-07-06 22:55:06', NULL),
(2153, 37, 133, 0, '2023-07-06 22:55:06', '2023-07-06 22:55:06', NULL),
(2154, 37, 134, 0, '2023-07-06 22:55:06', '2023-07-06 22:55:06', NULL),
(2155, 37, 135, 0, '2023-07-06 22:55:06', '2023-07-06 22:55:06', NULL),
(2156, 37, 136, 0, '2023-07-06 22:55:06', '2023-07-06 22:55:06', NULL),
(2157, 37, 137, 0, '2023-07-06 22:55:06', '2023-07-06 22:55:06', NULL),
(2158, 37, 138, 0, '2023-07-06 22:55:06', '2023-07-06 22:55:06', NULL),
(2159, 37, 139, 0, '2023-07-06 22:55:06', '2023-07-06 22:55:06', NULL),
(2160, 37, 140, 0, '2023-07-06 22:55:06', '2023-07-06 22:55:06', NULL),
(2161, 37, 141, 0, '2023-07-06 22:55:06', '2023-07-06 22:55:06', NULL),
(2162, 37, 142, 0, '2023-07-06 22:55:06', '2023-07-06 22:55:06', NULL),
(2163, 37, 143, 0, '2023-07-06 22:55:06', '2023-07-06 22:55:06', NULL),
(2164, 37, 144, 0, '2023-07-06 22:55:06', '2023-07-06 22:55:06', NULL),
(2165, 37, 145, 0, '2023-07-06 22:55:06', '2023-07-06 22:55:06', NULL),
(2166, 37, 146, 0, '2023-07-06 22:55:28', '2023-07-06 22:55:28', NULL),
(2167, 37, 147, 0, '2023-07-06 22:55:28', '2023-07-06 22:55:28', NULL),
(2168, 37, 148, 0, '2023-07-06 22:55:28', '2023-07-06 22:55:28', NULL),
(2169, 37, 149, 0, '2023-07-06 22:55:28', '2023-07-06 22:55:28', NULL),
(2170, 37, 150, 0, '2023-07-06 22:55:29', '2023-07-06 22:55:29', NULL),
(2171, 37, 151, 0, '2023-07-06 22:55:29', '2023-07-06 22:55:29', NULL),
(2172, 37, 152, 0, '2023-07-06 22:55:29', '2023-07-06 22:55:29', NULL),
(2173, 37, 153, 0, '2023-07-06 22:55:29', '2023-07-06 22:55:29', NULL),
(2174, 37, 154, 0, '2023-07-06 22:55:29', '2023-07-06 22:55:29', NULL),
(2175, 37, 155, 0, '2023-07-06 22:55:29', '2023-07-06 22:55:29', NULL),
(2176, 37, 156, 0, '2023-07-06 22:55:29', '2023-07-06 22:55:29', NULL),
(2177, 37, 157, 0, '2023-07-06 22:55:29', '2023-07-06 22:55:29', NULL),
(2178, 37, 158, 0, '2023-07-06 22:55:29', '2023-07-06 22:55:29', NULL),
(2179, 37, 159, 0, '2023-07-06 22:55:29', '2023-07-06 22:55:29', NULL),
(2180, 37, 160, 0, '2023-07-06 22:55:29', '2023-07-06 22:55:29', NULL),
(2181, 37, 161, 0, '2023-07-06 22:55:29', '2023-07-06 22:55:29', NULL),
(2182, 37, 162, 0, '2023-07-06 22:55:29', '2023-07-06 22:55:29', NULL),
(2183, 37, 163, 0, '2023-07-06 22:55:29', '2023-07-06 22:55:29', NULL),
(2184, 37, 164, 0, '2023-07-06 22:55:29', '2023-07-06 22:55:29', NULL),
(2185, 37, 165, 0, '2023-07-06 22:55:29', '2023-07-06 22:55:29', NULL),
(2186, 37, 166, 0, '2023-07-06 22:55:29', '2023-07-06 22:55:29', NULL),
(2187, 37, 167, 0, '2023-07-06 22:55:29', '2023-07-06 22:55:29', NULL),
(2188, 37, 168, 0, '2023-07-06 22:55:48', '2023-07-06 22:55:48', NULL),
(2189, 37, 169, 0, '2023-07-06 22:55:48', '2023-07-06 22:55:48', NULL),
(2190, 37, 170, 0, '2023-07-06 22:55:48', '2023-07-06 22:55:48', NULL),
(2191, 37, 171, 0, '2023-07-06 22:55:48', '2023-07-06 22:55:48', NULL),
(2192, 37, 172, 0, '2023-07-06 22:55:48', '2023-07-06 22:55:48', NULL),
(2193, 37, 173, 0, '2023-07-06 22:55:48', '2023-07-06 22:55:48', NULL),
(2194, 37, 174, 0, '2023-07-06 22:55:48', '2023-07-06 22:55:48', NULL),
(2195, 37, 175, 0, '2023-07-06 22:55:48', '2023-07-06 22:55:48', NULL),
(2196, 37, 176, 0, '2023-07-06 22:55:48', '2023-07-06 22:55:48', NULL),
(2197, 37, 177, 0, '2023-07-06 22:55:48', '2023-07-06 22:55:48', NULL),
(2198, 37, 178, 0, '2023-07-06 22:55:48', '2023-07-06 22:55:48', NULL),
(2199, 37, 179, 0, '2023-07-06 22:55:48', '2023-07-06 22:55:48', NULL),
(2200, 37, 180, 0, '2023-07-06 22:55:48', '2023-07-06 22:55:48', NULL),
(2201, 37, 181, 0, '2023-07-06 22:55:48', '2023-07-06 22:55:48', NULL),
(2202, 37, 182, 0, '2023-07-06 22:55:48', '2023-07-06 22:55:48', NULL),
(2203, 37, 183, 0, '2023-07-06 22:55:48', '2023-07-06 22:55:48', NULL),
(2204, 37, 184, 0, '2023-07-06 22:55:48', '2023-07-06 22:55:48', NULL),
(2205, 37, 185, 0, '2023-07-06 22:55:48', '2023-07-06 22:55:48', NULL),
(2206, 37, 186, 0, '2023-07-06 22:55:48', '2023-07-06 22:55:48', NULL),
(2207, 37, 187, 0, '2023-07-06 22:55:48', '2023-07-06 22:55:48', NULL),
(2208, 37, 188, 0, '2023-07-06 22:55:48', '2023-07-06 22:55:48', NULL),
(2209, 37, 189, 0, '2023-07-06 22:55:48', '2023-07-06 22:55:48', NULL),
(2210, 37, 190, 0, '2023-07-06 22:56:01', '2023-07-06 22:56:01', NULL),
(2211, 37, 191, 0, '2023-07-06 22:56:01', '2023-07-06 22:56:01', NULL),
(2212, 37, 192, 0, '2023-07-06 22:56:01', '2023-07-06 22:56:01', NULL),
(2213, 37, 193, 0, '2023-07-06 22:56:01', '2023-07-06 22:56:01', NULL),
(2214, 37, 194, 0, '2023-07-06 22:56:01', '2023-07-06 22:56:01', NULL),
(2215, 37, 195, 0, '2023-07-06 22:56:01', '2023-07-06 22:56:01', NULL),
(2216, 37, 196, 0, '2023-07-06 22:56:01', '2023-07-06 22:56:01', NULL),
(2217, 37, 197, 0, '2023-07-06 22:56:01', '2023-07-06 22:56:01', NULL),
(2218, 37, 198, 0, '2023-07-06 22:56:01', '2023-07-06 22:56:01', NULL),
(2219, 37, 199, 0, '2023-07-06 22:56:01', '2023-07-06 22:56:01', NULL),
(2220, 37, 200, 0, '2023-07-06 22:56:01', '2023-07-06 22:56:01', NULL),
(2221, 37, 201, 0, '2023-07-06 22:56:01', '2023-07-06 22:56:01', NULL),
(2222, 37, 202, 0, '2023-07-06 22:56:01', '2023-07-06 22:56:01', NULL),
(2223, 37, 203, 0, '2023-07-06 22:56:01', '2023-07-06 22:56:01', NULL),
(2224, 37, 204, 0, '2023-07-06 22:56:01', '2023-07-06 22:56:01', NULL),
(2225, 37, 205, 0, '2023-07-06 22:56:01', '2023-07-06 22:56:01', NULL),
(2226, 37, 206, 0, '2023-07-06 22:56:01', '2023-07-06 22:56:01', NULL),
(2227, 37, 207, 0, '2023-07-06 22:56:01', '2023-07-06 22:56:01', NULL),
(2228, 37, 208, 0, '2023-07-06 22:56:01', '2023-07-06 22:56:01', NULL),
(2229, 37, 209, 0, '2023-07-06 22:56:01', '2023-07-06 22:56:01', NULL),
(2230, 37, 210, 0, '2023-07-06 22:56:01', '2023-07-06 22:56:01', NULL),
(2231, 37, 211, 0, '2023-07-06 22:56:01', '2023-07-06 22:56:01', NULL),
(2232, 37, 212, 0, '2023-07-06 22:56:04', '2023-07-06 22:56:04', NULL),
(2233, 37, 213, 0, '2023-07-06 22:56:04', '2023-07-06 22:56:04', NULL),
(2234, 37, 214, 0, '2023-07-06 22:56:04', '2023-07-06 22:56:04', NULL),
(2235, 37, 215, 0, '2023-07-06 22:56:04', '2023-07-06 22:56:04', NULL),
(2236, 37, 216, 0, '2023-07-06 22:56:04', '2023-07-06 22:56:04', NULL),
(2237, 37, 217, 0, '2023-07-06 22:56:04', '2023-07-06 22:56:04', NULL),
(2238, 37, 218, 0, '2023-07-06 22:56:04', '2023-07-06 22:56:04', NULL),
(2239, 37, 219, 0, '2023-07-06 22:56:04', '2023-07-06 22:56:04', NULL),
(2240, 37, 220, 0, '2023-07-06 22:56:04', '2023-07-06 22:56:04', NULL),
(2241, 37, 221, 0, '2023-07-06 22:56:05', '2023-07-06 22:56:05', NULL),
(2242, 37, 222, 0, '2023-07-06 22:56:05', '2023-07-06 22:56:05', NULL),
(2243, 37, 223, 0, '2023-07-06 22:56:05', '2023-07-06 22:56:05', NULL),
(2244, 37, 224, 0, '2023-07-06 22:56:05', '2023-07-06 22:56:05', NULL),
(2245, 37, 225, 0, '2023-07-06 22:56:05', '2023-07-06 22:56:05', NULL),
(2246, 37, 226, 0, '2023-07-06 22:56:05', '2023-07-06 22:56:05', NULL),
(2247, 37, 227, 0, '2023-07-06 22:56:05', '2023-07-06 22:56:05', NULL),
(2248, 37, 228, 0, '2023-07-06 22:56:05', '2023-07-06 22:56:05', NULL),
(2249, 37, 229, 0, '2023-07-06 22:56:05', '2023-07-06 22:56:05', NULL),
(2250, 37, 230, 0, '2023-07-06 22:56:05', '2023-07-06 22:56:05', NULL),
(2251, 37, 231, 0, '2023-07-06 22:56:05', '2023-07-06 22:56:05', NULL),
(2252, 37, 232, 0, '2023-07-06 22:56:05', '2023-07-06 22:56:05', NULL),
(2253, 37, 233, 0, '2023-07-06 22:56:05', '2023-07-06 22:56:05', NULL),
(2254, 37, 234, 0, '2023-07-06 22:56:07', '2023-07-06 22:56:07', NULL),
(2255, 37, 235, 0, '2023-07-06 22:56:07', '2023-07-06 22:56:07', NULL),
(2256, 37, 236, 0, '2023-07-06 22:56:07', '2023-07-06 22:56:07', NULL),
(2257, 37, 237, 0, '2023-07-06 22:56:07', '2023-07-06 22:56:07', NULL),
(2258, 37, 238, 0, '2023-07-06 22:56:07', '2023-07-06 22:56:07', NULL),
(2259, 37, 239, 0, '2023-07-06 22:56:07', '2023-07-06 22:56:07', NULL),
(2260, 37, 240, 0, '2023-07-06 22:56:07', '2023-07-06 22:56:07', NULL),
(2261, 37, 241, 0, '2023-07-06 22:56:07', '2023-07-06 22:56:07', NULL),
(2262, 37, 242, 0, '2023-07-06 22:56:07', '2023-07-06 22:56:07', NULL),
(2263, 37, 243, 0, '2023-07-06 22:56:07', '2023-07-06 22:56:07', NULL),
(2264, 37, 244, 0, '2023-07-06 22:56:07', '2023-07-06 22:56:07', NULL),
(2265, 37, 245, 0, '2023-07-06 22:56:07', '2023-07-06 22:56:07', NULL),
(2266, 37, 246, 0, '2023-07-06 22:56:07', '2023-07-06 22:56:07', NULL),
(2267, 37, 247, 0, '2023-07-06 22:56:07', '2023-07-06 22:56:07', NULL),
(2268, 37, 248, 0, '2023-07-06 22:56:07', '2023-07-06 22:56:07', NULL),
(2269, 37, 249, 0, '2023-07-06 22:56:07', '2023-07-06 22:56:07', NULL),
(2270, 37, 250, 0, '2023-07-06 22:56:07', '2023-07-06 22:56:07', NULL),
(2271, 37, 251, 0, '2023-07-06 22:56:07', '2023-07-06 22:56:07', NULL),
(2272, 37, 252, 0, '2023-07-06 22:56:07', '2023-07-06 22:56:07', NULL),
(2273, 37, 253, 0, '2023-07-06 22:56:07', '2023-07-06 22:56:07', NULL),
(2274, 37, 254, 0, '2023-07-06 22:56:07', '2023-07-06 22:56:07', NULL),
(2275, 37, 255, 0, '2023-07-06 22:56:07', '2023-07-06 22:56:07', NULL),
(2276, 37, 256, 0, '2023-07-06 22:56:10', '2023-07-06 22:56:10', NULL),
(2277, 37, 257, 0, '2023-07-06 22:56:10', '2023-07-06 22:56:10', NULL),
(2278, 37, 258, 0, '2023-07-06 22:56:10', '2023-07-06 22:56:10', NULL),
(2279, 37, 259, 0, '2023-07-06 22:56:10', '2023-07-06 22:56:10', NULL),
(2280, 37, 260, 0, '2023-07-06 22:56:10', '2023-07-06 22:56:10', NULL),
(2281, 37, 261, 0, '2023-07-06 22:56:10', '2023-07-06 22:56:10', NULL),
(2282, 37, 262, 0, '2023-07-06 22:56:10', '2023-07-06 22:56:10', NULL),
(2283, 37, 263, 0, '2023-07-06 22:56:10', '2023-07-06 22:56:10', NULL),
(2284, 37, 264, 0, '2023-07-06 22:56:10', '2023-07-06 22:56:10', NULL),
(2285, 37, 265, 0, '2023-07-06 22:56:10', '2023-07-06 22:56:10', NULL),
(2286, 37, 266, 0, '2023-07-06 22:56:10', '2023-07-06 22:56:10', NULL),
(2287, 37, 267, 0, '2023-07-06 22:56:10', '2023-07-06 22:56:10', NULL),
(2288, 37, 268, 0, '2023-07-06 22:56:10', '2023-07-06 22:56:10', NULL),
(2289, 37, 269, 0, '2023-07-06 22:56:10', '2023-07-06 22:56:10', NULL),
(2290, 37, 270, 0, '2023-07-06 22:56:10', '2023-07-06 22:56:10', NULL),
(2291, 37, 271, 0, '2023-07-06 22:56:10', '2023-07-06 22:56:10', NULL),
(2292, 37, 272, 0, '2023-07-06 22:56:10', '2023-07-06 22:56:10', NULL),
(2293, 37, 273, 0, '2023-07-06 22:56:10', '2023-07-06 22:56:10', NULL),
(2294, 37, 274, 0, '2023-07-06 22:56:10', '2023-07-06 22:56:10', NULL),
(2295, 37, 275, 0, '2023-07-06 22:56:10', '2023-07-06 22:56:10', NULL),
(2296, 37, 276, 0, '2023-07-06 22:56:10', '2023-07-06 22:56:10', NULL),
(2297, 37, 277, 0, '2023-07-06 22:56:10', '2023-07-06 22:56:10', NULL),
(2298, 37, 278, 0, '2023-07-06 22:56:13', '2023-07-06 22:56:13', NULL),
(2299, 37, 279, 0, '2023-07-06 22:56:13', '2023-07-06 22:56:13', NULL),
(2300, 37, 280, 0, '2023-07-06 22:56:13', '2023-07-06 22:56:13', NULL),
(2301, 37, 281, 0, '2023-07-06 22:56:13', '2023-07-06 22:56:13', NULL),
(2302, 37, 282, 0, '2023-07-06 22:56:13', '2023-07-06 22:56:13', NULL),
(2303, 37, 283, 0, '2023-07-06 22:56:13', '2023-07-06 22:56:13', NULL),
(2304, 37, 284, 0, '2023-07-06 22:56:13', '2023-07-06 22:56:13', NULL),
(2305, 37, 285, 0, '2023-07-06 22:56:13', '2023-07-06 22:56:13', NULL),
(2306, 37, 286, 0, '2023-07-06 22:56:13', '2023-07-06 22:56:13', NULL),
(2307, 37, 287, 0, '2023-07-06 22:56:13', '2023-07-06 22:56:13', NULL),
(2308, 37, 288, 0, '2023-07-06 22:56:13', '2023-07-06 22:56:13', NULL),
(2309, 37, 289, 0, '2023-07-06 22:56:13', '2023-07-06 22:56:13', NULL),
(2310, 37, 290, 0, '2023-07-06 22:56:13', '2023-07-06 22:56:13', NULL),
(2311, 37, 291, 0, '2023-07-06 22:56:13', '2023-07-06 22:56:13', NULL),
(2312, 37, 292, 0, '2023-07-06 22:56:13', '2023-07-06 22:56:13', NULL),
(2313, 37, 293, 0, '2023-07-06 22:56:13', '2023-07-06 22:56:13', NULL),
(2314, 37, 294, 0, '2023-07-06 22:56:13', '2023-07-06 22:56:13', NULL),
(2315, 37, 295, 0, '2023-07-06 22:56:13', '2023-07-06 22:56:13', NULL),
(2316, 37, 296, 0, '2023-07-06 22:56:13', '2023-07-06 22:56:13', NULL),
(2317, 37, 297, 0, '2023-07-06 22:56:13', '2023-07-06 22:56:13', NULL),
(2318, 37, 298, 0, '2023-07-06 22:56:13', '2023-07-06 22:56:13', NULL),
(2319, 37, 299, 0, '2023-07-06 22:56:13', '2023-07-06 22:56:13', NULL),
(2320, 37, 300, 0, '2023-07-06 22:56:21', '2023-07-06 22:56:21', NULL),
(2321, 37, 301, 0, '2023-07-06 22:56:21', '2023-07-06 22:56:21', NULL),
(2322, 37, 302, 0, '2023-07-06 22:56:21', '2023-07-06 22:56:21', NULL),
(2323, 37, 303, 0, '2023-07-06 22:56:21', '2023-07-06 22:56:21', NULL),
(2324, 37, 304, 0, '2023-07-06 22:56:21', '2023-07-06 22:56:21', NULL),
(2325, 37, 305, 0, '2023-07-06 22:56:21', '2023-07-06 22:56:21', NULL),
(2326, 37, 306, 0, '2023-07-06 22:56:21', '2023-07-06 22:56:21', NULL),
(2327, 37, 307, 0, '2023-07-06 22:56:21', '2023-07-06 22:56:21', NULL),
(2328, 37, 308, 0, '2023-07-06 22:56:21', '2023-07-06 22:56:21', NULL),
(2329, 37, 309, 0, '2023-07-06 22:56:21', '2023-07-06 22:56:21', NULL),
(2330, 37, 310, 0, '2023-07-06 22:56:21', '2023-07-06 22:56:21', NULL),
(2331, 37, 311, 0, '2023-07-06 22:56:21', '2023-07-06 22:56:21', NULL),
(2332, 37, 312, 0, '2023-07-06 22:56:21', '2023-07-06 22:56:21', NULL),
(2333, 37, 313, 0, '2023-07-06 22:56:21', '2023-07-06 22:56:21', NULL),
(2334, 37, 314, 0, '2023-07-06 22:56:21', '2023-07-06 22:56:21', NULL),
(2335, 37, 315, 0, '2023-07-06 22:56:21', '2023-07-06 22:56:21', NULL),
(2336, 37, 316, 0, '2023-07-06 22:56:21', '2023-07-06 22:56:21', NULL),
(2337, 37, 317, 0, '2023-07-06 22:56:21', '2023-07-06 22:56:21', NULL),
(2338, 37, 318, 0, '2023-07-06 22:56:21', '2023-07-06 22:56:21', NULL),
(2339, 37, 319, 0, '2023-07-06 22:56:21', '2023-07-06 22:56:21', NULL),
(2340, 37, 320, 0, '2023-07-06 22:56:21', '2023-07-06 22:56:21', NULL),
(2341, 37, 321, 0, '2023-07-06 22:56:21', '2023-07-06 22:56:21', NULL),
(2342, 37, 322, 7, '2023-07-06 23:02:33', '2023-07-06 21:08:27', NULL),
(2343, 37, 323, 6, '2023-07-06 23:02:33', '2023-07-06 21:08:33', NULL),
(2344, 37, 324, 7, '2023-07-06 23:02:33', '2023-07-06 21:08:46', NULL),
(2345, 37, 325, 4, '2023-07-06 23:02:33', '2023-07-06 21:08:57', NULL),
(2346, 37, 326, 4, '2023-07-06 23:02:33', '2023-07-06 21:09:11', NULL),
(2347, 37, 327, 2, '2023-07-06 23:02:33', '2023-07-06 21:09:22', NULL),
(2348, 37, 328, 10, '2023-07-06 23:02:33', '2023-07-06 21:09:31', NULL),
(2349, 37, 329, 18, '2023-07-06 23:02:33', '2023-07-06 21:09:42', NULL),
(2350, 37, 330, 9, '2023-07-06 23:02:33', '2023-07-06 21:09:50', NULL),
(2351, 37, 331, 6, '2023-07-06 23:02:33', '2023-07-06 21:09:59', NULL),
(2352, 37, 332, 18, '2023-07-06 23:02:33', '2023-07-06 21:10:15', NULL),
(2353, 37, 333, 17, '2023-07-06 23:02:33', '2023-07-06 21:10:24', NULL),
(2354, 37, 334, 6, '2023-07-06 23:02:33', '2023-07-06 21:10:32', NULL),
(2355, 37, 335, 8, '2023-07-06 23:02:33', '2023-07-06 21:10:41', NULL),
(2356, 37, 336, 6, '2023-07-06 23:02:33', '2023-07-06 21:10:49', NULL),
(2357, 37, 337, 8, '2023-07-06 23:02:33', '2023-07-06 21:10:59', NULL),
(2358, 37, 338, 10, '2023-07-06 23:02:33', '2023-07-06 21:11:30', NULL),
(2359, 37, 339, 6, '2023-07-06 23:02:33', '2023-07-06 21:11:40', NULL),
(2360, 37, 340, 6, '2023-07-06 23:02:33', '2023-07-06 21:11:44', NULL),
(2361, 37, 341, 8, '2023-07-06 23:02:33', '2023-07-06 21:11:48', NULL),
(2362, 37, 342, 9, '2023-07-06 23:02:33', '2023-07-06 21:11:54', NULL),
(2363, 37, 343, 7, '2023-07-06 23:02:33', '2023-07-06 21:12:02', NULL),
(2364, 37, 344, 5, '2023-07-06 23:02:36', '2023-07-06 21:14:51', NULL),
(2365, 37, 345, 7, '2023-07-06 23:02:36', '2023-07-06 21:15:01', NULL),
(2366, 37, 346, 7, '2023-07-06 23:02:36', '2023-07-06 21:18:04', NULL),
(2367, 37, 347, 4, '2023-07-06 23:02:36', '2023-07-06 21:15:16', NULL),
(2368, 37, 348, 4, '2023-07-06 23:02:36', '2023-07-06 21:15:24', NULL),
(2369, 37, 349, 2, '2023-07-06 23:02:36', '2023-07-06 21:15:34', NULL),
(2370, 37, 350, 14, '2023-07-06 23:02:36', '2023-07-06 21:15:47', NULL),
(2371, 37, 351, 17, '2023-07-06 23:02:36', '2023-07-06 21:15:53', NULL),
(2372, 37, 352, 12, '2023-07-06 23:02:36', '2023-07-06 21:15:58', NULL),
(2373, 37, 353, 7, '2023-07-06 23:02:36', '2023-07-06 21:16:01', NULL),
(2374, 37, 354, 13, '2023-07-06 23:02:36', '2023-07-06 21:16:09', NULL),
(2375, 37, 355, 19, '2023-07-06 23:02:36', '2023-07-06 21:16:14', NULL),
(2376, 37, 356, 17, '2023-07-06 23:02:36', '2023-07-06 21:16:19', NULL),
(2377, 37, 357, 8, '2023-07-06 23:02:36', '2023-07-06 21:16:23', NULL),
(2378, 37, 358, 6, '2023-07-06 23:02:36', '2023-07-06 21:16:28', NULL),
(2379, 37, 359, 5, '2023-07-06 23:02:36', '2023-07-06 21:16:39', NULL),
(2380, 37, 360, 8, '2023-07-06 23:02:36', '2023-07-06 21:16:45', NULL),
(2381, 37, 361, 7, '2023-07-06 23:02:36', '2023-07-06 21:16:49', NULL),
(2382, 37, 362, 7, '2023-07-06 23:02:36', '2023-07-06 21:16:56', NULL),
(2383, 37, 363, 9, '2023-07-06 23:02:36', '2023-07-06 21:17:01', NULL),
(2384, 37, 364, 9, '2023-07-06 23:02:36', '2023-07-06 21:17:06', NULL),
(2385, 37, 365, 7, '2023-07-06 23:02:36', '2023-07-06 21:17:13', NULL),
(2386, 37, 366, 9, '2023-07-06 23:02:39', '2023-07-06 21:42:10', NULL),
(2387, 37, 367, 7, '2023-07-06 23:02:39', '2023-07-06 21:42:14', NULL),
(2388, 37, 368, 4, '2023-07-06 23:02:39', '2023-07-06 21:42:24', NULL),
(2389, 37, 369, 4, '2023-07-06 23:02:39', '2023-07-06 21:42:29', NULL),
(2390, 37, 370, 4, '2023-07-06 23:02:39', '2023-07-06 21:42:33', NULL),
(2391, 37, 371, 3, '2023-07-06 23:02:39', '2023-07-06 21:42:37', NULL),
(2392, 37, 372, 10, '2023-07-06 23:02:39', '2023-07-06 21:42:43', NULL),
(2393, 37, 373, 8, '2023-07-06 23:02:39', '2023-07-06 21:42:49', NULL),
(2394, 37, 374, 8, '2023-07-06 23:02:40', '2023-07-06 21:42:55', NULL),
(2395, 37, 375, 9, '2023-07-06 23:02:40', '2023-07-06 21:42:59', NULL),
(2396, 37, 376, 13, '2023-07-06 23:02:40', '2023-07-06 21:43:09', NULL),
(2397, 37, 377, 12, '2023-07-06 23:02:40', '2023-07-06 21:43:15', NULL),
(2398, 37, 378, 13, '2023-07-06 23:02:40', '2023-07-06 21:43:21', NULL),
(2399, 37, 379, 9, '2023-07-06 23:02:40', '2023-07-06 21:43:27', NULL),
(2400, 37, 380, 4, '2023-07-06 23:02:40', '2023-07-06 21:43:33', NULL),
(2401, 37, 381, 6, '2023-07-06 23:02:40', '2023-07-06 21:43:41', NULL),
(2402, 37, 382, 13, '2023-07-06 23:02:40', '2023-07-06 21:43:47', NULL),
(2403, 37, 383, 6, '2023-07-06 23:02:40', '2023-07-06 21:43:54', NULL),
(2404, 37, 384, 7, '2023-07-06 23:02:40', '2023-07-06 21:44:01', NULL),
(2405, 37, 385, 9, '2023-07-06 23:02:40', '2023-07-06 21:44:08', NULL),
(2406, 37, 386, 9, '2023-07-06 23:02:40', '2023-07-06 21:44:17', NULL),
(2407, 37, 387, 8, '2023-07-06 23:02:40', '2023-07-06 21:44:22', NULL),
(2408, 37, 388, 7, '2023-07-06 23:02:42', '2023-07-06 21:48:26', NULL),
(2409, 37, 389, 6, '2023-07-06 23:02:42', '2023-07-06 21:49:34', NULL),
(2410, 37, 390, 4, '2023-07-06 23:02:42', '2023-07-06 21:50:01', NULL),
(2411, 37, 391, 4, '2023-07-06 23:02:42', '2023-07-06 21:50:05', NULL),
(2412, 37, 392, 4, '2023-07-06 23:02:42', '2023-07-06 21:50:12', NULL),
(2413, 37, 393, 3, '2023-07-06 23:02:42', '2023-07-06 21:50:24', NULL),
(2414, 37, 394, 13, '2023-07-06 23:02:42', '2023-07-06 21:54:07', NULL),
(2415, 37, 395, 18, '2023-07-06 23:02:42', '2023-07-06 21:51:14', NULL),
(2416, 37, 396, 12, '2023-07-06 23:02:42', '2023-07-06 21:50:58', NULL),
(2417, 37, 397, 9, '2023-07-06 23:02:42', '2023-07-06 21:51:29', NULL),
(2418, 37, 398, 17, '2023-07-06 23:02:42', '2023-07-06 21:51:38', NULL),
(2419, 37, 399, 13, '2023-07-06 23:02:42', '2023-07-06 21:51:55', NULL),
(2420, 37, 400, 12, '2023-07-06 23:02:42', '2023-07-06 21:52:05', NULL),
(2421, 37, 401, 5, '2023-07-06 23:02:43', '2023-07-06 21:52:13', NULL),
(2422, 37, 402, 8, '2023-07-06 23:02:43', '2023-07-06 21:52:16', NULL),
(2423, 37, 403, 8, '2023-07-06 23:02:43', '2023-07-06 21:52:20', NULL),
(2424, 37, 404, 14, '2023-07-06 23:02:43', '2023-07-06 21:52:25', NULL),
(2425, 37, 405, 6, '2023-07-06 23:02:43', '2023-07-06 21:52:31', NULL),
(2426, 37, 406, 6, '2023-07-06 23:02:43', '2023-07-06 21:52:35', NULL),
(2427, 37, 407, 9, '2023-07-06 23:02:43', '2023-07-06 21:52:39', NULL),
(2428, 37, 408, 9, '2023-07-06 23:02:43', '2023-07-06 21:52:44', NULL),
(2429, 37, 409, 8, '2023-07-06 23:02:43', '2023-07-06 21:52:48', NULL),
(2430, 37, 410, 7, '2023-07-06 23:02:45', '2023-07-07 19:28:04', NULL),
(2431, 37, 411, 10, '2023-07-06 23:02:45', '2023-07-07 19:28:10', NULL),
(2432, 37, 412, 5, '2023-07-06 23:02:45', '2023-07-07 19:28:20', NULL),
(2433, 37, 413, 5, '2023-07-06 23:02:45', '2023-07-07 19:28:23', NULL),
(2434, 37, 414, 4, '2023-07-06 23:02:45', '2023-07-07 19:28:32', NULL),
(2435, 37, 415, 3, '2023-07-06 23:02:45', '2023-07-07 19:28:57', NULL),
(2436, 37, 416, 11, '2023-07-06 23:02:45', '2023-07-07 19:29:09', NULL),
(2437, 37, 417, 16, '2023-07-06 23:02:45', '2023-07-07 19:29:13', NULL),
(2438, 37, 418, 15, '2023-07-06 23:02:45', '2023-07-07 19:29:19', NULL),
(2439, 37, 419, 7, '2023-07-06 23:02:45', '2023-07-07 19:29:26', NULL),
(2440, 37, 420, 15, '2023-07-06 23:02:45', '2023-07-07 19:29:30', NULL),
(2441, 37, 421, 15, '2023-07-06 23:02:45', '2023-07-07 19:29:35', NULL),
(2442, 37, 422, 11, '2023-07-06 23:02:45', '2023-07-07 19:29:41', NULL),
(2443, 37, 423, 10, '2023-07-06 23:02:45', '2023-07-07 19:29:49', NULL),
(2444, 37, 424, 4, '2023-07-06 23:02:45', '2023-07-07 19:29:53', NULL),
(2445, 37, 425, 7, '2023-07-06 23:02:45', '2023-07-07 19:29:56', NULL),
(2446, 37, 426, 20, '2023-07-06 23:02:45', '2023-07-07 19:30:08', NULL),
(2447, 37, 427, 7, '2023-07-06 23:02:45', '2023-07-07 19:30:13', NULL),
(2448, 37, 428, 7, '2023-07-06 23:02:45', '2023-07-07 19:35:17', NULL),
(2449, 37, 429, 9, '2023-07-06 23:02:45', '2023-07-07 19:35:21', NULL),
(2450, 37, 430, 9, '2023-07-06 23:02:45', '2023-07-07 19:34:47', NULL),
(2451, 37, 431, 8, '2023-07-06 23:02:45', '2023-07-07 19:34:59', NULL),
(2452, 37, 432, 10, '2023-07-06 23:02:48', '2023-07-07 19:38:12', NULL),
(2453, 37, 433, 10, '2023-07-06 23:02:48', '2023-07-07 19:38:16', NULL),
(2454, 37, 434, 7, '2023-07-06 23:02:48', '2023-07-07 19:38:21', NULL),
(2455, 37, 435, 6, '2023-07-06 23:02:48', '2023-07-07 19:38:26', NULL),
(2456, 37, 436, 3, '2023-07-06 23:02:48', '2023-07-07 19:38:29', NULL),
(2457, 37, 437, 3, '2023-07-06 23:02:48', '2023-07-07 19:38:33', NULL),
(2458, 37, 438, 18, '2023-07-06 23:02:48', '2023-07-07 19:38:41', NULL),
(2459, 37, 439, 23, '2023-07-06 23:02:48', '2023-07-07 19:38:48', NULL),
(2460, 37, 440, 15, '2023-07-06 23:02:48', '2023-07-07 19:38:52', NULL),
(2461, 37, 441, 9, '2023-07-06 23:02:48', '2023-07-07 19:39:01', NULL),
(2462, 37, 442, 19, '2023-07-06 23:02:48', '2023-07-07 19:39:12', NULL),
(2463, 37, 443, 27, '2023-07-06 23:02:48', '2023-07-07 19:39:18', NULL),
(2464, 37, 444, 18, '2023-07-06 23:02:48', '2023-07-07 19:39:25', NULL),
(2465, 37, 445, 8, '2023-07-06 23:02:48', '2023-07-07 19:39:29', NULL),
(2466, 37, 446, 10, '2023-07-06 23:02:48', '2023-07-07 19:39:32', NULL),
(2467, 37, 447, 7, '2023-07-06 23:02:48', '2023-07-07 19:39:37', NULL),
(2468, 37, 448, 18, '2023-07-06 23:02:48', '2023-07-07 19:39:42', NULL),
(2469, 37, 449, 7, '2023-07-06 23:02:48', '2023-07-07 19:39:46', NULL),
(2470, 37, 450, 9, '2023-07-06 23:02:48', '2023-07-07 19:39:51', NULL),
(2471, 37, 451, 9, '2023-07-06 23:02:48', '2023-07-07 19:39:55', NULL),
(2472, 37, 452, 9, '2023-07-06 23:02:48', '2023-07-07 19:39:58', NULL),
(2473, 37, 453, 9, '2023-07-06 23:02:48', '2023-07-07 19:40:02', NULL);

-- --------------------------------------------------------

--
-- Structure de la table `eleve_examen`
--

CREATE TABLE `eleve_examen` (
  `id` bigint(20) UNSIGNED NOT NULL,
  `eleve_id` bigint(20) UNSIGNED NOT NULL,
  `examen_id` bigint(20) UNSIGNED NOT NULL,
  `note_obtenu` int(11) NOT NULL DEFAULT '0',
  `created_at` timestamp NULL DEFAULT CURRENT_TIMESTAMP,
  `updated_at` timestamp NULL DEFAULT CURRENT_TIMESTAMP,
  `deleted_at` timestamp NULL DEFAULT NULL
) ENGINE=InnoDB DEFAULT CHARSET=utf8mb4 COLLATE=utf8mb4_unicode_ci;

--
-- Déchargement des données de la table `eleve_examen`
--

INSERT INTO `eleve_examen` (`id`, `eleve_id`, `examen_id`, `note_obtenu`, `created_at`, `updated_at`, `deleted_at`) VALUES
(1, 21, 1, 41, '2022-09-02 00:48:33', '2023-04-30 18:29:07', NULL),
(2, 21, 2, 32, '2022-09-02 00:48:52', '2022-09-02 00:48:53', NULL),
(3, 21, 3, 13, '2022-09-02 00:49:18', '2022-09-02 00:49:20', NULL),
(4, 21, 4, 30, '2022-09-02 00:49:38', '2022-09-02 00:49:39', NULL),
(28, 21, 8, 36, NULL, NULL, NULL),
(41, 21, 9, 26, NULL, NULL, NULL),
(54, 21, 10, 14, NULL, NULL, NULL),
(67, 21, 11, 36, NULL, NULL, NULL),
(80, 21, 12, 35, NULL, NULL, NULL),
(93, 21, 13, 32, NULL, NULL, NULL),
(106, 21, 14, 30, NULL, NULL, NULL),
(119, 21, 15, 21, NULL, NULL, NULL),
(132, 21, 16, 18, NULL, NULL, NULL),
(145, 21, 17, 25, NULL, NULL, NULL),
(158, 21, 18, 19, NULL, NULL, NULL),
(164, 21, 19, 0, '2023-04-13 13:31:53', '2023-04-13 13:31:53', NULL),
(179, 21, 20, 12, '2023-04-13 15:05:27', '2023-04-30 18:45:22', NULL),
(194, 21, 21, 0, '2023-04-13 21:51:59', '2023-04-13 21:51:59', NULL),
(209, 21, 22, 8, '2023-04-13 21:52:18', '2023-05-03 09:35:08', NULL),
(528, 8, 1, 0, '2023-05-03 10:01:55', '2023-05-03 10:01:55', NULL),
(529, 8, 8, 0, '2023-05-03 10:01:55', '2023-05-03 10:01:55', NULL),
(530, 8, 12, 0, '2023-05-03 10:01:55', '2023-05-03 10:01:55', NULL),
(531, 8, 2, 0, '2023-05-03 10:01:55', '2023-05-03 10:01:55', NULL),
(532, 8, 9, 0, '2023-05-03 10:01:55', '2023-05-03 10:01:55', NULL),
(533, 8, 13, 0, '2023-05-03 10:01:55', '2023-05-03 10:01:55', NULL),
(534, 8, 3, 0, '2023-05-03 10:01:55', '2023-05-03 10:01:55', NULL),
(535, 8, 10, 0, '2023-05-03 10:01:55', '2023-05-03 10:01:55', NULL),
(536, 8, 15, 0, '2023-05-03 10:01:55', '2023-05-03 10:01:55', NULL),
(537, 8, 4, 0, '2023-05-03 10:01:55', '2023-05-03 10:01:55', NULL),
(538, 8, 11, 0, '2023-05-03 10:01:55', '2023-05-03 10:01:55', NULL),
(539, 8, 14, 0, '2023-05-03 10:01:55', '2023-05-03 10:01:55', NULL),
(540, 8, 16, 0, '2023-05-03 10:01:55', '2023-05-03 10:01:55', NULL),
(541, 8, 17, 0, '2023-05-03 10:01:55', '2023-05-03 10:01:55', NULL),
(542, 8, 18, 0, '2023-05-03 10:01:55', '2023-05-03 10:01:55', NULL),
(543, 8, 20, 0, '2023-05-03 10:01:55', '2023-05-03 10:01:55', NULL),
(544, 8, 21, 0, '2023-05-03 10:01:55', '2023-05-03 10:01:55', NULL),
(545, 8, 22, 0, '2023-05-03 10:01:56', '2023-05-03 10:01:56', NULL),
(546, 22, 1, 65, '2023-05-03 10:01:59', '2023-06-27 05:18:13', NULL),
(547, 22, 8, 65, '2023-05-03 10:01:59', '2023-06-27 05:18:13', NULL),
(548, 22, 12, 65, '2023-05-03 10:01:59', '2023-06-27 05:18:13', NULL),
(549, 22, 2, 32, '2023-05-03 10:01:59', '2023-06-27 05:18:13', NULL),
(550, 22, 9, 32, '2023-05-03 10:01:59', '2023-06-27 05:18:13', NULL),
(551, 22, 13, 32, '2023-05-03 10:01:59', '2023-06-27 05:18:13', NULL),
(552, 22, 3, 32, '2023-05-03 10:01:59', '2023-06-27 05:18:13', NULL),
(553, 22, 10, 32, '2023-05-03 10:01:59', '2023-06-27 05:18:13', NULL),
(554, 22, 15, 32, '2023-05-03 10:01:59', '2023-06-27 05:18:13', NULL),
(555, 22, 4, 32, '2023-05-03 10:01:59', '2023-06-27 05:18:13', NULL),
(556, 22, 11, 32, '2023-05-03 10:01:59', '2023-06-27 05:18:13', NULL),
(557, 22, 14, 32, '2023-05-03 10:01:59', '2023-06-27 05:18:13', NULL),
(558, 22, 16, 32, '2023-05-03 10:01:59', '2023-06-27 05:18:13', NULL),
(559, 22, 17, 32, '2023-05-03 10:01:59', '2023-06-27 05:18:13', NULL),
(560, 22, 18, 32, '2023-05-03 10:01:59', '2023-06-27 05:18:13', NULL),
(561, 22, 20, 14, '2023-05-03 10:01:59', '2023-06-27 05:18:13', NULL),
(562, 22, 21, 32, '2023-05-03 10:01:59', '2023-06-27 05:18:13', NULL),
(563, 22, 22, 14, '2023-05-03 10:01:59', '2023-06-27 05:18:13', NULL),
(564, 23, 1, 0, '2023-05-03 10:02:02', '2023-05-03 10:02:02', NULL),
(565, 23, 8, 0, '2023-05-03 10:02:02', '2023-05-03 10:02:02', NULL),
(566, 23, 12, 0, '2023-05-03 10:02:02', '2023-05-03 10:02:02', NULL),
(567, 23, 2, 0, '2023-05-03 10:02:02', '2023-05-03 10:02:02', NULL),
(568, 23, 9, 0, '2023-05-03 10:02:02', '2023-05-03 10:02:02', NULL),
(569, 23, 13, 0, '2023-05-03 10:02:02', '2023-05-03 10:02:02', NULL),
(570, 23, 3, 0, '2023-05-03 10:02:02', '2023-05-03 10:02:02', NULL),
(571, 23, 10, 0, '2023-05-03 10:02:02', '2023-05-03 10:02:02', NULL),
(572, 23, 15, 0, '2023-05-03 10:02:02', '2023-05-03 10:02:02', NULL),
(573, 23, 4, 0, '2023-05-03 10:02:02', '2023-05-03 10:02:02', NULL),
(574, 23, 11, 0, '2023-05-03 10:02:02', '2023-05-03 10:02:02', NULL),
(575, 23, 14, 0, '2023-05-03 10:02:02', '2023-05-03 10:02:02', NULL),
(576, 23, 16, 0, '2023-05-03 10:02:02', '2023-05-03 10:02:02', NULL),
(577, 23, 17, 0, '2023-05-03 10:02:02', '2023-05-03 10:02:02', NULL),
(578, 23, 18, 0, '2023-05-03 10:02:02', '2023-05-03 10:02:02', NULL),
(579, 23, 20, 0, '2023-05-03 10:02:02', '2023-05-03 10:02:02', NULL),
(580, 23, 21, 0, '2023-05-03 10:02:02', '2023-05-03 10:02:02', NULL),
(581, 23, 22, 0, '2023-05-03 10:02:02', '2023-05-03 10:02:02', NULL),
(582, 5, 1, 0, '2023-05-03 10:02:05', '2023-05-03 10:02:05', NULL),
(583, 5, 8, 0, '2023-05-03 10:02:05', '2023-05-03 10:02:05', NULL),
(584, 5, 12, 0, '2023-05-03 10:02:05', '2023-05-03 10:02:05', NULL),
(585, 5, 2, 0, '2023-05-03 10:02:05', '2023-05-03 10:02:05', NULL),
(586, 5, 9, 0, '2023-05-03 10:02:05', '2023-05-03 10:02:05', NULL),
(587, 5, 13, 0, '2023-05-03 10:02:05', '2023-05-03 10:02:05', NULL),
(588, 5, 3, 0, '2023-05-03 10:02:05', '2023-05-03 10:02:05', NULL),
(589, 5, 10, 0, '2023-05-03 10:02:05', '2023-05-03 10:02:05', NULL),
(590, 5, 15, 0, '2023-05-03 10:02:05', '2023-05-03 10:02:05', NULL),
(591, 5, 4, 0, '2023-05-03 10:02:05', '2023-05-03 10:02:05', NULL),
(592, 5, 11, 0, '2023-05-03 10:02:05', '2023-05-03 10:02:05', NULL),
(593, 5, 14, 0, '2023-05-03 10:02:05', '2023-05-03 10:02:05', NULL),
(594, 5, 16, 0, '2023-05-03 10:02:05', '2023-05-03 10:02:05', NULL),
(595, 5, 17, 0, '2023-05-03 10:02:05', '2023-05-03 10:02:05', NULL),
(596, 5, 18, 0, '2023-05-03 10:02:05', '2023-05-03 10:02:05', NULL),
(597, 5, 20, 0, '2023-05-03 10:02:05', '2023-05-03 10:02:05', NULL),
(598, 5, 21, 0, '2023-05-03 10:02:05', '2023-05-03 10:02:05', NULL),
(599, 5, 22, 0, '2023-05-03 10:02:05', '2023-05-03 10:02:05', NULL),
(600, 25, 1, 0, '2023-05-03 10:02:08', '2023-05-03 10:02:08', NULL),
(601, 25, 8, 0, '2023-05-03 10:02:08', '2023-05-03 10:02:08', NULL),
(602, 25, 12, 0, '2023-05-03 10:02:08', '2023-05-03 10:02:08', NULL),
(603, 25, 2, 0, '2023-05-03 10:02:08', '2023-05-03 10:02:08', NULL),
(604, 25, 9, 0, '2023-05-03 10:02:08', '2023-05-03 10:02:08', NULL),
(605, 25, 13, 0, '2023-05-03 10:02:08', '2023-05-03 10:02:08', NULL),
(606, 25, 3, 0, '2023-05-03 10:02:08', '2023-05-03 10:02:08', NULL),
(607, 25, 10, 0, '2023-05-03 10:02:08', '2023-05-03 10:02:08', NULL),
(608, 25, 15, 0, '2023-05-03 10:02:08', '2023-05-03 10:02:08', NULL),
(609, 25, 4, 0, '2023-05-03 10:02:08', '2023-05-03 10:02:08', NULL),
(610, 25, 11, 0, '2023-05-03 10:02:08', '2023-05-03 10:02:08', NULL),
(611, 25, 14, 0, '2023-05-03 10:02:08', '2023-05-03 10:02:08', NULL),
(612, 25, 16, 0, '2023-05-03 10:02:08', '2023-05-03 10:02:08', NULL),
(613, 25, 17, 0, '2023-05-03 10:02:08', '2023-05-03 10:02:08', NULL),
(614, 25, 18, 0, '2023-05-03 10:02:08', '2023-05-03 10:02:08', NULL),
(615, 25, 20, 0, '2023-05-03 10:02:08', '2023-05-03 10:02:08', NULL),
(616, 25, 21, 0, '2023-05-03 10:02:08', '2023-05-03 10:02:08', NULL),
(617, 25, 22, 0, '2023-05-03 10:02:08', '2023-05-03 10:02:08', NULL),
(618, 31, 1, 0, '2023-05-03 10:02:11', '2023-05-03 10:02:11', NULL),
(619, 31, 8, 0, '2023-05-03 10:02:11', '2023-05-03 10:02:11', NULL),
(620, 31, 12, 0, '2023-05-03 10:02:11', '2023-05-03 10:02:11', NULL),
(621, 31, 2, 0, '2023-05-03 10:02:11', '2023-05-03 10:02:11', NULL),
(622, 31, 9, 0, '2023-05-03 10:02:11', '2023-05-03 10:02:11', NULL),
(623, 31, 13, 0, '2023-05-03 10:02:11', '2023-05-03 10:02:11', NULL),
(624, 31, 3, 0, '2023-05-03 10:02:11', '2023-05-03 10:02:11', NULL),
(625, 31, 10, 0, '2023-05-03 10:02:11', '2023-05-03 10:02:11', NULL),
(626, 31, 15, 0, '2023-05-03 10:02:11', '2023-05-03 10:02:11', NULL),
(627, 31, 4, 0, '2023-05-03 10:02:11', '2023-05-03 10:02:11', NULL),
(628, 31, 11, 0, '2023-05-03 10:02:11', '2023-05-03 10:02:11', NULL),
(629, 31, 14, 0, '2023-05-03 10:02:11', '2023-05-03 10:02:11', NULL),
(630, 31, 16, 0, '2023-05-03 10:02:11', '2023-05-03 10:02:11', NULL),
(631, 31, 17, 0, '2023-05-03 10:02:11', '2023-05-03 10:02:11', NULL),
(632, 31, 18, 0, '2023-05-03 10:02:11', '2023-05-03 10:02:11', NULL),
(633, 31, 20, 0, '2023-05-03 10:02:11', '2023-05-03 10:02:11', NULL),
(634, 31, 21, 0, '2023-05-03 10:02:11', '2023-05-03 10:02:11', NULL),
(635, 31, 22, 0, '2023-05-03 10:02:11', '2023-05-03 10:02:11', NULL),
(636, 9, 1, 0, '2023-05-03 10:02:16', '2023-05-03 10:02:16', NULL),
(637, 9, 8, 0, '2023-05-03 10:02:16', '2023-05-03 10:02:16', NULL),
(638, 9, 12, 0, '2023-05-03 10:02:16', '2023-05-03 10:02:16', NULL),
(639, 9, 2, 0, '2023-05-03 10:02:16', '2023-05-03 10:02:16', NULL),
(640, 9, 9, 0, '2023-05-03 10:02:16', '2023-05-03 10:02:16', NULL),
(641, 9, 13, 0, '2023-05-03 10:02:16', '2023-05-03 10:02:16', NULL),
(642, 9, 3, 0, '2023-05-03 10:02:16', '2023-05-03 10:02:16', NULL),
(643, 9, 10, 0, '2023-05-03 10:02:16', '2023-05-03 10:02:16', NULL),
(644, 9, 15, 0, '2023-05-03 10:02:16', '2023-05-03 10:02:16', NULL),
(645, 9, 4, 0, '2023-05-03 10:02:16', '2023-05-03 10:02:16', NULL),
(646, 9, 11, 0, '2023-05-03 10:02:16', '2023-05-03 10:02:16', NULL),
(647, 9, 14, 0, '2023-05-03 10:02:16', '2023-05-03 10:02:16', NULL),
(648, 9, 16, 0, '2023-05-03 10:02:16', '2023-05-03 10:02:16', NULL),
(649, 9, 17, 0, '2023-05-03 10:02:16', '2023-05-03 10:02:16', NULL),
(650, 9, 18, 0, '2023-05-03 10:02:16', '2023-05-03 10:02:16', NULL),
(651, 9, 20, 0, '2023-05-03 10:02:16', '2023-05-03 10:02:16', NULL),
(652, 9, 21, 0, '2023-05-03 10:02:16', '2023-05-03 10:02:16', NULL),
(653, 9, 22, 0, '2023-05-03 10:02:16', '2023-05-03 10:02:16', NULL),
(654, 7, 1, 0, '2023-05-03 10:02:22', '2023-05-03 10:02:22', NULL),
(655, 7, 8, 0, '2023-05-03 10:02:22', '2023-05-03 10:02:22', NULL),
(656, 7, 12, 0, '2023-05-03 10:02:22', '2023-05-03 10:02:22', NULL),
(657, 7, 2, 0, '2023-05-03 10:02:22', '2023-05-03 10:02:22', NULL),
(658, 7, 9, 0, '2023-05-03 10:02:22', '2023-05-03 10:02:22', NULL),
(659, 7, 13, 0, '2023-05-03 10:02:22', '2023-05-03 10:02:22', NULL),
(660, 7, 3, 0, '2023-05-03 10:02:22', '2023-05-03 10:02:22', NULL),
(661, 7, 10, 0, '2023-05-03 10:02:22', '2023-05-03 10:02:22', NULL),
(662, 7, 15, 0, '2023-05-03 10:02:22', '2023-05-03 10:02:22', NULL),
(663, 7, 4, 0, '2023-05-03 10:02:22', '2023-05-03 10:02:22', NULL),
(664, 7, 11, 0, '2023-05-03 10:02:22', '2023-05-03 10:02:22', NULL),
(665, 7, 14, 0, '2023-05-03 10:02:22', '2023-05-03 10:02:22', NULL),
(666, 7, 16, 0, '2023-05-03 10:02:22', '2023-05-03 10:02:22', NULL),
(667, 7, 17, 0, '2023-05-03 10:02:22', '2023-05-03 10:02:22', NULL),
(668, 7, 18, 0, '2023-05-03 10:02:22', '2023-05-03 10:02:22', NULL),
(669, 7, 20, 0, '2023-05-03 10:02:22', '2023-05-03 10:02:22', NULL),
(670, 7, 21, 0, '2023-05-03 10:02:22', '2023-05-03 10:02:22', NULL),
(671, 7, 22, 0, '2023-05-03 10:02:22', '2023-05-03 10:02:22', NULL),
(672, 10, 1, 0, '2023-05-03 10:02:24', '2023-05-03 10:02:24', NULL),
(673, 10, 8, 0, '2023-05-03 10:02:24', '2023-05-03 10:02:24', NULL),
(674, 10, 12, 0, '2023-05-03 10:02:24', '2023-05-03 10:02:24', NULL),
(675, 10, 2, 0, '2023-05-03 10:02:24', '2023-05-03 10:02:24', NULL),
(676, 10, 9, 0, '2023-05-03 10:02:24', '2023-05-03 10:02:24', NULL),
(677, 10, 13, 0, '2023-05-03 10:02:24', '2023-05-03 10:02:24', NULL),
(678, 10, 3, 0, '2023-05-03 10:02:24', '2023-05-03 10:02:24', NULL),
(679, 10, 10, 0, '2023-05-03 10:02:24', '2023-05-03 10:02:24', NULL),
(680, 10, 15, 0, '2023-05-03 10:02:24', '2023-05-03 10:02:24', NULL),
(681, 10, 4, 0, '2023-05-03 10:02:24', '2023-05-03 10:02:24', NULL),
(682, 10, 11, 0, '2023-05-03 10:02:24', '2023-05-03 10:02:24', NULL),
(683, 10, 14, 0, '2023-05-03 10:02:24', '2023-05-03 10:02:24', NULL),
(684, 10, 16, 0, '2023-05-03 10:02:24', '2023-05-03 10:02:24', NULL),
(685, 10, 17, 0, '2023-05-03 10:02:24', '2023-05-03 10:02:24', NULL),
(686, 10, 18, 0, '2023-05-03 10:02:24', '2023-05-03 10:02:24', NULL),
(687, 10, 20, 0, '2023-05-03 10:02:24', '2023-05-03 10:02:24', NULL),
(688, 10, 21, 0, '2023-05-03 10:02:24', '2023-05-03 10:02:24', NULL),
(689, 10, 22, 0, '2023-05-03 10:02:24', '2023-05-03 10:02:24', NULL),
(690, 3, 1, 0, '2023-05-03 10:02:26', '2023-05-03 10:02:26', NULL),
(691, 3, 8, 0, '2023-05-03 10:02:26', '2023-05-03 10:02:26', NULL),
(692, 3, 12, 0, '2023-05-03 10:02:26', '2023-05-03 10:02:26', NULL),
(693, 3, 2, 0, '2023-05-03 10:02:26', '2023-05-03 10:02:26', NULL),
(694, 3, 9, 0, '2023-05-03 10:02:26', '2023-05-03 10:02:26', NULL),
(695, 3, 13, 0, '2023-05-03 10:02:26', '2023-05-03 10:02:26', NULL),
(696, 3, 3, 0, '2023-05-03 10:02:26', '2023-05-03 10:02:26', NULL),
(697, 3, 10, 0, '2023-05-03 10:02:26', '2023-05-03 10:02:26', NULL),
(698, 3, 15, 0, '2023-05-03 10:02:26', '2023-05-03 10:02:26', NULL),
(699, 3, 4, 0, '2023-05-03 10:02:26', '2023-05-03 10:02:26', NULL),
(700, 3, 11, 0, '2023-05-03 10:02:26', '2023-05-03 10:02:26', NULL),
(701, 3, 14, 0, '2023-05-03 10:02:26', '2023-05-03 10:02:26', NULL),
(702, 3, 16, 0, '2023-05-03 10:02:26', '2023-05-03 10:02:26', NULL),
(703, 3, 17, 0, '2023-05-03 10:02:26', '2023-05-03 10:02:26', NULL),
(704, 3, 18, 0, '2023-05-03 10:02:26', '2023-05-03 10:02:26', NULL),
(705, 3, 20, 0, '2023-05-03 10:02:26', '2023-05-03 10:02:26', NULL),
(706, 3, 21, 0, '2023-05-03 10:02:26', '2023-05-03 10:02:26', NULL),
(707, 3, 22, 0, '2023-05-03 10:02:26', '2023-05-03 10:02:26', NULL),
(708, 2, 1, 0, '2023-05-03 10:02:28', '2023-05-03 10:02:28', NULL),
(709, 2, 8, 0, '2023-05-03 10:02:28', '2023-05-03 10:02:28', NULL),
(710, 2, 12, 0, '2023-05-03 10:02:28', '2023-05-03 10:02:28', NULL),
(711, 2, 2, 0, '2023-05-03 10:02:28', '2023-05-03 10:02:28', NULL),
(712, 2, 9, 0, '2023-05-03 10:02:28', '2023-05-03 10:02:28', NULL),
(713, 2, 13, 0, '2023-05-03 10:02:28', '2023-05-03 10:02:28', NULL),
(714, 2, 3, 0, '2023-05-03 10:02:28', '2023-05-03 10:02:28', NULL),
(715, 2, 10, 0, '2023-05-03 10:02:28', '2023-05-03 10:02:28', NULL),
(716, 2, 15, 0, '2023-05-03 10:02:28', '2023-05-03 10:02:28', NULL),
(717, 2, 4, 0, '2023-05-03 10:02:28', '2023-05-03 10:02:28', NULL),
(718, 2, 11, 0, '2023-05-03 10:02:28', '2023-05-03 10:02:28', NULL),
(719, 2, 14, 0, '2023-05-03 10:02:28', '2023-05-03 10:02:28', NULL),
(720, 2, 16, 0, '2023-05-03 10:02:28', '2023-05-03 10:02:28', NULL),
(721, 2, 17, 0, '2023-05-03 10:02:28', '2023-05-03 10:02:28', NULL),
(722, 2, 18, 0, '2023-05-03 10:02:28', '2023-05-03 10:02:28', NULL),
(723, 2, 20, 0, '2023-05-03 10:02:28', '2023-05-03 10:02:28', NULL),
(724, 2, 21, 0, '2023-05-03 10:02:28', '2023-05-03 10:02:28', NULL),
(725, 2, 22, 0, '2023-05-03 10:02:28', '2023-05-03 10:02:28', NULL),
(726, 27, 1, 0, '2023-05-03 10:02:31', '2023-05-03 10:02:31', NULL),
(727, 27, 8, 0, '2023-05-03 10:02:31', '2023-05-03 10:02:31', NULL),
(728, 27, 12, 0, '2023-05-03 10:02:31', '2023-05-03 10:02:31', NULL),
(729, 27, 2, 0, '2023-05-03 10:02:31', '2023-05-03 10:02:31', NULL),
(730, 27, 9, 0, '2023-05-03 10:02:31', '2023-05-03 10:02:31', NULL),
(731, 27, 13, 0, '2023-05-03 10:02:31', '2023-05-03 10:02:31', NULL),
(732, 27, 3, 0, '2023-05-03 10:02:31', '2023-05-03 10:02:31', NULL),
(733, 27, 10, 0, '2023-05-03 10:02:31', '2023-05-03 10:02:31', NULL),
(734, 27, 15, 0, '2023-05-03 10:02:31', '2023-05-03 10:02:31', NULL),
(735, 27, 4, 0, '2023-05-03 10:02:31', '2023-05-03 10:02:31', NULL),
(736, 27, 11, 0, '2023-05-03 10:02:31', '2023-05-03 10:02:31', NULL),
(737, 27, 14, 0, '2023-05-03 10:02:31', '2023-05-03 10:02:31', NULL),
(738, 27, 16, 0, '2023-05-03 10:02:31', '2023-05-03 10:02:31', NULL),
(739, 27, 17, 0, '2023-05-03 10:02:31', '2023-05-03 10:02:31', NULL),
(740, 27, 18, 0, '2023-05-03 10:02:31', '2023-05-03 10:02:31', NULL),
(741, 27, 20, 0, '2023-05-03 10:02:31', '2023-05-03 10:02:31', NULL),
(742, 27, 21, 0, '2023-05-03 10:02:31', '2023-05-03 10:02:31', NULL),
(743, 27, 22, 0, '2023-05-03 10:02:31', '2023-05-03 10:02:31', NULL),
(744, 6, 1, 0, '2023-05-03 10:02:32', '2023-05-03 10:02:32', NULL),
(745, 6, 8, 0, '2023-05-03 10:02:32', '2023-05-03 10:02:32', NULL),
(746, 6, 12, 0, '2023-05-03 10:02:32', '2023-05-03 10:02:32', NULL),
(747, 6, 2, 0, '2023-05-03 10:02:32', '2023-05-03 10:02:32', NULL),
(748, 6, 9, 0, '2023-05-03 10:02:32', '2023-05-03 10:02:32', NULL),
(749, 6, 13, 0, '2023-05-03 10:02:32', '2023-05-03 10:02:32', NULL),
(750, 6, 3, 0, '2023-05-03 10:02:32', '2023-05-03 10:02:32', NULL),
(751, 6, 10, 0, '2023-05-03 10:02:32', '2023-05-03 10:02:32', NULL),
(752, 6, 15, 0, '2023-05-03 10:02:32', '2023-05-03 10:02:32', NULL),
(753, 6, 4, 0, '2023-05-03 10:02:32', '2023-05-03 10:02:32', NULL),
(754, 6, 11, 0, '2023-05-03 10:02:32', '2023-05-03 10:02:32', NULL),
(755, 6, 14, 0, '2023-05-03 10:02:32', '2023-05-03 10:02:32', NULL),
(756, 6, 16, 0, '2023-05-03 10:02:32', '2023-05-03 10:02:32', NULL),
(757, 6, 17, 0, '2023-05-03 10:02:32', '2023-05-03 10:02:32', NULL),
(758, 6, 18, 0, '2023-05-03 10:02:32', '2023-05-03 10:02:32', NULL),
(759, 6, 20, 0, '2023-05-03 10:02:32', '2023-05-03 10:02:32', NULL),
(760, 6, 21, 0, '2023-05-03 10:02:32', '2023-05-03 10:02:32', NULL),
(761, 6, 22, 0, '2023-05-03 10:02:32', '2023-05-03 10:02:32', NULL),
(762, 17, 1, 0, '2023-05-03 10:02:35', '2023-05-03 10:02:35', NULL),
(763, 17, 8, 0, '2023-05-03 10:02:35', '2023-05-03 10:02:35', NULL),
(764, 17, 12, 0, '2023-05-03 10:02:35', '2023-05-03 10:02:35', NULL),
(765, 17, 2, 0, '2023-05-03 10:02:35', '2023-05-03 10:02:35', NULL),
(766, 17, 9, 0, '2023-05-03 10:02:35', '2023-05-03 10:02:35', NULL),
(767, 17, 13, 0, '2023-05-03 10:02:35', '2023-05-03 10:02:35', NULL),
(768, 17, 3, 0, '2023-05-03 10:02:35', '2023-05-03 10:02:35', NULL),
(769, 17, 10, 0, '2023-05-03 10:02:35', '2023-05-03 10:02:35', NULL),
(770, 17, 15, 0, '2023-05-03 10:02:35', '2023-05-03 10:02:35', NULL),
(771, 17, 4, 0, '2023-05-03 10:02:35', '2023-05-03 10:02:35', NULL),
(772, 17, 11, 0, '2023-05-03 10:02:35', '2023-05-03 10:02:35', NULL),
(773, 17, 14, 0, '2023-05-03 10:02:35', '2023-05-03 10:02:35', NULL),
(774, 17, 16, 0, '2023-05-03 10:02:35', '2023-05-03 10:02:35', NULL),
(775, 17, 17, 0, '2023-05-03 10:02:35', '2023-05-03 10:02:35', NULL),
(776, 17, 18, 0, '2023-05-03 10:02:35', '2023-05-03 10:02:35', NULL),
(777, 17, 20, 0, '2023-05-03 10:02:35', '2023-05-03 10:02:35', NULL),
(778, 17, 21, 0, '2023-05-03 10:02:35', '2023-05-03 10:02:35', NULL),
(779, 17, 22, 0, '2023-05-03 10:02:35', '2023-05-03 10:02:35', NULL),
(780, 34, 1, 0, '2023-05-03 10:02:37', '2023-05-03 10:02:37', NULL),
(781, 34, 8, 0, '2023-05-03 10:02:37', '2023-05-03 10:02:37', NULL),
(782, 34, 12, 0, '2023-05-03 10:02:37', '2023-05-03 10:02:37', NULL),
(783, 34, 2, 0, '2023-05-03 10:02:37', '2023-05-03 10:02:37', NULL),
(784, 34, 9, 0, '2023-05-03 10:02:37', '2023-05-03 10:02:37', NULL),
(785, 34, 13, 0, '2023-05-03 10:02:37', '2023-05-03 10:02:37', NULL),
(786, 34, 3, 0, '2023-05-03 10:02:37', '2023-05-03 10:02:37', NULL),
(787, 34, 10, 0, '2023-05-03 10:02:37', '2023-05-03 10:02:37', NULL),
(788, 34, 15, 0, '2023-05-03 10:02:37', '2023-05-03 10:02:37', NULL),
(789, 34, 4, 0, '2023-05-03 10:02:37', '2023-05-03 10:02:37', NULL),
(790, 34, 11, 0, '2023-05-03 10:02:37', '2023-05-03 10:02:37', NULL),
(791, 34, 14, 0, '2023-05-03 10:02:37', '2023-05-03 10:02:37', NULL),
(792, 34, 16, 0, '2023-05-03 10:02:37', '2023-05-03 10:02:37', NULL),
(793, 34, 17, 0, '2023-05-03 10:02:37', '2023-05-03 10:02:37', NULL),
(794, 34, 18, 0, '2023-05-03 10:02:37', '2023-05-03 10:02:37', NULL),
(795, 34, 20, 0, '2023-05-03 10:02:37', '2023-05-03 10:02:37', NULL),
(796, 34, 21, 0, '2023-05-03 10:02:37', '2023-05-03 10:02:37', NULL),
(797, 34, 22, 0, '2023-05-03 10:02:37', '2023-05-03 10:02:37', NULL),
(798, 37, 23, 18, '2023-07-06 23:05:03', '2023-07-06 21:22:31', NULL),
(799, 37, 24, 18, '2023-07-06 23:05:03', '2023-07-06 21:22:37', NULL),
(800, 37, 25, 12, '2023-07-06 23:05:03', '2023-07-06 21:22:43', NULL),
(801, 37, 26, 9, '2023-07-06 23:05:03', '2023-07-06 21:22:51', NULL),
(802, 37, 27, 7, '2023-07-06 23:05:03', '2023-07-06 21:22:56', NULL),
(803, 37, 28, 5, '2023-07-06 23:05:03', '2023-07-06 21:23:02', NULL),
(804, 37, 29, 26, '2023-07-06 23:05:03', '2023-07-06 21:23:10', NULL),
(805, 37, 30, 39, '2023-07-06 23:05:03', '2023-07-06 21:23:16', NULL),
(806, 37, 31, 16, '2023-07-06 23:05:03', '2023-07-06 21:23:22', NULL),
(807, 37, 32, 17, '2023-07-06 23:05:03', '2023-07-06 21:23:40', NULL),
(808, 37, 33, 29, '2023-07-06 23:05:03', '2023-07-06 21:23:53', NULL),
(809, 37, 34, 46, '2023-07-06 23:05:03', '2023-07-06 21:24:00', NULL),
(810, 37, 35, 27, '2023-07-06 23:05:03', '2023-07-06 21:24:05', NULL),
(811, 37, 36, 8, '2023-07-06 23:05:03', '2023-07-06 21:24:11', NULL),
(812, 37, 37, 19, '2023-07-06 23:05:03', '2023-07-06 21:24:16', NULL),
(813, 37, 38, 17, '2023-07-06 23:05:03', '2023-07-06 21:24:22', NULL),
(814, 37, 39, 29, '2023-07-06 23:05:03', '2023-07-06 21:22:23', NULL),
(815, 37, 40, 17, '2023-07-06 23:05:03', '2023-07-06 21:22:13', NULL),
(816, 37, 41, 12, '2023-07-06 23:05:03', '2023-07-06 21:22:02', NULL),
(817, 37, 42, 19, '2023-07-06 23:05:03', '2023-07-06 21:21:55', NULL),
(818, 37, 43, 17, '2023-07-06 23:05:03', '2023-07-06 21:21:43', NULL),
(819, 37, 44, 10, '2023-07-06 23:05:03', '2023-07-06 21:21:34', NULL),
(820, 37, 45, 15, '2023-07-06 23:05:16', '2023-07-06 21:59:06', NULL),
(821, 37, 46, 13, '2023-07-06 23:05:16', '2023-07-06 21:59:10', NULL),
(822, 37, 47, 12, '2023-07-06 23:05:16', '2023-07-06 21:59:26', NULL),
(823, 37, 48, 7, '2023-07-06 23:05:16', '2023-07-06 21:59:32', NULL),
(824, 37, 49, 7, '2023-07-06 23:05:16', '2023-07-06 21:59:37', NULL),
(825, 37, 50, 4, '2023-07-06 23:05:16', '2023-07-06 21:59:40', NULL),
(826, 37, 51, 28, '2023-07-06 23:05:16', '2023-07-06 21:59:48', NULL),
(827, 37, 52, 37, '2023-07-06 23:05:16', '2023-07-06 21:59:53', NULL),
(828, 37, 53, 20, '2023-07-06 23:05:16', '2023-07-06 22:00:00', NULL),
(829, 37, 54, 14, '2023-07-06 23:05:16', '2023-07-06 22:00:24', NULL),
(830, 37, 55, 23, '2023-07-06 23:05:16', '2023-07-06 22:00:32', NULL),
(831, 37, 56, 30, '2023-07-06 23:05:16', '2023-07-06 22:00:37', NULL),
(832, 37, 57, 31, '2023-07-06 23:05:16', '2023-07-06 22:00:41', NULL),
(833, 37, 58, 17, '2023-07-06 23:05:16', '2023-07-06 22:00:52', NULL),
(834, 37, 59, 17, '2023-07-06 23:05:16', '2023-07-06 22:00:59', NULL),
(835, 37, 60, 14, '2023-07-06 23:05:16', '2023-07-06 22:01:02', NULL),
(836, 37, 61, 33, '2023-07-06 23:05:16', '2023-07-06 22:01:10', NULL),
(837, 37, 62, 12, '2023-07-06 23:05:16', '2023-07-06 22:01:18', NULL),
(838, 37, 63, 13, '2023-07-06 23:05:16', '2023-07-06 22:01:21', NULL),
(839, 37, 64, 17, '2023-07-06 23:05:16', '2023-07-06 22:01:30', NULL),
(840, 37, 65, 14, '2023-07-06 23:05:16', '2023-07-06 22:01:35', NULL),
(841, 37, 66, 10, '2023-07-06 23:05:16', '2023-07-06 22:01:39', NULL),
(842, 37, 67, 20, '2023-07-06 23:05:20', '2023-07-07 19:53:01', NULL),
(843, 37, 68, 20, '2023-07-06 23:05:20', '2023-07-07 19:53:07', NULL),
(844, 37, 69, 13, '2023-07-06 23:05:20', '2023-07-07 19:53:12', NULL),
(845, 37, 70, 7, '2023-07-06 23:05:20', '2023-07-07 19:53:17', NULL),
(846, 37, 71, 6, '2023-07-06 23:05:20', '2023-07-07 19:53:21', NULL),
(847, 37, 72, 5, '2023-07-06 23:05:20', '2023-07-07 19:53:26', NULL),
(848, 37, 73, 30, '2023-07-06 23:05:20', '2023-07-07 19:53:29', NULL),
(849, 37, 74, 41, '2023-07-06 23:05:20', '2023-07-07 19:53:33', NULL),
(850, 37, 75, 24, '2023-07-06 23:05:20', '2023-07-07 19:53:39', NULL),
(851, 37, 76, 14, '2023-07-06 23:05:20', '2023-07-07 19:53:43', NULL),
(852, 37, 77, 29, '2023-07-06 23:05:20', '2023-07-07 19:53:47', NULL),
(853, 37, 78, 43, '2023-07-06 23:05:20', '2023-07-07 19:53:51', NULL),
(854, 37, 79, 38, '2023-07-06 23:05:20', '2023-07-07 19:53:59', NULL),
(855, 37, 80, 16, '2023-07-06 23:05:20', '2023-07-07 19:54:04', NULL),
(856, 37, 81, 20, '2023-07-06 23:05:20', '2023-07-07 19:54:08', NULL),
(857, 37, 82, 20, '2023-07-06 23:05:20', '2023-07-07 19:54:12', NULL),
(858, 37, 83, 35, '2023-07-06 23:05:20', '2023-07-07 19:54:17', NULL),
(859, 37, 84, 16, '2023-07-06 23:05:20', '2023-07-07 19:54:21', NULL),
(860, 37, 85, 13, '2023-07-06 23:05:20', '2023-07-07 19:54:25', NULL),
(861, 37, 86, 18, '2023-07-06 23:05:20', '2023-07-07 19:54:30', NULL),
(862, 37, 87, 16, '2023-07-06 23:05:20', '2023-07-07 19:54:48', NULL),
(863, 37, 88, 18, '2023-07-06 23:05:20', '2023-07-07 19:54:52', NULL);

-- --------------------------------------------------------

--
-- Structure de la table `eleve_parrain`
--

CREATE TABLE `eleve_parrain` (
  `id` bigint(20) UNSIGNED NOT NULL,
  `eleve_id` bigint(20) UNSIGNED DEFAULT NULL,
  `parrain_id` bigint(20) UNSIGNED DEFAULT NULL,
  `created_at` timestamp NULL DEFAULT NULL,
  `updated_at` timestamp NULL DEFAULT NULL,
  `deleted_at` timestamp NULL DEFAULT NULL
) ENGINE=InnoDB DEFAULT CHARSET=utf8mb4 COLLATE=utf8mb4_unicode_ci;

-- --------------------------------------------------------

--
-- Structure de la table `employers`
--

CREATE TABLE `employers` (
  `id` bigint(20) UNSIGNED NOT NULL,
  `matricule` varchar(255) COLLATE utf8mb4_unicode_ci NOT NULL,
  `nom` varchar(255) COLLATE utf8mb4_unicode_ci NOT NULL,
  `prenom` varchar(255) COLLATE utf8mb4_unicode_ci NOT NULL,
  `date_naissance` date NOT NULL,
  `sexe` varchar(50) COLLATE utf8mb4_unicode_ci NOT NULL DEFAULT 'M',
  `formation` varchar(255) COLLATE utf8mb4_unicode_ci NOT NULL,
  `diplome` varchar(255) COLLATE utf8mb4_unicode_ci NOT NULL,
  `niveau_etude` varchar(255) COLLATE utf8mb4_unicode_ci NOT NULL,
  `created_at` timestamp NULL DEFAULT NULL,
  `updated_at` timestamp NULL DEFAULT NULL,
  `deleted_at` timestamp NULL DEFAULT NULL
) ENGINE=InnoDB DEFAULT CHARSET=utf8mb4 COLLATE=utf8mb4_unicode_ci;

--
-- Déchargement des données de la table `employers`
--

INSERT INTO `employers` (`id`, `matricule`, `nom`, `prenom`, `date_naissance`, `sexe`, `formation`, `diplome`, `niveau_etude`, `created_at`, `updated_at`, `deleted_at`) VALUES
(1, 'P01/2022', 'Abraham', 'Tommy', '2000-01-12', 'M', 'Informatique', 'Licence', 'licence', '2022-08-23 18:49:59', '2023-06-01 09:42:21', NULL),
(2, 'P02/2022', 'Lokenze', 'Nathalie', '2022-08-24', 'F', 'Aviation', 'licence', 'A0', '2022-08-24 09:28:51', '2022-09-13 03:55:41', NULL),
(3, 'P03/2022', 'Jean-luc Mulindi', 'Gouver', '2022-04-05', 'M', 'Langue', 'Master', 'Master', '2022-08-27 01:11:47', '2023-04-13 14:56:23', NULL),
(4, 'P04/2022', 'Tanya Molisho', 'Nickel', '2022-08-10', 'F', 'Mathematique', 'D\'Etat', 'G3', '2022-08-27 01:26:27', '2023-04-12 21:27:38', NULL),
(5, '000/20221', 'Enseignant', 'Gouver', '2022-08-17', 'M', 'Droit Civile', 'Master', 'MCL', '2022-08-27 01:27:33', '2022-08-27 01:27:40', '2022-08-27 01:27:40'),
(6, 'P05/2022', 'Muhoza', 'Clayton Zeptoman', '1999-06-12', 'M', 'Informatique', 'Licence', 'Master', '2022-09-13 04:21:07', '2022-09-15 11:17:44', '2022-09-15 11:17:44'),
(8, 'P06/2022', 'Ndioni Tonobunu', 'Makunn', '2022-11-23', 'M', 'Mathematique', 'Master', 'Master', '2022-11-23 08:37:11', '2022-11-23 08:37:11', NULL),
(9, 'P07/2023', 'Ingabire', 'Christa', '2001-05-12', 'F', 'Comptabilité', 'Licence', 'L1', '2023-04-12 21:48:13', '2023-04-12 21:48:13', NULL),
(10, 'P08/2023', 'Kak Kakisingi', 'Charly', '1995-02-01', 'M', 'Informatique', 'Licence', 'L2', '2023-05-30 11:15:22', '2023-05-30 11:15:22', NULL),
(11, 'P09/2023', 'Bakanyize', 'Honoré', '1960-06-02', 'M', 'Aucune', 'Aucun', 'Aucun', '2023-06-02 10:59:28', '2023-06-02 10:59:28', NULL),
(12, 'P010/2023', 'Lucien', 'Abudu', '1989-06-23', 'M', 'Geographie', 'Licence', 'L2', '2023-06-15 17:58:40', '2023-06-15 17:58:40', NULL),
(13, 'P011/2023', 'Nzisabira', 'Diomede', '2023-07-13', 'M', 'Informatique', 'Licence', 'L2', '2023-07-02 19:07:48', '2023-07-02 19:07:48', NULL),
(14, 'P012/2023', 'Mastaki Akili', 'Frank', '2023-07-08', 'M', 'Pedagogie', 'Licence', 'L2', '2023-07-07 21:05:31', '2023-07-07 21:05:31', NULL),
(15, 'P013/2023', 'Clayton Muhoza', 'Zepto', '1997-01-07', 'M', 'Informatique', 'Licence', 'L2', '2023-07-08 06:16:57', '2023-07-08 06:17:39', NULL);

-- --------------------------------------------------------

--
-- Structure de la table `employer_fonction`
--

CREATE TABLE `employer_fonction` (
  `id` bigint(20) UNSIGNED NOT NULL,
  `employer_id` bigint(20) UNSIGNED NOT NULL,
  `fonction_id` bigint(20) UNSIGNED NOT NULL,
  `created_at` timestamp NULL DEFAULT NULL,
  `updated_at` timestamp NULL DEFAULT NULL
) ENGINE=InnoDB DEFAULT CHARSET=utf8mb4 COLLATE=utf8mb4_unicode_ci;

--
-- Déchargement des données de la table `employer_fonction`
--

INSERT INTO `employer_fonction` (`id`, `employer_id`, `fonction_id`, `created_at`, `updated_at`) VALUES
(5, 5, 1, NULL, NULL),
(12, 2, 2, NULL, NULL),
(16, 6, 9, NULL, NULL),
(17, 8, 2, NULL, NULL),
(19, 4, 2, NULL, NULL),
(20, 9, 10, NULL, NULL),
(21, 3, 11, NULL, NULL),
(22, 10, 9, NULL, NULL),
(29, 1, 9, NULL, NULL),
(30, 11, 8, NULL, NULL),
(31, 12, 2, NULL, NULL),
(32, 13, 4, NULL, NULL),
(33, 14, 2, NULL, NULL),
(35, 15, 2, NULL, NULL);

-- --------------------------------------------------------

--
-- Structure de la table `encadrements`
--

CREATE TABLE `encadrements` (
  `id` bigint(20) UNSIGNED NOT NULL,
  `user_id` bigint(20) UNSIGNED DEFAULT NULL,
  `annee_scolaire_id` bigint(20) UNSIGNED DEFAULT NULL,
  `classe_id` bigint(20) UNSIGNED DEFAULT NULL,
  `created_at` timestamp NULL DEFAULT NULL,
  `updated_at` timestamp NULL DEFAULT NULL,
  `deleted_at` timestamp NULL DEFAULT NULL
) ENGINE=InnoDB DEFAULT CHARSET=utf8mb4 COLLATE=utf8mb4_unicode_ci;

--
-- Déchargement des données de la table `encadrements`
--

INSERT INTO `encadrements` (`id`, `user_id`, `annee_scolaire_id`, `classe_id`, `created_at`, `updated_at`, `deleted_at`) VALUES
(1, 3, 1, 1, '2023-04-01 11:20:12', '2023-04-01 11:20:13', NULL),
(2, 4, 1, 2, '2023-04-01 11:20:10', '2023-04-01 11:20:11', NULL),
(4, 6, 1, 5, '2023-04-03 04:57:59', '2023-04-03 09:03:00', NULL),
(5, 2, 1, 8, '2023-04-13 16:34:25', '2023-04-13 14:16:00', '2023-04-13 14:16:00'),
(6, 3, 1, 14, '2023-06-02 11:16:21', '2023-06-02 11:16:21', '2023-06-02 13:43:37'),
(7, 4, 1, 1, '2023-06-02 11:17:05', '2023-06-02 11:17:05', '2023-06-02 13:43:10'),
(8, 15, 1, 16, '2023-07-06 20:26:52', '2023-07-06 20:26:52', NULL),
(9, 17, 1, 7, '2023-07-07 21:09:46', '2023-07-07 21:09:46', NULL),
(10, 18, 1, 10, '2023-07-08 06:18:42', '2023-07-08 06:18:42', NULL);

-- --------------------------------------------------------

--
-- Structure de la table `evaluations`
--

CREATE TABLE `evaluations` (
  `id` bigint(20) UNSIGNED NOT NULL,
  `note_max` int(11) NOT NULL,
  `type_evaluation_id` bigint(20) UNSIGNED DEFAULT NULL,
  `cours_id` bigint(20) UNSIGNED DEFAULT NULL,
  `periode_id` bigint(20) UNSIGNED DEFAULT NULL,
  `date_evaluation` date NOT NULL,
  `created_at` timestamp NULL DEFAULT NULL,
  `updated_at` timestamp NULL DEFAULT NULL,
  `deleted_at` timestamp NULL DEFAULT NULL
) ENGINE=InnoDB DEFAULT CHARSET=utf8mb4 COLLATE=utf8mb4_unicode_ci;

--
-- Déchargement des données de la table `evaluations`
--

INSERT INTO `evaluations` (`id`, `note_max`, `type_evaluation_id`, `cours_id`, `periode_id`, `date_evaluation`, `created_at`, `updated_at`, `deleted_at`) VALUES
(1, 10, 1, 1, 1, '2022-08-31', '2022-08-31 09:08:40', '2022-08-31 09:08:40', NULL),
(2, 10, 1, 2, 1, '2022-08-31', '2022-08-31 09:09:38', '2022-08-31 09:09:39', NULL),
(3, 5, 2, 1, 1, '2022-08-31', '2022-09-01 00:57:10', NULL, NULL),
(4, 10, 1, 4, 2, '2022-09-01', '2022-09-01 00:56:49', NULL, NULL),
(5, 10, 2, 3, 2, '2022-09-01', '2022-09-01 00:57:10', NULL, NULL),
(6, 10, 1, 1, 1, '2022-09-01', '2022-09-02 01:57:08', NULL, NULL),
(7, 10, 1, 4, 1, '2022-09-02', '2022-09-02 01:56:19', NULL, NULL),
(8, 10, 2, 3, 1, '2022-09-02', '2022-09-02 01:56:45', NULL, NULL),
(9, 10, 1, 1, 2, '2022-09-02', '2022-09-02 01:57:06', NULL, NULL),
(10, 5, 2, 1, 2, '2022-09-02', '2022-09-02 01:57:30', '2022-09-02 01:57:31', NULL),
(11, 10, 1, 2, 2, '2022-09-02', '2022-09-02 01:59:12', '2022-09-02 01:59:12', NULL),
(12, 15, 1, 7, 1, '2022-09-03', '2022-09-03 13:29:23', '2022-09-05 08:09:03', '2022-09-05 08:09:03'),
(13, 10, 2, 1, 6, '2022-09-05', '2022-09-05 08:10:08', '2022-09-05 08:10:24', '2022-09-05 08:10:24'),
(29, 10, 1, 1, 6, '2022-09-05', '2022-09-05 09:43:08', '2022-09-05 09:43:08', NULL),
(30, 10, 1, 3, 6, '2022-09-24', '2022-09-05 09:50:34', '2022-09-05 09:50:35', NULL),
(31, 10, 1, 1, 3, '2022-04-07', '2022-09-07 04:39:17', '2022-09-07 04:39:17', NULL),
(32, 10, 1, 3, 3, '2022-04-08', '2022-09-07 04:39:43', '2022-09-07 04:39:43', NULL),
(33, 10, 2, 2, 3, '2022-04-09', '2022-09-07 04:40:01', '2022-09-07 04:40:01', NULL),
(34, 10, 1, 4, 3, '2022-04-12', '2022-09-07 04:40:22', '2022-09-07 04:40:22', NULL),
(35, 5, 2, 1, 4, '2022-05-09', '2022-09-07 04:41:03', '2022-09-07 04:41:03', NULL),
(36, 15, 1, 1, 4, '2022-05-19', '2022-09-07 04:41:27', '2022-09-07 04:41:27', NULL),
(37, 10, 2, 3, 4, '2022-06-12', '2022-09-07 04:41:46', '2022-09-07 04:41:46', NULL),
(38, 10, 1, 2, 4, '2022-06-14', '2022-09-07 04:42:02', '2022-09-07 04:42:02', NULL),
(39, 10, 1, 4, 4, '2022-06-30', '2022-09-07 04:42:20', '2022-09-07 04:42:20', NULL),
(40, 10, 1, 1, 5, '2022-07-10', '2022-09-07 04:43:08', '2022-09-07 04:43:08', NULL),
(41, 10, 2, 3, 5, '2022-07-20', '2022-09-07 04:43:24', '2022-09-07 04:43:24', NULL),
(42, 10, 1, 2, 5, '2022-07-25', '2022-09-07 04:43:43', '2022-09-07 04:43:43', NULL),
(43, 20, 1, 4, 5, '2022-07-30', '2022-09-07 04:44:09', '2022-09-07 04:44:09', NULL),
(44, 20, 1, 2, 6, '2022-09-25', '2022-09-07 04:45:34', '2022-09-07 04:45:34', NULL),
(45, 20, 1, 6, 6, '2022-09-30', '2022-09-07 04:46:07', '2022-09-07 04:52:36', NULL),
(46, 10, 1, 4, 6, '2022-09-23', '2022-09-07 04:52:58', '2022-09-07 04:52:58', NULL),
(47, 10, 1, 6, 1, '2022-01-29', '2022-09-07 18:10:03', '2022-09-07 18:10:03', NULL),
(48, 10, 1, 6, 2, '2022-02-18', '2022-09-07 18:10:26', '2022-09-07 18:10:26', NULL),
(49, 10, 1, 6, 3, '2022-03-26', '2022-09-07 18:10:51', '2022-09-07 18:10:51', NULL),
(50, 10, 1, 6, 4, '2022-05-08', '2022-09-07 18:11:14', '2022-09-07 18:11:14', NULL),
(51, 10, 1, 6, 5, '2022-06-09', '2022-09-07 18:11:42', '2022-09-07 18:11:42', NULL),
(52, 10, 1, 6, 6, '2022-08-16', '2022-09-07 18:12:03', '2022-09-07 18:12:14', NULL),
(53, 30, 1, 1, 6, '2022-09-15', '2022-09-15 11:39:11', '2022-09-15 11:39:11', NULL),
(54, 10, 1, 1, 1, '2022-01-06', '2022-10-25 13:00:18', '2022-10-25 13:00:18', NULL),
(55, 10, 2, 1, 2, '2022-11-20', '2022-11-19 19:58:13', '2022-11-19 19:58:13', NULL),
(56, 40, 2, 1, 3, '2023-02-05', '2023-02-04 10:23:04', '2023-02-04 10:23:04', NULL),
(57, 20, 1, 2, 6, '2023-04-13', '2023-04-13 10:52:46', '2023-04-13 11:28:41', '2023-04-13 11:28:41'),
(58, 20, 1, 6, 6, '2023-04-13', '2023-04-13 10:54:25', '2023-04-13 11:28:35', '2023-04-13 11:28:35'),
(59, 20, 1, 6, 6, '2023-04-13', '2023-04-13 10:54:57', '2023-04-13 11:28:46', '2023-04-13 11:28:46'),
(60, 20, 1, 6, 6, '2023-04-13', '2023-04-13 10:55:51', '2023-04-13 11:28:49', '2023-04-13 11:28:49'),
(61, 20, 1, 6, 6, '2023-04-13', '2023-04-13 10:56:02', '2023-04-13 11:28:53', '2023-04-13 11:28:53'),
(62, 20, 1, 2, 6, '2023-04-13', '2023-04-13 10:58:59', '2023-04-13 11:02:34', '2023-04-13 11:02:34'),
(63, 20, 1, 2, 6, '2023-04-13', '2023-04-13 11:00:29', '2023-04-13 11:29:02', '2023-04-13 11:29:02'),
(64, 20, 1, 2, 6, '2023-04-13', '2023-04-13 11:01:02', '2023-04-13 11:29:09', '2023-04-13 11:29:09'),
(65, 20, 1, 2, 6, '2023-04-13', '2023-04-13 11:01:58', '2023-04-13 11:29:14', '2023-04-13 11:29:14'),
(66, 20, 1, 1, 1, '2023-04-13', '2023-04-13 11:07:28', '2023-04-13 11:29:54', '2023-04-13 11:29:54'),
(67, 20, 1, 2, 6, '2023-04-13', '2023-04-13 11:12:52', '2023-04-13 11:12:52', NULL),
(68, 20, 1, 1, 6, '2023-04-13', '2023-04-13 11:17:41', '2023-04-13 11:17:41', NULL),
(69, 10, 2, 6, 6, '2023-04-13', '2023-04-13 12:14:03', '2023-04-13 12:14:03', NULL),
(70, 20, 1, 4, 6, '2023-04-13', '2023-04-13 12:14:35', '2023-04-13 12:14:35', NULL),
(71, 4, 1, 9, 1, '2022-11-13', '2023-04-13 12:48:24', '2023-04-13 12:48:24', NULL),
(72, 10, 1, 9, 2, '2022-11-05', '2023-04-13 13:04:00', '2023-04-13 13:04:00', NULL),
(74, 20, 2, 8, 1, '2022-11-12', '2023-04-13 19:30:52', '2023-04-13 19:30:53', NULL),
(75, 20, 1, 9, 3, '2023-04-14', '2023-04-13 19:50:14', '2023-04-13 19:50:15', NULL),
(76, 15, 1, 9, 4, '2022-12-25', '2023-04-13 19:50:45', '2023-04-13 19:50:45', NULL),
(77, 40, 2, 9, 5, '2023-06-08', '2023-04-13 19:51:09', '2023-04-13 19:51:09', NULL),
(78, 20, 1, 9, 6, '2023-04-12', '2023-04-13 19:51:27', '2023-04-13 19:51:27', NULL),
(79, 20, 1, 1, 6, '2023-05-04', '2023-05-04 07:26:03', '2023-07-02 20:54:53', NULL),
(80, 10, 1, 10, 1, '2022-09-30', '2023-07-06 20:52:34', '2023-07-06 21:01:02', '2023-07-06 21:01:02'),
(81, 10, 1, 11, 1, '2022-09-30', '2023-07-06 20:52:34', '2023-07-06 21:01:02', '2023-07-06 21:01:02'),
(82, 7, 1, 12, 1, '2022-09-30', '2023-07-06 20:52:34', '2023-07-06 21:01:02', '2023-07-06 21:01:02'),
(83, 6, 1, 13, 1, '2022-09-30', '2023-07-06 20:52:34', '2023-07-06 21:01:02', '2023-07-06 21:01:02'),
(84, 4, 1, 14, 1, '2022-09-30', '2023-07-06 20:52:34', '2023-07-06 21:01:02', '2023-07-06 21:01:02'),
(85, 3, 1, 15, 1, '2022-09-30', '2023-07-06 20:52:34', '2023-07-06 21:01:02', '2023-07-06 21:01:02'),
(86, 20, 1, 16, 1, '2022-09-30', '2023-07-06 20:52:34', '2023-07-06 21:01:02', '2023-07-06 21:01:02'),
(87, 25, 1, 17, 1, '2022-09-30', '2023-07-06 20:52:34', '2023-07-06 21:01:02', '2023-07-06 21:01:02'),
(88, 15, 1, 18, 1, '2022-09-30', '2023-07-06 20:52:34', '2023-07-06 21:01:02', '2023-07-06 21:01:02'),
(89, 10, 1, 19, 1, '2022-09-30', '2023-07-06 20:52:34', '2023-07-06 21:01:02', '2023-07-06 21:01:02'),
(90, 20, 1, 20, 1, '2022-09-30', '2023-07-06 20:52:34', '2023-07-06 21:01:02', '2023-07-06 21:01:02'),
(91, 30, 1, 21, 1, '2022-09-30', '2023-07-06 20:52:34', '2023-07-06 21:01:02', '2023-07-06 21:01:02'),
(92, 20, 1, 22, 1, '2022-09-30', '2023-07-06 20:52:34', '2023-07-06 21:01:02', '2023-07-06 21:01:02'),
(93, 10, 1, 23, 1, '2022-09-30', '2023-07-06 20:52:34', '2023-07-06 21:01:02', '2023-07-06 21:01:02'),
(94, 10, 1, 24, 1, '2022-09-30', '2023-07-06 20:52:34', '2023-07-06 21:01:02', '2023-07-06 21:01:02'),
(95, 10, 1, 25, 1, '2022-09-30', '2023-07-06 20:52:34', '2023-07-06 21:01:02', '2023-07-06 21:01:02'),
(96, 20, 1, 26, 1, '2022-09-30', '2023-07-06 20:52:34', '2023-07-06 21:01:02', '2023-07-06 21:01:02'),
(97, 10, 1, 27, 1, '2022-09-30', '2023-07-06 20:52:34', '2023-07-06 21:01:02', '2023-07-06 21:01:02'),
(98, 10, 1, 28, 1, '2022-09-30', '2023-07-06 20:52:34', '2023-07-06 21:01:02', '2023-07-06 21:01:02'),
(99, 10, 1, 29, 1, '2022-09-30', '2023-07-06 20:52:34', '2023-07-06 21:01:02', '2023-07-06 21:01:02'),
(100, 10, 1, 30, 1, '2022-09-30', '2023-07-06 20:52:34', '2023-07-06 21:01:02', '2023-07-06 21:01:02'),
(101, 10, 1, 31, 1, '2022-09-30', '2023-07-06 20:52:34', '2023-07-06 21:01:02', '2023-07-06 21:01:02'),
(102, 10, 1, 10, 1, '2022-09-30', '2023-07-06 20:54:46', '2023-07-06 21:01:02', '2023-07-06 21:01:02'),
(103, 10, 1, 11, 1, '2022-09-30', '2023-07-06 20:54:46', '2023-07-06 21:01:02', '2023-07-06 21:01:02'),
(104, 7, 1, 12, 1, '2022-09-30', '2023-07-06 20:54:46', '2023-07-06 21:01:02', '2023-07-06 21:01:02'),
(105, 6, 1, 13, 1, '2022-09-30', '2023-07-06 20:54:46', '2023-07-06 21:01:02', '2023-07-06 21:01:02'),
(106, 4, 1, 14, 1, '2022-09-30', '2023-07-06 20:54:46', '2023-07-06 21:01:02', '2023-07-06 21:01:02'),
(107, 3, 1, 15, 1, '2022-09-30', '2023-07-06 20:54:46', '2023-07-06 21:01:02', '2023-07-06 21:01:02'),
(108, 20, 1, 16, 1, '2022-09-30', '2023-07-06 20:54:46', '2023-07-06 21:01:02', '2023-07-06 21:01:02'),
(109, 25, 1, 17, 1, '2022-09-30', '2023-07-06 20:54:46', '2023-07-06 21:01:02', '2023-07-06 21:01:02'),
(110, 15, 1, 18, 1, '2022-09-30', '2023-07-06 20:54:46', '2023-07-06 21:01:02', '2023-07-06 21:01:02'),
(111, 10, 1, 19, 1, '2022-09-30', '2023-07-06 20:54:46', '2023-07-06 21:01:02', '2023-07-06 21:01:02'),
(112, 20, 1, 20, 1, '2022-09-30', '2023-07-06 20:54:46', '2023-07-06 21:01:02', '2023-07-06 21:01:02'),
(113, 30, 1, 21, 1, '2022-09-30', '2023-07-06 20:54:46', '2023-07-06 21:01:02', '2023-07-06 21:01:02'),
(114, 20, 1, 22, 1, '2022-09-30', '2023-07-06 20:54:46', '2023-07-06 21:01:02', '2023-07-06 21:01:02'),
(115, 10, 1, 23, 1, '2022-09-30', '2023-07-06 20:54:46', '2023-07-06 21:01:02', '2023-07-06 21:01:02'),
(116, 10, 1, 24, 1, '2022-09-30', '2023-07-06 20:54:46', '2023-07-06 21:01:02', '2023-07-06 21:01:02'),
(117, 10, 1, 25, 1, '2022-09-30', '2023-07-06 20:54:46', '2023-07-06 21:01:02', '2023-07-06 21:01:02'),
(118, 20, 1, 26, 1, '2022-09-30', '2023-07-06 20:54:46', '2023-07-06 21:01:02', '2023-07-06 21:01:02'),
(119, 10, 1, 27, 1, '2022-09-30', '2023-07-06 20:54:46', '2023-07-06 21:01:02', '2023-07-06 21:01:02'),
(120, 10, 1, 28, 1, '2022-09-30', '2023-07-06 20:54:46', '2023-07-06 21:01:02', '2023-07-06 21:01:02'),
(121, 10, 1, 29, 1, '2022-09-30', '2023-07-06 20:54:46', '2023-07-06 21:01:02', '2023-07-06 21:01:02'),
(122, 10, 1, 30, 1, '2022-09-30', '2023-07-06 20:54:46', '2023-07-06 21:01:02', '2023-07-06 21:01:02'),
(123, 10, 1, 31, 1, '2022-09-30', '2023-07-06 20:54:46', '2023-07-06 21:01:02', '2023-07-06 21:01:02'),
(124, 10, 1, 10, 1, '2022-09-30', '2023-07-06 20:55:06', '2023-07-06 21:01:02', '2023-07-06 21:01:02'),
(125, 10, 1, 11, 1, '2022-09-30', '2023-07-06 20:55:06', '2023-07-06 21:01:02', '2023-07-06 21:01:02'),
(126, 7, 1, 12, 1, '2022-09-30', '2023-07-06 20:55:06', '2023-07-06 21:01:02', '2023-07-06 21:01:02'),
(127, 6, 1, 13, 1, '2022-09-30', '2023-07-06 20:55:06', '2023-07-06 21:01:02', '2023-07-06 21:01:02'),
(128, 4, 1, 14, 1, '2022-09-30', '2023-07-06 20:55:06', '2023-07-06 21:01:02', '2023-07-06 21:01:02'),
(129, 3, 1, 15, 1, '2022-09-30', '2023-07-06 20:55:06', '2023-07-06 21:01:02', '2023-07-06 21:01:02'),
(130, 20, 1, 16, 1, '2022-09-30', '2023-07-06 20:55:06', '2023-07-06 21:01:02', '2023-07-06 21:01:02'),
(131, 25, 1, 17, 1, '2022-09-30', '2023-07-06 20:55:06', '2023-07-06 21:01:02', '2023-07-06 21:01:02'),
(132, 15, 1, 18, 1, '2022-09-30', '2023-07-06 20:55:06', '2023-07-06 21:01:02', '2023-07-06 21:01:02'),
(133, 10, 1, 19, 1, '2022-09-30', '2023-07-06 20:55:06', '2023-07-06 21:01:02', '2023-07-06 21:01:02'),
(134, 20, 1, 20, 1, '2022-09-30', '2023-07-06 20:55:06', '2023-07-06 21:01:02', '2023-07-06 21:01:02'),
(135, 30, 1, 21, 1, '2022-09-30', '2023-07-06 20:55:06', '2023-07-06 21:01:02', '2023-07-06 21:01:02'),
(136, 20, 1, 22, 1, '2022-09-30', '2023-07-06 20:55:06', '2023-07-06 21:01:02', '2023-07-06 21:01:02'),
(137, 10, 1, 23, 1, '2022-09-30', '2023-07-06 20:55:06', '2023-07-06 21:01:02', '2023-07-06 21:01:02'),
(138, 10, 1, 24, 1, '2022-09-30', '2023-07-06 20:55:06', '2023-07-06 21:01:02', '2023-07-06 21:01:02'),
(139, 10, 1, 25, 1, '2022-09-30', '2023-07-06 20:55:06', '2023-07-06 21:01:02', '2023-07-06 21:01:02'),
(140, 20, 1, 26, 1, '2022-09-30', '2023-07-06 20:55:06', '2023-07-06 21:01:02', '2023-07-06 21:01:02'),
(141, 10, 1, 27, 1, '2022-09-30', '2023-07-06 20:55:06', '2023-07-06 21:01:02', '2023-07-06 21:01:02'),
(142, 10, 1, 28, 1, '2022-09-30', '2023-07-06 20:55:06', '2023-07-06 21:01:02', '2023-07-06 21:01:02'),
(143, 10, 1, 29, 1, '2022-09-30', '2023-07-06 20:55:06', '2023-07-06 21:01:02', '2023-07-06 21:01:02'),
(144, 10, 1, 30, 1, '2022-09-30', '2023-07-06 20:55:06', '2023-07-06 21:01:02', '2023-07-06 21:01:02'),
(145, 10, 1, 31, 1, '2022-09-30', '2023-07-06 20:55:06', '2023-07-06 21:01:02', '2023-07-06 21:01:02'),
(146, 10, 1, 10, 1, '2022-09-30', '2023-07-06 20:55:28', '2023-07-06 21:01:02', '2023-07-06 21:01:02'),
(147, 10, 1, 11, 1, '2022-09-30', '2023-07-06 20:55:28', '2023-07-06 21:01:02', '2023-07-06 21:01:02'),
(148, 7, 1, 12, 1, '2022-09-30', '2023-07-06 20:55:28', '2023-07-06 21:01:02', '2023-07-06 21:01:02'),
(149, 6, 1, 13, 1, '2022-09-30', '2023-07-06 20:55:28', '2023-07-06 21:01:02', '2023-07-06 21:01:02'),
(150, 4, 1, 14, 1, '2022-09-30', '2023-07-06 20:55:28', '2023-07-06 21:01:02', '2023-07-06 21:01:02'),
(151, 3, 1, 15, 1, '2022-09-30', '2023-07-06 20:55:29', '2023-07-06 21:01:02', '2023-07-06 21:01:02'),
(152, 20, 1, 16, 1, '2022-09-30', '2023-07-06 20:55:29', '2023-07-06 21:01:02', '2023-07-06 21:01:02'),
(153, 25, 1, 17, 1, '2022-09-30', '2023-07-06 20:55:29', '2023-07-06 21:01:02', '2023-07-06 21:01:02'),
(154, 15, 1, 18, 1, '2022-09-30', '2023-07-06 20:55:29', '2023-07-06 21:01:02', '2023-07-06 21:01:02'),
(155, 10, 1, 19, 1, '2022-09-30', '2023-07-06 20:55:29', '2023-07-06 21:01:02', '2023-07-06 21:01:02'),
(156, 20, 1, 20, 1, '2022-09-30', '2023-07-06 20:55:29', '2023-07-06 21:01:02', '2023-07-06 21:01:02'),
(157, 30, 1, 21, 1, '2022-09-30', '2023-07-06 20:55:29', '2023-07-06 21:01:02', '2023-07-06 21:01:02'),
(158, 20, 1, 22, 1, '2022-09-30', '2023-07-06 20:55:29', '2023-07-06 21:01:02', '2023-07-06 21:01:02'),
(159, 10, 1, 23, 1, '2022-09-30', '2023-07-06 20:55:29', '2023-07-06 21:01:02', '2023-07-06 21:01:02'),
(160, 10, 1, 24, 1, '2022-09-30', '2023-07-06 20:55:29', '2023-07-06 21:01:02', '2023-07-06 21:01:02'),
(161, 10, 1, 25, 1, '2022-09-30', '2023-07-06 20:55:29', '2023-07-06 21:01:02', '2023-07-06 21:01:02'),
(162, 20, 1, 26, 1, '2022-09-30', '2023-07-06 20:55:29', '2023-07-06 21:01:02', '2023-07-06 21:01:02'),
(163, 10, 1, 27, 1, '2022-09-30', '2023-07-06 20:55:29', '2023-07-06 21:01:02', '2023-07-06 21:01:02'),
(164, 10, 1, 28, 1, '2022-09-30', '2023-07-06 20:55:29', '2023-07-06 21:01:02', '2023-07-06 21:01:02'),
(165, 10, 1, 29, 1, '2022-09-30', '2023-07-06 20:55:29', '2023-07-06 21:01:02', '2023-07-06 21:01:02'),
(166, 10, 1, 30, 1, '2022-09-30', '2023-07-06 20:55:29', '2023-07-06 21:01:02', '2023-07-06 21:01:02'),
(167, 10, 1, 31, 1, '2022-09-30', '2023-07-06 20:55:29', '2023-07-06 21:01:02', '2023-07-06 21:01:02'),
(168, 10, 1, 10, 1, '2022-09-30', '2023-07-06 20:55:48', '2023-07-06 21:01:02', '2023-07-06 21:01:02'),
(169, 10, 1, 11, 1, '2022-09-30', '2023-07-06 20:55:48', '2023-07-06 21:01:02', '2023-07-06 21:01:02'),
(170, 7, 1, 12, 1, '2022-09-30', '2023-07-06 20:55:48', '2023-07-06 21:01:02', '2023-07-06 21:01:02'),
(171, 6, 1, 13, 1, '2022-09-30', '2023-07-06 20:55:48', '2023-07-06 21:01:02', '2023-07-06 21:01:02'),
(172, 4, 1, 14, 1, '2022-09-30', '2023-07-06 20:55:48', '2023-07-06 21:01:02', '2023-07-06 21:01:02'),
(173, 3, 1, 15, 1, '2022-09-30', '2023-07-06 20:55:48', '2023-07-06 21:01:02', '2023-07-06 21:01:02'),
(174, 20, 1, 16, 1, '2022-09-30', '2023-07-06 20:55:48', '2023-07-06 21:01:02', '2023-07-06 21:01:02'),
(175, 25, 1, 17, 1, '2022-09-30', '2023-07-06 20:55:48', '2023-07-06 21:01:02', '2023-07-06 21:01:02'),
(176, 15, 1, 18, 1, '2022-09-30', '2023-07-06 20:55:48', '2023-07-06 21:01:02', '2023-07-06 21:01:02'),
(177, 10, 1, 19, 1, '2022-09-30', '2023-07-06 20:55:48', '2023-07-06 21:01:02', '2023-07-06 21:01:02'),
(178, 20, 1, 20, 1, '2022-09-30', '2023-07-06 20:55:48', '2023-07-06 21:01:02', '2023-07-06 21:01:02'),
(179, 30, 1, 21, 1, '2022-09-30', '2023-07-06 20:55:48', '2023-07-06 21:01:02', '2023-07-06 21:01:02'),
(180, 20, 1, 22, 1, '2022-09-30', '2023-07-06 20:55:48', '2023-07-06 21:01:02', '2023-07-06 21:01:02'),
(181, 10, 1, 23, 1, '2022-09-30', '2023-07-06 20:55:48', '2023-07-06 21:01:02', '2023-07-06 21:01:02'),
(182, 10, 1, 24, 1, '2022-09-30', '2023-07-06 20:55:48', '2023-07-06 21:01:02', '2023-07-06 21:01:02'),
(183, 10, 1, 25, 1, '2022-09-30', '2023-07-06 20:55:48', '2023-07-06 21:01:02', '2023-07-06 21:01:02'),
(184, 20, 1, 26, 1, '2022-09-30', '2023-07-06 20:55:48', '2023-07-06 21:01:02', '2023-07-06 21:01:02'),
(185, 10, 1, 27, 1, '2022-09-30', '2023-07-06 20:55:48', '2023-07-06 21:01:02', '2023-07-06 21:01:02'),
(186, 10, 1, 28, 1, '2022-09-30', '2023-07-06 20:55:48', '2023-07-06 21:01:02', '2023-07-06 21:01:02'),
(187, 10, 1, 29, 1, '2022-09-30', '2023-07-06 20:55:48', '2023-07-06 21:01:02', '2023-07-06 21:01:02'),
(188, 10, 1, 30, 1, '2022-09-30', '2023-07-06 20:55:48', '2023-07-06 21:01:02', '2023-07-06 21:01:02'),
(189, 10, 1, 31, 1, '2022-09-30', '2023-07-06 20:55:48', '2023-07-06 21:01:02', '2023-07-06 21:01:02'),
(190, 10, 1, 10, 2, '2022-09-30', '2023-07-06 20:56:01', '2023-07-06 21:01:02', '2023-07-06 21:01:02'),
(191, 10, 1, 11, 2, '2022-09-30', '2023-07-06 20:56:01', '2023-07-06 21:01:02', '2023-07-06 21:01:02'),
(192, 7, 1, 12, 2, '2022-09-30', '2023-07-06 20:56:01', '2023-07-06 21:01:02', '2023-07-06 21:01:02'),
(193, 6, 1, 13, 2, '2022-09-30', '2023-07-06 20:56:01', '2023-07-06 21:01:02', '2023-07-06 21:01:02'),
(194, 4, 1, 14, 2, '2022-09-30', '2023-07-06 20:56:01', '2023-07-06 21:01:02', '2023-07-06 21:01:02'),
(195, 3, 1, 15, 2, '2022-09-30', '2023-07-06 20:56:01', '2023-07-06 21:01:02', '2023-07-06 21:01:02'),
(196, 20, 1, 16, 2, '2022-09-30', '2023-07-06 20:56:01', '2023-07-06 21:01:02', '2023-07-06 21:01:02'),
(197, 25, 1, 17, 2, '2022-09-30', '2023-07-06 20:56:01', '2023-07-06 21:01:02', '2023-07-06 21:01:02'),
(198, 15, 1, 18, 2, '2022-09-30', '2023-07-06 20:56:01', '2023-07-06 21:01:02', '2023-07-06 21:01:02'),
(199, 10, 1, 19, 2, '2022-09-30', '2023-07-06 20:56:01', '2023-07-06 21:01:02', '2023-07-06 21:01:02'),
(200, 20, 1, 20, 2, '2022-09-30', '2023-07-06 20:56:01', '2023-07-06 21:01:02', '2023-07-06 21:01:02'),
(201, 30, 1, 21, 2, '2022-09-30', '2023-07-06 20:56:01', '2023-07-06 21:01:02', '2023-07-06 21:01:02'),
(202, 20, 1, 22, 2, '2022-09-30', '2023-07-06 20:56:01', '2023-07-06 21:01:02', '2023-07-06 21:01:02'),
(203, 10, 1, 23, 2, '2022-09-30', '2023-07-06 20:56:01', '2023-07-06 21:01:02', '2023-07-06 21:01:02'),
(204, 10, 1, 24, 2, '2022-09-30', '2023-07-06 20:56:01', '2023-07-06 21:01:02', '2023-07-06 21:01:02'),
(205, 10, 1, 25, 2, '2022-09-30', '2023-07-06 20:56:01', '2023-07-06 21:01:02', '2023-07-06 21:01:02'),
(206, 20, 1, 26, 2, '2022-09-30', '2023-07-06 20:56:01', '2023-07-06 21:01:02', '2023-07-06 21:01:02'),
(207, 10, 1, 27, 2, '2022-09-30', '2023-07-06 20:56:01', '2023-07-06 21:01:02', '2023-07-06 21:01:02'),
(208, 10, 1, 28, 2, '2022-09-30', '2023-07-06 20:56:01', '2023-07-06 21:01:02', '2023-07-06 21:01:02'),
(209, 10, 1, 29, 2, '2022-09-30', '2023-07-06 20:56:01', '2023-07-06 21:01:02', '2023-07-06 21:01:02'),
(210, 10, 1, 30, 2, '2022-09-30', '2023-07-06 20:56:01', '2023-07-06 21:01:02', '2023-07-06 21:01:02'),
(211, 10, 1, 31, 2, '2022-09-30', '2023-07-06 20:56:01', '2023-07-06 21:01:02', '2023-07-06 21:01:02'),
(212, 10, 1, 10, 3, '2022-09-30', '2023-07-06 20:56:04', '2023-07-06 21:01:02', '2023-07-06 21:01:02'),
(213, 10, 1, 11, 3, '2022-09-30', '2023-07-06 20:56:04', '2023-07-06 21:01:02', '2023-07-06 21:01:02'),
(214, 7, 1, 12, 3, '2022-09-30', '2023-07-06 20:56:04', '2023-07-06 21:01:02', '2023-07-06 21:01:02'),
(215, 6, 1, 13, 3, '2022-09-30', '2023-07-06 20:56:04', '2023-07-06 21:01:02', '2023-07-06 21:01:02'),
(216, 4, 1, 14, 3, '2022-09-30', '2023-07-06 20:56:04', '2023-07-06 21:01:02', '2023-07-06 21:01:02'),
(217, 3, 1, 15, 3, '2022-09-30', '2023-07-06 20:56:04', '2023-07-06 21:01:02', '2023-07-06 21:01:02'),
(218, 20, 1, 16, 3, '2022-09-30', '2023-07-06 20:56:04', '2023-07-06 21:01:02', '2023-07-06 21:01:02'),
(219, 25, 1, 17, 3, '2022-09-30', '2023-07-06 20:56:04', '2023-07-06 21:01:02', '2023-07-06 21:01:02'),
(220, 15, 1, 18, 3, '2022-09-30', '2023-07-06 20:56:04', '2023-07-06 21:01:02', '2023-07-06 21:01:02'),
(221, 10, 1, 19, 3, '2022-09-30', '2023-07-06 20:56:04', '2023-07-06 21:01:02', '2023-07-06 21:01:02'),
(222, 20, 1, 20, 3, '2022-09-30', '2023-07-06 20:56:05', '2023-07-06 21:01:02', '2023-07-06 21:01:02'),
(223, 30, 1, 21, 3, '2022-09-30', '2023-07-06 20:56:05', '2023-07-06 21:01:02', '2023-07-06 21:01:02'),
(224, 20, 1, 22, 3, '2022-09-30', '2023-07-06 20:56:05', '2023-07-06 21:01:02', '2023-07-06 21:01:02'),
(225, 10, 1, 23, 3, '2022-09-30', '2023-07-06 20:56:05', '2023-07-06 21:01:02', '2023-07-06 21:01:02'),
(226, 10, 1, 24, 3, '2022-09-30', '2023-07-06 20:56:05', '2023-07-06 21:01:02', '2023-07-06 21:01:02'),
(227, 10, 1, 25, 3, '2022-09-30', '2023-07-06 20:56:05', '2023-07-06 21:01:02', '2023-07-06 21:01:02'),
(228, 20, 1, 26, 3, '2022-09-30', '2023-07-06 20:56:05', '2023-07-06 21:01:02', '2023-07-06 21:01:02'),
(229, 10, 1, 27, 3, '2022-09-30', '2023-07-06 20:56:05', '2023-07-06 21:01:02', '2023-07-06 21:01:02'),
(230, 10, 1, 28, 3, '2022-09-30', '2023-07-06 20:56:05', '2023-07-06 21:01:02', '2023-07-06 21:01:02'),
(231, 10, 1, 29, 3, '2022-09-30', '2023-07-06 20:56:05', '2023-07-06 21:01:02', '2023-07-06 21:01:02'),
(232, 10, 1, 30, 3, '2022-09-30', '2023-07-06 20:56:05', '2023-07-06 21:01:02', '2023-07-06 21:01:02'),
(233, 10, 1, 31, 3, '2022-09-30', '2023-07-06 20:56:05', '2023-07-06 21:01:02', '2023-07-06 21:01:02'),
(234, 10, 1, 10, 4, '2022-09-30', '2023-07-06 20:56:07', '2023-07-06 21:01:02', '2023-07-06 21:01:02'),
(235, 10, 1, 11, 4, '2022-09-30', '2023-07-06 20:56:07', '2023-07-06 21:01:02', '2023-07-06 21:01:02'),
(236, 7, 1, 12, 4, '2022-09-30', '2023-07-06 20:56:07', '2023-07-06 21:01:02', '2023-07-06 21:01:02'),
(237, 6, 1, 13, 4, '2022-09-30', '2023-07-06 20:56:07', '2023-07-06 21:01:02', '2023-07-06 21:01:02'),
(238, 4, 1, 14, 4, '2022-09-30', '2023-07-06 20:56:07', '2023-07-06 21:01:02', '2023-07-06 21:01:02'),
(239, 3, 1, 15, 4, '2022-09-30', '2023-07-06 20:56:07', '2023-07-06 21:01:02', '2023-07-06 21:01:02'),
(240, 20, 1, 16, 4, '2022-09-30', '2023-07-06 20:56:07', '2023-07-06 21:01:02', '2023-07-06 21:01:02'),
(241, 25, 1, 17, 4, '2022-09-30', '2023-07-06 20:56:07', '2023-07-06 21:01:02', '2023-07-06 21:01:02'),
(242, 15, 1, 18, 4, '2022-09-30', '2023-07-06 20:56:07', '2023-07-06 21:01:02', '2023-07-06 21:01:02'),
(243, 10, 1, 19, 4, '2022-09-30', '2023-07-06 20:56:07', '2023-07-06 21:01:02', '2023-07-06 21:01:02'),
(244, 20, 1, 20, 4, '2022-09-30', '2023-07-06 20:56:07', '2023-07-06 21:01:02', '2023-07-06 21:01:02'),
(245, 30, 1, 21, 4, '2022-09-30', '2023-07-06 20:56:07', '2023-07-06 21:01:02', '2023-07-06 21:01:02'),
(246, 20, 1, 22, 4, '2022-09-30', '2023-07-06 20:56:07', '2023-07-06 21:01:02', '2023-07-06 21:01:02'),
(247, 10, 1, 23, 4, '2022-09-30', '2023-07-06 20:56:07', '2023-07-06 21:01:02', '2023-07-06 21:01:02'),
(248, 10, 1, 24, 4, '2022-09-30', '2023-07-06 20:56:07', '2023-07-06 21:01:02', '2023-07-06 21:01:02'),
(249, 10, 1, 25, 4, '2022-09-30', '2023-07-06 20:56:07', '2023-07-06 21:01:02', '2023-07-06 21:01:02'),
(250, 20, 1, 26, 4, '2022-09-30', '2023-07-06 20:56:07', '2023-07-06 21:01:02', '2023-07-06 21:01:02'),
(251, 10, 1, 27, 4, '2022-09-30', '2023-07-06 20:56:07', '2023-07-06 21:01:02', '2023-07-06 21:01:02'),
(252, 10, 1, 28, 4, '2022-09-30', '2023-07-06 20:56:07', '2023-07-06 21:01:02', '2023-07-06 21:01:02'),
(253, 10, 1, 29, 4, '2022-09-30', '2023-07-06 20:56:07', '2023-07-06 21:01:02', '2023-07-06 21:01:02'),
(254, 10, 1, 30, 4, '2022-09-30', '2023-07-06 20:56:07', '2023-07-06 21:01:02', '2023-07-06 21:01:02'),
(255, 10, 1, 31, 4, '2022-09-30', '2023-07-06 20:56:07', '2023-07-06 21:01:02', '2023-07-06 21:01:02'),
(256, 10, 1, 10, 5, '2022-09-30', '2023-07-06 20:56:10', '2023-07-06 21:01:02', '2023-07-06 21:01:02'),
(257, 10, 1, 11, 5, '2022-09-30', '2023-07-06 20:56:10', '2023-07-06 21:01:02', '2023-07-06 21:01:02'),
(258, 7, 1, 12, 5, '2022-09-30', '2023-07-06 20:56:10', '2023-07-06 21:01:02', '2023-07-06 21:01:02'),
(259, 6, 1, 13, 5, '2022-09-30', '2023-07-06 20:56:10', '2023-07-06 21:01:02', '2023-07-06 21:01:02'),
(260, 4, 1, 14, 5, '2022-09-30', '2023-07-06 20:56:10', '2023-07-06 21:01:02', '2023-07-06 21:01:02'),
(261, 3, 1, 15, 5, '2022-09-30', '2023-07-06 20:56:10', '2023-07-06 21:01:02', '2023-07-06 21:01:02'),
(262, 20, 1, 16, 5, '2022-09-30', '2023-07-06 20:56:10', '2023-07-06 21:01:02', '2023-07-06 21:01:02'),
(263, 25, 1, 17, 5, '2022-09-30', '2023-07-06 20:56:10', '2023-07-06 21:01:02', '2023-07-06 21:01:02'),
(264, 15, 1, 18, 5, '2022-09-30', '2023-07-06 20:56:10', '2023-07-06 21:01:02', '2023-07-06 21:01:02'),
(265, 10, 1, 19, 5, '2022-09-30', '2023-07-06 20:56:10', '2023-07-06 21:01:02', '2023-07-06 21:01:02'),
(266, 20, 1, 20, 5, '2022-09-30', '2023-07-06 20:56:10', '2023-07-06 21:01:02', '2023-07-06 21:01:02'),
(267, 30, 1, 21, 5, '2022-09-30', '2023-07-06 20:56:10', '2023-07-06 21:01:02', '2023-07-06 21:01:02'),
(268, 20, 1, 22, 5, '2022-09-30', '2023-07-06 20:56:10', '2023-07-06 21:01:02', '2023-07-06 21:01:02'),
(269, 10, 1, 23, 5, '2022-09-30', '2023-07-06 20:56:10', '2023-07-06 21:01:02', '2023-07-06 21:01:02'),
(270, 10, 1, 24, 5, '2022-09-30', '2023-07-06 20:56:10', '2023-07-06 21:01:02', '2023-07-06 21:01:02'),
(271, 10, 1, 25, 5, '2022-09-30', '2023-07-06 20:56:10', '2023-07-06 21:01:02', '2023-07-06 21:01:02'),
(272, 20, 1, 26, 5, '2022-09-30', '2023-07-06 20:56:10', '2023-07-06 21:01:02', '2023-07-06 21:01:02'),
(273, 10, 1, 27, 5, '2022-09-30', '2023-07-06 20:56:10', '2023-07-06 21:01:02', '2023-07-06 21:01:02'),
(274, 10, 1, 28, 5, '2022-09-30', '2023-07-06 20:56:10', '2023-07-06 21:01:02', '2023-07-06 21:01:02'),
(275, 10, 1, 29, 5, '2022-09-30', '2023-07-06 20:56:10', '2023-07-06 21:01:02', '2023-07-06 21:01:02'),
(276, 10, 1, 30, 5, '2022-09-30', '2023-07-06 20:56:10', '2023-07-06 21:01:02', '2023-07-06 21:01:02'),
(277, 10, 1, 31, 5, '2022-09-30', '2023-07-06 20:56:10', '2023-07-06 21:01:02', '2023-07-06 21:01:02'),
(278, 10, 1, 10, 6, '2022-09-30', '2023-07-06 20:56:13', '2023-07-06 21:01:02', '2023-07-06 21:01:02'),
(279, 10, 1, 11, 6, '2022-09-30', '2023-07-06 20:56:13', '2023-07-06 21:01:02', '2023-07-06 21:01:02'),
(280, 7, 1, 12, 6, '2022-09-30', '2023-07-06 20:56:13', '2023-07-06 21:01:02', '2023-07-06 21:01:02'),
(281, 6, 1, 13, 6, '2022-09-30', '2023-07-06 20:56:13', '2023-07-06 21:01:02', '2023-07-06 21:01:02'),
(282, 4, 1, 14, 6, '2022-09-30', '2023-07-06 20:56:13', '2023-07-06 21:01:02', '2023-07-06 21:01:02'),
(283, 3, 1, 15, 6, '2022-09-30', '2023-07-06 20:56:13', '2023-07-06 21:01:02', '2023-07-06 21:01:02'),
(284, 20, 1, 16, 6, '2022-09-30', '2023-07-06 20:56:13', '2023-07-06 21:01:02', '2023-07-06 21:01:02'),
(285, 25, 1, 17, 6, '2022-09-30', '2023-07-06 20:56:13', '2023-07-06 21:01:02', '2023-07-06 21:01:02'),
(286, 15, 1, 18, 6, '2022-09-30', '2023-07-06 20:56:13', '2023-07-06 21:01:02', '2023-07-06 21:01:02'),
(287, 10, 1, 19, 6, '2022-09-30', '2023-07-06 20:56:13', '2023-07-06 21:01:02', '2023-07-06 21:01:02'),
(288, 20, 1, 20, 6, '2022-09-30', '2023-07-06 20:56:13', '2023-07-06 21:01:02', '2023-07-06 21:01:02'),
(289, 30, 1, 21, 6, '2022-09-30', '2023-07-06 20:56:13', '2023-07-06 21:01:02', '2023-07-06 21:01:02'),
(290, 20, 1, 22, 6, '2022-09-30', '2023-07-06 20:56:13', '2023-07-06 21:01:02', '2023-07-06 21:01:02'),
(291, 10, 1, 23, 6, '2022-09-30', '2023-07-06 20:56:13', '2023-07-06 21:01:02', '2023-07-06 21:01:02'),
(292, 10, 1, 24, 6, '2022-09-30', '2023-07-06 20:56:13', '2023-07-06 21:01:02', '2023-07-06 21:01:02'),
(293, 10, 1, 25, 6, '2022-09-30', '2023-07-06 20:56:13', '2023-07-06 21:01:02', '2023-07-06 21:01:02'),
(294, 20, 1, 26, 6, '2022-09-30', '2023-07-06 20:56:13', '2023-07-06 21:01:02', '2023-07-06 21:01:02'),
(295, 10, 1, 27, 6, '2022-09-30', '2023-07-06 20:56:13', '2023-07-06 21:01:02', '2023-07-06 21:01:02'),
(296, 10, 1, 28, 6, '2022-09-30', '2023-07-06 20:56:13', '2023-07-06 21:01:02', '2023-07-06 21:01:02'),
(297, 10, 1, 29, 6, '2022-09-30', '2023-07-06 20:56:13', '2023-07-06 21:01:02', '2023-07-06 21:01:02'),
(298, 10, 1, 30, 6, '2022-09-30', '2023-07-06 20:56:13', '2023-07-06 21:01:02', '2023-07-06 21:01:02'),
(299, 10, 1, 31, 6, '2022-09-30', '2023-07-06 20:56:13', '2023-07-06 21:01:02', '2023-07-06 21:01:02'),
(300, 10, 1, 10, 1, '2022-09-30', '2023-07-06 20:56:21', '2023-07-06 21:01:02', '2023-07-06 21:01:02'),
(301, 10, 1, 11, 1, '2022-09-30', '2023-07-06 20:56:21', '2023-07-06 21:01:02', '2023-07-06 21:01:02'),
(302, 7, 1, 12, 1, '2022-09-30', '2023-07-06 20:56:21', '2023-07-06 21:01:02', '2023-07-06 21:01:02'),
(303, 6, 1, 13, 1, '2022-09-30', '2023-07-06 20:56:21', '2023-07-06 21:01:02', '2023-07-06 21:01:02'),
(304, 4, 1, 14, 1, '2022-09-30', '2023-07-06 20:56:21', '2023-07-06 21:01:02', '2023-07-06 21:01:02'),
(305, 3, 1, 15, 1, '2022-09-30', '2023-07-06 20:56:21', '2023-07-06 21:01:02', '2023-07-06 21:01:02'),
(306, 20, 1, 16, 1, '2022-09-30', '2023-07-06 20:56:21', '2023-07-06 21:01:02', '2023-07-06 21:01:02'),
(307, 25, 1, 17, 1, '2022-09-30', '2023-07-06 20:56:21', '2023-07-06 21:01:02', '2023-07-06 21:01:02'),
(308, 15, 1, 18, 1, '2022-09-30', '2023-07-06 20:56:21', '2023-07-06 21:01:02', '2023-07-06 21:01:02'),
(309, 10, 1, 19, 1, '2022-09-30', '2023-07-06 20:56:21', '2023-07-06 21:01:02', '2023-07-06 21:01:02'),
(310, 20, 1, 20, 1, '2022-09-30', '2023-07-06 20:56:21', '2023-07-06 21:01:02', '2023-07-06 21:01:02'),
(311, 30, 1, 21, 1, '2022-09-30', '2023-07-06 20:56:21', '2023-07-06 21:01:02', '2023-07-06 21:01:02'),
(312, 20, 1, 22, 1, '2022-09-30', '2023-07-06 20:56:21', '2023-07-06 21:01:02', '2023-07-06 21:01:02'),
(313, 10, 1, 23, 1, '2022-09-30', '2023-07-06 20:56:21', '2023-07-06 21:01:02', '2023-07-06 21:01:02'),
(314, 10, 1, 24, 1, '2022-09-30', '2023-07-06 20:56:21', '2023-07-06 21:01:02', '2023-07-06 21:01:02'),
(315, 10, 1, 25, 1, '2022-09-30', '2023-07-06 20:56:21', '2023-07-06 21:01:02', '2023-07-06 21:01:02'),
(316, 20, 1, 26, 1, '2022-09-30', '2023-07-06 20:56:21', '2023-07-06 21:01:02', '2023-07-06 21:01:02'),
(317, 10, 1, 27, 1, '2022-09-30', '2023-07-06 20:56:21', '2023-07-06 21:01:02', '2023-07-06 21:01:02'),
(318, 10, 1, 28, 1, '2022-09-30', '2023-07-06 20:56:21', '2023-07-06 21:01:02', '2023-07-06 21:01:02'),
(319, 10, 1, 29, 1, '2022-09-30', '2023-07-06 20:56:21', '2023-07-06 21:01:02', '2023-07-06 21:01:02'),
(320, 10, 1, 30, 1, '2022-09-30', '2023-07-06 20:56:21', '2023-07-06 21:01:02', '2023-07-06 21:01:02'),
(321, 10, 1, 31, 1, '2022-09-30', '2023-07-06 20:56:21', '2023-07-06 21:01:02', '2023-07-06 21:01:02'),
(322, 10, 1, 10, 1, '2022-09-30', '2023-07-06 21:02:33', '2023-07-06 21:02:33', NULL),
(323, 10, 1, 11, 1, '2022-09-30', '2023-07-06 21:02:33', '2023-07-06 21:02:33', NULL),
(324, 7, 1, 12, 1, '2022-09-30', '2023-07-06 21:02:33', '2023-07-06 21:02:33', NULL),
(325, 6, 1, 13, 1, '2022-09-30', '2023-07-06 21:02:33', '2023-07-06 21:02:33', NULL),
(326, 4, 1, 14, 1, '2022-09-30', '2023-07-06 21:02:33', '2023-07-06 21:02:33', NULL),
(327, 3, 1, 15, 1, '2022-09-30', '2023-07-06 21:02:33', '2023-07-06 21:02:33', NULL),
(328, 20, 1, 16, 1, '2022-09-30', '2023-07-06 21:02:33', '2023-07-06 21:02:33', NULL),
(329, 25, 1, 17, 1, '2022-09-30', '2023-07-06 21:02:33', '2023-07-06 21:02:33', NULL),
(330, 15, 1, 18, 1, '2022-09-30', '2023-07-06 21:02:33', '2023-07-06 21:02:33', NULL),
(331, 10, 1, 19, 1, '2022-09-30', '2023-07-06 21:02:33', '2023-07-06 21:02:33', NULL),
(332, 20, 1, 20, 1, '2022-09-30', '2023-07-06 21:02:33', '2023-07-06 21:02:33', NULL),
(333, 30, 1, 21, 1, '2022-09-30', '2023-07-06 21:02:33', '2023-07-06 21:02:33', NULL),
(334, 20, 1, 22, 1, '2022-09-30', '2023-07-06 21:02:33', '2023-07-06 21:02:33', NULL),
(335, 10, 1, 23, 1, '2022-09-30', '2023-07-06 21:02:33', '2023-07-06 21:02:33', NULL),
(336, 10, 1, 24, 1, '2022-09-30', '2023-07-06 21:02:33', '2023-07-06 21:02:33', NULL),
(337, 10, 1, 25, 1, '2022-09-30', '2023-07-06 21:02:33', '2023-07-06 21:02:33', NULL),
(338, 20, 1, 26, 1, '2022-09-30', '2023-07-06 21:02:33', '2023-07-06 21:02:33', NULL),
(339, 10, 1, 27, 1, '2022-09-30', '2023-07-06 21:02:33', '2023-07-06 21:02:33', NULL),
(340, 10, 1, 28, 1, '2022-09-30', '2023-07-06 21:02:33', '2023-07-06 21:02:33', NULL),
(341, 10, 1, 29, 1, '2022-09-30', '2023-07-06 21:02:33', '2023-07-06 21:02:33', NULL),
(342, 10, 1, 30, 1, '2022-09-30', '2023-07-06 21:02:33', '2023-07-06 21:02:33', NULL),
(343, 10, 1, 31, 1, '2022-09-30', '2023-07-06 21:02:33', '2023-07-06 21:02:33', NULL),
(344, 10, 1, 10, 2, '2022-09-30', '2023-07-06 21:02:36', '2023-07-06 21:02:36', NULL),
(345, 10, 1, 11, 2, '2022-09-30', '2023-07-06 21:02:36', '2023-07-06 21:02:36', NULL),
(346, 7, 1, 12, 2, '2022-09-30', '2023-07-06 21:02:36', '2023-07-06 21:02:36', NULL),
(347, 6, 1, 13, 2, '2022-09-30', '2023-07-06 21:02:36', '2023-07-06 21:02:36', NULL),
(348, 4, 1, 14, 2, '2022-09-30', '2023-07-06 21:02:36', '2023-07-06 21:02:36', NULL),
(349, 3, 1, 15, 2, '2022-09-30', '2023-07-06 21:02:36', '2023-07-06 21:02:36', NULL),
(350, 20, 1, 16, 2, '2022-09-30', '2023-07-06 21:02:36', '2023-07-06 21:02:36', NULL),
(351, 25, 1, 17, 2, '2022-09-30', '2023-07-06 21:02:36', '2023-07-06 21:02:36', NULL),
(352, 15, 1, 18, 2, '2022-09-30', '2023-07-06 21:02:36', '2023-07-06 21:02:36', NULL),
(353, 10, 1, 19, 2, '2022-09-30', '2023-07-06 21:02:36', '2023-07-06 21:02:36', NULL),
(354, 20, 1, 20, 2, '2022-09-30', '2023-07-06 21:02:36', '2023-07-06 21:02:36', NULL),
(355, 30, 1, 21, 2, '2022-09-30', '2023-07-06 21:02:36', '2023-07-06 21:02:36', NULL),
(356, 20, 1, 22, 2, '2022-09-30', '2023-07-06 21:02:36', '2023-07-06 21:02:36', NULL),
(357, 10, 1, 23, 2, '2022-09-30', '2023-07-06 21:02:36', '2023-07-06 21:02:36', NULL),
(358, 10, 1, 24, 2, '2022-09-30', '2023-07-06 21:02:36', '2023-07-06 21:02:36', NULL),
(359, 10, 1, 25, 2, '2022-09-30', '2023-07-06 21:02:36', '2023-07-06 21:02:36', NULL),
(360, 20, 1, 26, 2, '2022-09-30', '2023-07-06 21:02:36', '2023-07-06 21:02:36', NULL),
(361, 10, 1, 27, 2, '2022-09-30', '2023-07-06 21:02:36', '2023-07-06 21:02:36', NULL),
(362, 10, 1, 28, 2, '2022-09-30', '2023-07-06 21:02:36', '2023-07-06 21:02:36', NULL),
(363, 10, 1, 29, 2, '2022-09-30', '2023-07-06 21:02:36', '2023-07-06 21:02:36', NULL),
(364, 10, 1, 30, 2, '2022-09-30', '2023-07-06 21:02:36', '2023-07-06 21:02:36', NULL),
(365, 10, 1, 31, 2, '2022-09-30', '2023-07-06 21:02:36', '2023-07-06 21:02:36', NULL),
(366, 10, 1, 10, 3, '2022-09-30', '2023-07-06 21:02:39', '2023-07-06 21:02:39', NULL),
(367, 10, 1, 11, 3, '2022-09-30', '2023-07-06 21:02:39', '2023-07-06 21:02:39', NULL),
(368, 7, 1, 12, 3, '2022-09-30', '2023-07-06 21:02:39', '2023-07-06 21:02:39', NULL),
(369, 6, 1, 13, 3, '2022-09-30', '2023-07-06 21:02:39', '2023-07-06 21:02:39', NULL),
(370, 4, 1, 14, 3, '2022-09-30', '2023-07-06 21:02:39', '2023-07-06 21:02:39', NULL),
(371, 3, 1, 15, 3, '2022-09-30', '2023-07-06 21:02:39', '2023-07-06 21:02:39', NULL),
(372, 20, 1, 16, 3, '2022-09-30', '2023-07-06 21:02:39', '2023-07-06 21:02:39', NULL),
(373, 25, 1, 17, 3, '2022-09-30', '2023-07-06 21:02:39', '2023-07-06 21:02:39', NULL),
(374, 15, 1, 18, 3, '2022-09-30', '2023-07-06 21:02:39', '2023-07-06 21:02:39', NULL),
(375, 10, 1, 19, 3, '2022-09-30', '2023-07-06 21:02:40', '2023-07-06 21:02:40', NULL),
(376, 20, 1, 20, 3, '2022-09-30', '2023-07-06 21:02:40', '2023-07-06 21:02:40', NULL),
(377, 30, 1, 21, 3, '2022-09-30', '2023-07-06 21:02:40', '2023-07-06 21:02:40', NULL),
(378, 20, 1, 22, 3, '2022-09-30', '2023-07-06 21:02:40', '2023-07-06 21:02:40', NULL),
(379, 10, 1, 23, 3, '2022-09-30', '2023-07-06 21:02:40', '2023-07-06 21:02:40', NULL),
(380, 10, 1, 24, 3, '2022-09-30', '2023-07-06 21:02:40', '2023-07-06 21:02:40', NULL),
(381, 10, 1, 25, 3, '2022-09-30', '2023-07-06 21:02:40', '2023-07-06 21:02:40', NULL),
(382, 20, 1, 26, 3, '2022-09-30', '2023-07-06 21:02:40', '2023-07-06 21:02:40', NULL),
(383, 10, 1, 27, 3, '2022-09-30', '2023-07-06 21:02:40', '2023-07-06 21:02:40', NULL),
(384, 10, 1, 28, 3, '2022-09-30', '2023-07-06 21:02:40', '2023-07-06 21:02:40', NULL),
(385, 10, 1, 29, 3, '2022-09-30', '2023-07-06 21:02:40', '2023-07-06 21:02:40', NULL),
(386, 10, 1, 30, 3, '2022-09-30', '2023-07-06 21:02:40', '2023-07-06 21:02:40', NULL),
(387, 10, 1, 31, 3, '2022-09-30', '2023-07-06 21:02:40', '2023-07-06 21:02:40', NULL),
(388, 10, 1, 10, 4, '2022-09-30', '2023-07-06 21:02:42', '2023-07-06 21:02:42', NULL),
(389, 10, 1, 11, 4, '2022-09-30', '2023-07-06 21:02:42', '2023-07-06 21:02:42', NULL),
(390, 7, 1, 12, 4, '2022-09-30', '2023-07-06 21:02:42', '2023-07-06 21:02:42', NULL),
(391, 6, 1, 13, 4, '2022-09-30', '2023-07-06 21:02:42', '2023-07-06 21:02:42', NULL),
(392, 4, 1, 14, 4, '2022-09-30', '2023-07-06 21:02:42', '2023-07-06 21:02:42', NULL),
(393, 3, 1, 15, 4, '2022-09-30', '2023-07-06 21:02:42', '2023-07-06 21:02:42', NULL),
(394, 20, 1, 16, 4, '2022-09-30', '2023-07-06 21:02:42', '2023-07-06 21:02:42', NULL),
(395, 25, 1, 17, 4, '2022-09-30', '2023-07-06 21:02:42', '2023-07-06 21:02:42', NULL),
(396, 15, 1, 18, 4, '2022-09-30', '2023-07-06 21:02:42', '2023-07-06 21:02:42', NULL),
(397, 10, 1, 19, 4, '2022-09-30', '2023-07-06 21:02:42', '2023-07-06 21:02:42', NULL),
(398, 20, 1, 20, 4, '2022-09-30', '2023-07-06 21:02:42', '2023-07-06 21:02:42', NULL),
(399, 30, 1, 21, 4, '2022-09-30', '2023-07-06 21:02:42', '2023-07-06 21:02:42', NULL),
(400, 20, 1, 22, 4, '2022-09-30', '2023-07-06 21:02:42', '2023-07-06 21:02:42', NULL),
(401, 10, 1, 23, 4, '2022-09-30', '2023-07-06 21:02:42', '2023-07-06 21:02:42', NULL),
(402, 10, 1, 24, 4, '2022-09-30', '2023-07-06 21:02:43', '2023-07-06 21:02:43', NULL),
(403, 10, 1, 25, 4, '2022-09-30', '2023-07-06 21:02:43', '2023-07-06 21:02:43', NULL),
(404, 20, 1, 26, 4, '2022-09-30', '2023-07-06 21:02:43', '2023-07-06 21:02:43', NULL),
(405, 10, 1, 27, 4, '2022-09-30', '2023-07-06 21:02:43', '2023-07-06 21:02:43', NULL),
(406, 10, 1, 28, 4, '2022-09-30', '2023-07-06 21:02:43', '2023-07-06 21:02:43', NULL),
(407, 10, 1, 29, 4, '2022-09-30', '2023-07-06 21:02:43', '2023-07-06 21:02:43', NULL),
(408, 10, 1, 30, 4, '2022-09-30', '2023-07-06 21:02:43', '2023-07-06 21:02:43', NULL),
(409, 10, 1, 31, 4, '2022-09-30', '2023-07-06 21:02:43', '2023-07-06 21:02:43', NULL),
(410, 10, 1, 10, 5, '2022-09-30', '2023-07-06 21:02:45', '2023-07-06 21:02:45', NULL),
(411, 10, 1, 11, 5, '2022-09-30', '2023-07-06 21:02:45', '2023-07-06 21:02:45', NULL),
(412, 7, 1, 12, 5, '2022-09-30', '2023-07-06 21:02:45', '2023-07-06 21:02:45', NULL),
(413, 6, 1, 13, 5, '2022-09-30', '2023-07-06 21:02:45', '2023-07-06 21:02:45', NULL),
(414, 4, 1, 14, 5, '2022-09-30', '2023-07-06 21:02:45', '2023-07-06 21:02:45', NULL),
(415, 3, 1, 15, 5, '2022-09-30', '2023-07-06 21:02:45', '2023-07-06 21:02:45', NULL),
(416, 20, 1, 16, 5, '2022-09-30', '2023-07-06 21:02:45', '2023-07-06 21:02:45', NULL),
(417, 25, 1, 17, 5, '2022-09-30', '2023-07-06 21:02:45', '2023-07-06 21:02:45', NULL),
(418, 15, 1, 18, 5, '2022-09-30', '2023-07-06 21:02:45', '2023-07-06 21:02:45', NULL),
(419, 10, 1, 19, 5, '2022-09-30', '2023-07-06 21:02:45', '2023-07-06 21:02:45', NULL),
(420, 20, 1, 20, 5, '2022-09-30', '2023-07-06 21:02:45', '2023-07-06 21:02:45', NULL),
(421, 30, 1, 21, 5, '2022-09-30', '2023-07-06 21:02:45', '2023-07-06 21:02:45', NULL),
(422, 20, 1, 22, 5, '2022-09-30', '2023-07-06 21:02:45', '2023-07-06 21:02:45', NULL),
(423, 10, 1, 23, 5, '2022-09-30', '2023-07-06 21:02:45', '2023-07-06 21:02:45', NULL),
(424, 10, 1, 24, 5, '2022-09-30', '2023-07-06 21:02:45', '2023-07-06 21:02:45', NULL),
(425, 10, 1, 25, 5, '2022-09-30', '2023-07-06 21:02:45', '2023-07-06 21:02:45', NULL),
(426, 20, 1, 26, 5, '2022-09-30', '2023-07-06 21:02:45', '2023-07-06 21:02:45', NULL),
(427, 10, 1, 27, 5, '2022-09-30', '2023-07-06 21:02:45', '2023-07-06 21:02:45', NULL),
(428, 10, 1, 28, 5, '2022-09-30', '2023-07-06 21:02:45', '2023-07-06 21:02:45', NULL),
(429, 10, 1, 29, 5, '2022-09-30', '2023-07-06 21:02:45', '2023-07-06 21:02:45', NULL),
(430, 10, 1, 30, 5, '2022-09-30', '2023-07-06 21:02:45', '2023-07-06 21:02:45', NULL),
(431, 10, 1, 31, 5, '2022-09-30', '2023-07-06 21:02:45', '2023-07-06 21:02:45', NULL),
(432, 10, 1, 10, 6, '2022-09-30', '2023-07-06 21:02:48', '2023-07-06 21:02:48', NULL),
(433, 10, 1, 11, 6, '2022-09-30', '2023-07-06 21:02:48', '2023-07-06 21:02:48', NULL),
(434, 7, 1, 12, 6, '2022-09-30', '2023-07-06 21:02:48', '2023-07-06 21:02:48', NULL),
(435, 6, 1, 13, 6, '2022-09-30', '2023-07-06 21:02:48', '2023-07-06 21:02:48', NULL),
(436, 4, 1, 14, 6, '2022-09-30', '2023-07-06 21:02:48', '2023-07-06 21:02:48', NULL),
(437, 3, 1, 15, 6, '2022-09-30', '2023-07-06 21:02:48', '2023-07-06 21:02:48', NULL),
(438, 20, 1, 16, 6, '2022-09-30', '2023-07-06 21:02:48', '2023-07-06 21:02:48', NULL),
(439, 25, 1, 17, 6, '2022-09-30', '2023-07-06 21:02:48', '2023-07-06 21:02:48', NULL),
(440, 15, 1, 18, 6, '2022-09-30', '2023-07-06 21:02:48', '2023-07-06 21:02:48', NULL),
(441, 10, 1, 19, 6, '2022-09-30', '2023-07-06 21:02:48', '2023-07-06 21:02:48', NULL),
(442, 20, 1, 20, 6, '2022-09-30', '2023-07-06 21:02:48', '2023-07-06 21:02:48', NULL),
(443, 30, 1, 21, 6, '2022-09-30', '2023-07-06 21:02:48', '2023-07-06 21:02:48', NULL),
(444, 20, 1, 22, 6, '2022-09-30', '2023-07-06 21:02:48', '2023-07-06 21:02:48', NULL),
(445, 10, 1, 23, 6, '2022-09-30', '2023-07-06 21:02:48', '2023-07-06 21:02:48', NULL),
(446, 10, 1, 24, 6, '2022-09-30', '2023-07-06 21:02:48', '2023-07-06 21:02:48', NULL),
(447, 10, 1, 25, 6, '2022-09-30', '2023-07-06 21:02:48', '2023-07-06 21:02:48', NULL),
(448, 20, 1, 26, 6, '2022-09-30', '2023-07-06 21:02:48', '2023-07-06 21:02:48', NULL),
(449, 10, 1, 27, 6, '2022-09-30', '2023-07-06 21:02:48', '2023-07-06 21:02:48', NULL),
(450, 10, 1, 28, 6, '2022-09-30', '2023-07-06 21:02:48', '2023-07-06 21:02:48', NULL),
(451, 10, 1, 29, 6, '2022-09-30', '2023-07-06 21:02:48', '2023-07-06 21:02:48', NULL),
(452, 10, 1, 30, 6, '2022-09-30', '2023-07-06 21:02:48', '2023-07-06 21:02:48', NULL),
(453, 10, 1, 31, 6, '2022-09-30', '2023-07-06 21:02:48', '2023-07-06 21:02:48', NULL);

-- --------------------------------------------------------

--
-- Structure de la table `examens`
--

CREATE TABLE `examens` (
  `id` bigint(20) UNSIGNED NOT NULL,
  `note_max` int(11) NOT NULL,
  `cours_id` bigint(20) UNSIGNED DEFAULT NULL,
  `trimestre_id` bigint(20) UNSIGNED DEFAULT NULL,
  `date_examen` date NOT NULL,
  `created_at` timestamp NULL DEFAULT NULL,
  `updated_at` timestamp NULL DEFAULT NULL,
  `deleted_at` timestamp NULL DEFAULT NULL
) ENGINE=InnoDB DEFAULT CHARSET=utf8mb4 COLLATE=utf8mb4_unicode_ci;

--
-- Déchargement des données de la table `examens`
--

INSERT INTO `examens` (`id`, `note_max`, `cours_id`, `trimestre_id`, `date_examen`, `created_at`, `updated_at`, `deleted_at`) VALUES
(1, 80, 1, 1, '2022-09-02', '2022-09-02 00:46:52', '2022-09-02 00:46:55', NULL),
(2, 40, 2, 1, '2022-09-02', '2022-09-02 00:47:11', '2022-09-02 00:47:37', NULL),
(3, 40, 3, 1, '2022-09-02', '2022-09-02 00:47:25', '2022-09-02 00:47:26', NULL),
(4, 40, 4, 1, '2022-09-02', '2022-09-02 00:48:01', '2022-09-06 04:40:12', NULL),
(8, 80, 1, 3, '2022-09-05', '2022-09-05 10:37:09', '2022-09-05 11:42:52', NULL),
(9, 40, 2, 3, '2022-09-06', '2022-09-06 04:38:55', '2022-09-06 04:42:53', NULL),
(10, 40, 3, 3, '2022-09-06', '2022-09-06 04:42:22', '2022-09-06 04:42:22', NULL),
(11, 40, 4, 3, '2022-09-06', '2022-09-06 04:42:44', '2022-09-06 04:42:44', NULL),
(12, 80, 1, 2, '2022-05-11', '2022-09-06 04:43:23', '2022-09-06 04:43:23', NULL),
(13, 40, 2, 2, '2022-05-12', '2022-09-06 04:43:41', '2022-09-06 04:43:41', NULL),
(14, 40, 4, 2, '2022-05-13', '2022-09-06 04:43:54', '2022-09-06 04:43:54', NULL),
(15, 40, 3, 2, '2022-05-14', '2022-09-06 04:44:46', '2022-09-06 04:44:46', NULL),
(16, 40, 6, 1, '2022-03-09', '2022-09-07 18:24:12', '2022-09-07 18:25:54', NULL),
(17, 40, 6, 2, '2022-04-08', '2022-09-07 18:24:26', '2022-09-07 18:26:04', NULL),
(18, 40, 6, 3, '2022-08-08', '2022-09-07 18:24:40', '2022-09-07 18:26:13', NULL),
(19, 80, 2, 3, '2023-04-13', '2023-04-13 11:31:52', '2023-04-23 21:06:24', '2023-04-23 21:06:24'),
(20, 20, 9, 1, '2022-12-15', '2023-04-13 13:05:26', '2023-04-13 13:05:26', NULL),
(21, 40, 9, 2, '2023-04-15', '2023-04-13 19:51:58', '2023-04-13 19:51:58', NULL),
(22, 20, 9, 3, '2023-04-13', '2023-04-13 19:52:17', '2023-04-13 19:52:17', NULL),
(23, 20, 10, 1, '2023-04-30', '2023-07-06 21:05:03', '2023-07-06 21:05:03', NULL),
(24, 20, 11, 1, '2023-04-30', '2023-07-06 21:05:03', '2023-07-06 21:05:03', NULL),
(25, 14, 12, 1, '2023-04-30', '2023-07-06 21:05:03', '2023-07-06 21:05:03', NULL),
(26, 12, 13, 1, '2023-04-30', '2023-07-06 21:05:03', '2023-07-06 21:05:03', NULL),
(27, 8, 14, 1, '2023-04-30', '2023-07-06 21:05:03', '2023-07-06 21:05:03', NULL),
(28, 6, 15, 1, '2023-04-30', '2023-07-06 21:05:03', '2023-07-06 21:05:03', NULL),
(29, 40, 16, 1, '2023-04-30', '2023-07-06 21:05:03', '2023-07-06 21:05:03', NULL),
(30, 50, 17, 1, '2023-04-30', '2023-07-06 21:05:03', '2023-07-06 21:05:03', NULL),
(31, 30, 18, 1, '2023-04-30', '2023-07-06 21:05:03', '2023-07-06 21:05:03', NULL),
(32, 20, 19, 1, '2023-04-30', '2023-07-06 21:05:03', '2023-07-06 21:05:03', NULL),
(33, 40, 20, 1, '2023-04-30', '2023-07-06 21:05:03', '2023-07-06 21:05:03', NULL),
(34, 60, 21, 1, '2023-04-30', '2023-07-06 21:05:03', '2023-07-06 21:05:03', NULL),
(35, 40, 22, 1, '2023-04-30', '2023-07-06 21:05:03', '2023-07-06 21:05:03', NULL),
(36, 20, 23, 1, '2023-04-30', '2023-07-06 21:05:03', '2023-07-06 21:05:03', NULL),
(37, 20, 24, 1, '2023-04-30', '2023-07-06 21:05:03', '2023-07-06 21:05:03', NULL),
(38, 20, 25, 1, '2023-04-30', '2023-07-06 21:05:03', '2023-07-06 21:05:03', NULL),
(39, 40, 26, 1, '2023-04-30', '2023-07-06 21:05:03', '2023-07-06 21:05:03', NULL),
(40, 20, 27, 1, '2023-04-30', '2023-07-06 21:05:03', '2023-07-06 21:05:03', NULL),
(41, 20, 28, 1, '2023-04-30', '2023-07-06 21:05:03', '2023-07-06 21:05:03', NULL),
(42, 20, 29, 1, '2023-04-30', '2023-07-06 21:05:03', '2023-07-06 21:05:03', NULL),
(43, 20, 30, 1, '2023-04-30', '2023-07-06 21:05:03', '2023-07-06 21:05:03', NULL),
(44, 20, 31, 1, '2023-04-30', '2023-07-06 21:05:03', '2023-07-06 21:05:03', NULL),
(45, 20, 10, 2, '2023-04-30', '2023-07-06 21:05:16', '2023-07-06 21:05:16', NULL),
(46, 20, 11, 2, '2023-04-30', '2023-07-06 21:05:16', '2023-07-06 21:05:16', NULL),
(47, 14, 12, 2, '2023-04-30', '2023-07-06 21:05:16', '2023-07-06 21:05:16', NULL),
(48, 12, 13, 2, '2023-04-30', '2023-07-06 21:05:16', '2023-07-06 21:05:16', NULL),
(49, 8, 14, 2, '2023-04-30', '2023-07-06 21:05:16', '2023-07-06 21:05:16', NULL),
(50, 6, 15, 2, '2023-04-30', '2023-07-06 21:05:16', '2023-07-06 21:05:16', NULL),
(51, 40, 16, 2, '2023-04-30', '2023-07-06 21:05:16', '2023-07-06 21:05:16', NULL),
(52, 50, 17, 2, '2023-04-30', '2023-07-06 21:05:16', '2023-07-06 21:05:16', NULL),
(53, 30, 18, 2, '2023-04-30', '2023-07-06 21:05:16', '2023-07-06 21:05:16', NULL),
(54, 20, 19, 2, '2023-04-30', '2023-07-06 21:05:16', '2023-07-06 21:05:16', NULL),
(55, 40, 20, 2, '2023-04-30', '2023-07-06 21:05:16', '2023-07-06 21:05:16', NULL),
(56, 60, 21, 2, '2023-04-30', '2023-07-06 21:05:16', '2023-07-06 21:05:16', NULL),
(57, 40, 22, 2, '2023-04-30', '2023-07-06 21:05:16', '2023-07-06 21:05:16', NULL),
(58, 20, 23, 2, '2023-04-30', '2023-07-06 21:05:16', '2023-07-06 21:05:16', NULL),
(59, 20, 24, 2, '2023-04-30', '2023-07-06 21:05:16', '2023-07-06 21:05:16', NULL),
(60, 20, 25, 2, '2023-04-30', '2023-07-06 21:05:16', '2023-07-06 21:05:16', NULL),
(61, 40, 26, 2, '2023-04-30', '2023-07-06 21:05:16', '2023-07-06 21:05:16', NULL),
(62, 20, 27, 2, '2023-04-30', '2023-07-06 21:05:16', '2023-07-06 21:05:16', NULL),
(63, 20, 28, 2, '2023-04-30', '2023-07-06 21:05:16', '2023-07-06 21:05:16', NULL),
(64, 20, 29, 2, '2023-04-30', '2023-07-06 21:05:16', '2023-07-06 21:05:16', NULL),
(65, 20, 30, 2, '2023-04-30', '2023-07-06 21:05:16', '2023-07-06 21:05:16', NULL),
(66, 20, 31, 2, '2023-04-30', '2023-07-06 21:05:16', '2023-07-06 21:05:16', NULL),
(67, 20, 10, 3, '2023-04-30', '2023-07-06 21:05:20', '2023-07-06 21:05:20', NULL),
(68, 20, 11, 3, '2023-04-30', '2023-07-06 21:05:20', '2023-07-06 21:05:20', NULL),
(69, 14, 12, 3, '2023-04-30', '2023-07-06 21:05:20', '2023-07-06 21:05:20', NULL),
(70, 12, 13, 3, '2023-04-30', '2023-07-06 21:05:20', '2023-07-06 21:05:20', NULL),
(71, 8, 14, 3, '2023-04-30', '2023-07-06 21:05:20', '2023-07-06 21:05:20', NULL),
(72, 6, 15, 3, '2023-04-30', '2023-07-06 21:05:20', '2023-07-06 21:05:20', NULL),
(73, 40, 16, 3, '2023-04-30', '2023-07-06 21:05:20', '2023-07-06 21:05:20', NULL),
(74, 50, 17, 3, '2023-04-30', '2023-07-06 21:05:20', '2023-07-06 21:05:20', NULL),
(75, 30, 18, 3, '2023-04-30', '2023-07-06 21:05:20', '2023-07-06 21:05:20', NULL),
(76, 20, 19, 3, '2023-04-30', '2023-07-06 21:05:20', '2023-07-06 21:05:20', NULL),
(77, 40, 20, 3, '2023-04-30', '2023-07-06 21:05:20', '2023-07-06 21:05:20', NULL),
(78, 60, 21, 3, '2023-04-30', '2023-07-06 21:05:20', '2023-07-06 21:05:20', NULL),
(79, 40, 22, 3, '2023-04-30', '2023-07-06 21:05:20', '2023-07-06 21:05:20', NULL),
(80, 20, 23, 3, '2023-04-30', '2023-07-06 21:05:20', '2023-07-06 21:05:20', NULL),
(81, 20, 24, 3, '2023-04-30', '2023-07-06 21:05:20', '2023-07-06 21:05:20', NULL),
(82, 20, 25, 3, '2023-04-30', '2023-07-06 21:05:20', '2023-07-06 21:05:20', NULL),
(83, 40, 26, 3, '2023-04-30', '2023-07-06 21:05:20', '2023-07-06 21:05:20', NULL),
(84, 20, 27, 3, '2023-04-30', '2023-07-06 21:05:20', '2023-07-06 21:05:20', NULL),
(85, 20, 28, 3, '2023-04-30', '2023-07-06 21:05:20', '2023-07-06 21:05:20', NULL),
(86, 20, 29, 3, '2023-04-30', '2023-07-06 21:05:20', '2023-07-06 21:05:20', NULL),
(87, 20, 30, 3, '2023-04-30', '2023-07-06 21:05:20', '2023-07-06 21:05:20', NULL),
(88, 20, 31, 3, '2023-04-30', '2023-07-06 21:05:20', '2023-07-06 21:05:20', NULL);

-- --------------------------------------------------------

--
-- Structure de la table `failed_jobs`
--

CREATE TABLE `failed_jobs` (
  `id` bigint(20) UNSIGNED NOT NULL,
  `uuid` varchar(255) COLLATE utf8mb4_unicode_ci NOT NULL,
  `connection` text COLLATE utf8mb4_unicode_ci NOT NULL,
  `queue` text COLLATE utf8mb4_unicode_ci NOT NULL,
  `payload` longtext COLLATE utf8mb4_unicode_ci NOT NULL,
  `exception` longtext COLLATE utf8mb4_unicode_ci NOT NULL,
  `failed_at` timestamp NOT NULL DEFAULT CURRENT_TIMESTAMP
) ENGINE=InnoDB DEFAULT CHARSET=utf8mb4 COLLATE=utf8mb4_unicode_ci;

-- --------------------------------------------------------

--
-- Structure de la table `fonctions`
--

CREATE TABLE `fonctions` (
  `id` bigint(20) UNSIGNED NOT NULL,
  `nom` varchar(255) COLLATE utf8mb4_unicode_ci NOT NULL,
  `created_at` timestamp NULL DEFAULT NULL,
  `updated_at` timestamp NULL DEFAULT NULL,
  `deleted_at` timestamp NULL DEFAULT NULL
) ENGINE=InnoDB DEFAULT CHARSET=utf8mb4 COLLATE=utf8mb4_unicode_ci;

--
-- Déchargement des données de la table `fonctions`
--

INSERT INTO `fonctions` (`id`, `nom`, `created_at`, `updated_at`, `deleted_at`) VALUES
(1, 'admin', '2022-08-23 18:48:42', '2023-05-30 11:12:17', '2023-05-30 11:12:17'),
(2, 'Enseignant', '2022-08-24 13:04:55', '2022-08-24 13:04:56', NULL),
(3, 'Directeur de Discipline', '2022-08-26 08:19:10', '2023-04-12 21:11:54', '2023-04-12 21:11:54'),
(4, 'Proviseur', '2022-08-26 08:20:36', '2022-09-03 07:38:57', NULL),
(5, 'Prefet', '2022-08-26 08:21:09', '2023-05-30 11:10:34', '2023-05-30 11:10:34'),
(6, 'Zamu', '2022-08-26 22:42:35', '2022-08-26 22:59:34', '2022-08-26 22:59:34'),
(7, 'Ingenieure de son', '2022-08-26 23:00:11', '2022-08-26 23:00:15', '2022-08-26 23:00:15'),
(8, 'Ouvrier', '2022-09-11 10:43:28', '2022-09-11 10:43:28', NULL),
(9, 'Informaticien', '2022-09-13 04:19:48', '2022-09-13 04:19:48', NULL),
(10, 'Secretaire', '2023-04-12 21:12:11', '2023-04-12 21:12:11', NULL),
(11, 'Directeur', '2023-04-13 14:54:32', '2023-04-13 14:54:32', NULL);

-- --------------------------------------------------------

--
-- Structure de la table `frais`
--

CREATE TABLE `frais` (
  `id` bigint(20) UNSIGNED NOT NULL,
  `nom` varchar(255) COLLATE utf8mb4_unicode_ci NOT NULL,
  `montant` int(11) NOT NULL,
  `niveau_id` bigint(20) UNSIGNED DEFAULT NULL,
  `type_frais_id` bigint(20) UNSIGNED DEFAULT NULL,
  `mode_paiement_id` bigint(20) UNSIGNED DEFAULT NULL,
  `created_at` timestamp NULL DEFAULT NULL,
  `updated_at` timestamp NULL DEFAULT NULL,
  `deleted_at` timestamp NULL DEFAULT NULL
) ENGINE=InnoDB DEFAULT CHARSET=utf8mb4 COLLATE=utf8mb4_unicode_ci;

--
-- Déchargement des données de la table `frais`
--

INSERT INTO `frais` (`id`, `nom`, `montant`, `niveau_id`, `type_frais_id`, `mode_paiement_id`, `created_at`, `updated_at`, `deleted_at`) VALUES
(2, 'Prime Scolaire', 240, 1, 1, 2, '2023-04-17 12:37:03', '2023-04-17 12:37:03', NULL),
(3, 'Prime Scolaire', 240, 2, 1, 2, '2023-04-17 12:37:03', '2023-04-17 12:37:03', NULL),
(4, 'Prime Scolaire', 240, 3, 1, 2, '2023-04-17 12:37:03', '2023-04-17 12:37:03', NULL),
(5, 'Prime Scolaire', 240, 4, 1, 2, '2023-04-17 12:37:03', '2023-04-17 12:37:03', NULL),
(6, 'Prime Scolaire', 240, 5, 1, 2, '2023-04-17 12:37:03', '2023-04-17 12:37:03', NULL),
(7, 'Prime Scolaire', 240, 6, 1, 2, '2023-04-17 12:37:03', '2023-04-17 12:37:03', NULL),
(8, 'Prime Scolaire', 240, 7, 1, 2, '2023-04-17 12:37:03', '2023-04-17 12:37:03', NULL),
(9, 'Prime Scolaire', 240, 8, 1, 2, '2023-04-17 12:37:03', '2023-04-17 12:37:03', NULL),
(10, 'Prime Scolaire', 240, 9, 1, 2, '2023-04-17 12:37:03', '2023-04-17 12:37:04', NULL),
(11, 'Frais Divers', 10000, 1, 2, 1, '2023-04-18 20:13:04', '2023-04-18 20:13:04', NULL),
(12, 'Frais Divers', 10000, 2, 2, 1, '2023-04-18 20:13:04', '2023-04-18 20:13:04', NULL),
(13, 'Frais Divers', 10000, 3, 2, 1, '2023-04-18 20:13:04', '2023-04-18 20:13:05', NULL),
(14, 'Frais Divers', 10000, 4, 2, 1, '2023-04-18 20:13:05', '2023-04-18 20:13:05', NULL),
(15, 'Frais Divers', 10000, 5, 2, 1, '2023-04-18 20:13:05', '2023-04-18 20:13:05', NULL),
(16, 'Frais Divers', 10000, 6, 2, 1, '2023-04-18 20:13:05', '2023-04-18 20:13:05', NULL),
(17, 'Frais Divers', 10000, 7, 2, 1, '2023-04-18 20:13:05', '2023-04-18 20:13:05', NULL),
(18, 'Frais Divers', 10000, 8, 2, 1, '2023-04-18 20:13:05', '2023-04-18 20:13:05', NULL),
(19, 'Frais Divers', 10000, 9, 2, 1, '2023-04-18 20:13:05', '2023-04-18 20:13:05', NULL),
(20, 'FRAIS D\'INSCRIPTION', 10, 1, 1, 1, '2023-06-14 06:36:13', '2023-06-14 06:36:13', NULL),
(21, 'FRAIS D\'INSCRIPTION', 10, 2, 1, 1, '2023-06-14 06:36:13', '2023-06-14 06:36:13', NULL),
(22, 'FRAIS D\'INSCRIPTION', 10, 3, 1, 1, '2023-06-14 06:36:13', '2023-06-14 06:36:13', NULL),
(23, 'FRAIS D\'INSCRIPTION', 10, 4, 1, 1, '2023-06-14 06:36:13', '2023-06-14 06:36:13', NULL),
(24, 'FRAIS D\'INSCRIPTION', 10, 5, 1, 1, '2023-06-14 06:36:13', '2023-06-14 06:36:13', NULL),
(25, 'FRAIS D\'INSCRIPTION', 10, 6, 1, 1, '2023-06-14 06:36:13', '2023-06-14 06:36:13', NULL),
(26, 'FRAIS D\'INSCRIPTION', 10, 7, 1, 1, '2023-06-14 06:36:13', '2023-06-14 06:36:13', NULL),
(27, 'FRAIS D\'INSCRIPTION', 10, 8, 1, 1, '2023-06-14 06:36:13', '2023-06-14 06:36:13', NULL),
(28, 'FRAIS D\'INSCRIPTION', 10, 9, 1, 1, '2023-06-14 06:36:13', '2023-06-14 06:36:13', NULL);

-- --------------------------------------------------------

--
-- Structure de la table `frequentations`
--

CREATE TABLE `frequentations` (
  `id` bigint(20) UNSIGNED NOT NULL,
  `eleve_id` bigint(20) UNSIGNED DEFAULT NULL,
  `classe_id` bigint(20) UNSIGNED DEFAULT NULL,
  `annee_scolaire_id` bigint(20) UNSIGNED DEFAULT NULL,
  `created_at` timestamp NULL DEFAULT NULL,
  `updated_at` timestamp NULL DEFAULT NULL,
  `deleted_at` timestamp NULL DEFAULT NULL
) ENGINE=InnoDB DEFAULT CHARSET=utf8mb4 COLLATE=utf8mb4_unicode_ci;

--
-- Déchargement des données de la table `frequentations`
--

INSERT INTO `frequentations` (`id`, `eleve_id`, `classe_id`, `annee_scolaire_id`, `created_at`, `updated_at`, `deleted_at`) VALUES
(1, 1, 1, 1, '2022-08-28 20:01:16', '2022-08-28 20:01:16', NULL),
(2, 2, 1, 1, '2022-08-28 20:01:35', '2022-08-28 20:01:35', NULL),
(3, 3, 1, 1, '2022-08-28 20:01:45', '2022-08-28 20:01:45', NULL),
(4, 4, 1, 1, '2022-08-28 20:01:57', '2022-08-28 20:01:57', NULL),
(5, 5, 1, 1, '2022-08-28 20:02:04', '2022-08-28 20:02:04', NULL),
(6, 6, 1, 1, '2022-08-28 20:02:22', '2022-08-28 20:02:26', NULL),
(7, 7, 1, 1, '2022-08-28 20:02:48', '2022-08-28 20:02:49', NULL),
(8, 8, 1, 1, '2022-08-28 20:02:57', '2022-08-28 20:02:57', NULL),
(9, 9, 1, 1, '2022-08-28 20:03:04', '2022-08-28 20:03:05', NULL),
(10, 10, 1, 1, '2022-08-28 20:03:12', '2022-08-28 20:03:12', NULL),
(13, 22, 1, 1, '2022-08-28 22:33:16', '2022-08-28 22:33:16', NULL),
(14, 17, 1, 1, '2022-08-29 16:50:43', '2022-08-29 16:50:45', NULL),
(15, 23, 1, 1, '2022-08-31 06:51:13', '2022-08-31 06:51:13', NULL),
(18, 21, 1, 1, '2022-09-03 13:17:09', '2022-09-03 13:40:10', NULL),
(19, 20, 8, 1, '2022-09-03 13:41:16', '2022-09-03 13:41:16', NULL),
(20, 24, 2, 1, '2022-09-09 13:02:01', '2022-09-09 13:02:01', NULL),
(21, 25, 1, 1, '2022-09-15 11:15:34', '2022-09-15 11:15:34', NULL),
(22, 27, 5, 3, '2022-11-19 08:22:58', '2022-11-21 03:44:54', NULL),
(23, 27, 1, 1, '2022-11-21 03:44:24', '2022-11-21 03:44:24', NULL),
(24, 28, 8, 1, '2023-02-03 12:04:22', '2023-02-03 12:04:22', NULL),
(25, 29, 9, 1, '2023-02-03 12:07:11', '2023-02-03 12:07:11', NULL),
(26, 30, 10, 1, '2023-04-02 07:50:38', '2023-04-02 07:50:38', NULL),
(27, 31, 1, 1, '2023-04-12 20:40:07', '2023-04-12 20:40:07', NULL),
(28, 32, 5, 1, '2023-04-13 10:29:55', '2023-04-13 10:29:55', NULL),
(29, 33, 5, 1, '2023-04-13 19:47:46', '2023-04-13 19:47:46', NULL),
(30, 34, 1, 1, '2023-04-13 19:55:53', '2023-04-13 19:55:53', NULL),
(31, 15, 8, 1, '2023-04-14 11:14:34', '2023-04-14 11:14:34', NULL),
(32, 21, 5, 3, '2023-04-18 20:57:06', '2023-05-09 15:23:51', '2023-05-09 15:23:51'),
(33, 21, 2, 2, '2023-05-09 14:01:42', '2023-05-09 14:01:42', NULL),
(34, 21, 8, 4, '2023-05-09 15:25:28', '2023-05-09 15:25:28', NULL),
(35, 35, 8, 1, '2023-06-05 11:18:21', '2023-06-05 11:18:21', NULL),
(36, 36, 4, 1, '2023-06-06 09:45:45', '2023-06-06 09:45:45', NULL),
(39, 22, 2, 2, '2023-07-02 20:50:29', '2023-07-02 20:50:29', NULL),
(40, 37, 16, 1, '2023-07-06 20:22:08', '2023-07-06 20:22:08', NULL),
(41, 38, 7, 1, '2023-07-07 21:18:41', '2023-07-07 21:38:52', NULL),
(42, 39, 10, 1, '2023-07-08 06:21:44', '2023-07-08 06:21:44', NULL);

-- --------------------------------------------------------

--
-- Structure de la table `logfiles`
--

CREATE TABLE `logfiles` (
  `id` bigint(20) UNSIGNED NOT NULL,
  `table_name` varchar(255) COLLATE utf8mb4_unicode_ci NOT NULL,
  `item_id` varchar(255) COLLATE utf8mb4_unicode_ci NOT NULL,
  `event` varchar(255) COLLATE utf8mb4_unicode_ci NOT NULL,
  `done_by` bigint(20) NOT NULL,
  `deleted_at` timestamp NULL DEFAULT NULL,
  `created_at` timestamp NULL DEFAULT NULL,
  `updated_at` timestamp NULL DEFAULT NULL
) ENGINE=InnoDB DEFAULT CHARSET=utf8mb4 COLLATE=utf8mb4_unicode_ci;

--
-- Déchargement des données de la table `logfiles`
--

INSERT INTO `logfiles` (`id`, `table_name`, `item_id`, `event`, `done_by`, `deleted_at`, `created_at`, `updated_at`) VALUES
(1, 'cours', '1', 'Creation', 2, NULL, '2023-06-28 20:00:55', '2023-06-28 20:00:55'),
(2, 'eleves', '21', 'Modification', 2, NULL, '2023-06-28 20:00:55', '2023-06-28 20:00:55'),
(3, 'evaluations', '45', 'Suppression', 2, NULL, '2023-06-28 20:00:55', '2023-06-28 20:00:55'),
(4, 'annee_scolaires', '5', 'Creation', 2, NULL, '2023-06-28 20:37:35', '2023-06-28 20:37:35'),
(18, 'eleves', '36', 'Modification', 9, NULL, '2023-06-29 15:49:59', '2023-06-29 15:49:59'),
(19, 'paiement_frais', '11', 'Creation', 9, NULL, '2023-06-29 15:57:55', '2023-06-29 15:57:55'),
(20, 'paiement_frais', '12', 'Creation', 9, NULL, '2023-06-29 16:00:13', '2023-06-29 16:00:13'),
(21, 'paiement_frais', '13', 'Creation', 9, NULL, '2023-06-29 16:09:57', '2023-06-29 16:09:57'),
(22, 'users', '16', 'Modification', 9, NULL, '2023-06-29 16:10:18', '2023-06-29 16:10:18'),
(23, 'users', '16', 'Modification', 9, NULL, '2023-06-29 16:10:20', '2023-06-29 16:10:20'),
(24, 'users', '8', 'Modification', 9, NULL, '2023-06-29 16:10:24', '2023-06-29 16:10:24'),
(25, 'users', '8', 'Modification', 9, NULL, '2023-06-29 16:10:26', '2023-06-29 16:10:26'),
(26, 'messages', '14', 'Creation', 5, NULL, '2023-06-29 17:00:47', '2023-06-29 17:00:47'),
(27, 'users', '16', 'Modification', 9, NULL, '2023-06-30 05:55:46', '2023-06-30 05:55:46'),
(28, 'parrains', '6', 'Suppression', 9, NULL, '2023-06-30 05:55:47', '2023-06-30 05:55:47'),
(29, 'parrains', '6', 'Restoration', 2, NULL, '2023-06-30 10:53:05', '2023-06-30 10:53:05'),
(30, 'evaluations', '45', 'Restoration', 2, NULL, '2023-06-30 10:54:57', '2023-06-30 10:54:57'),
(31, 'users', '17', 'Creation', 5, NULL, '2023-07-02 18:45:59', '2023-07-02 18:45:59'),
(32, 'users', '18', 'Creation', 5, NULL, '2023-07-02 18:48:30', '2023-07-02 18:48:30'),
(33, 'users', '19', 'Creation', 5, NULL, '2023-07-02 18:49:26', '2023-07-02 18:49:26'),
(34, 'employers', '13', 'Creation', 5, NULL, '2023-07-02 19:07:48', '2023-07-02 19:07:48'),
(35, 'frequentations', '37', 'Creation', 9, NULL, '2023-07-02 20:40:01', '2023-07-02 20:40:01'),
(36, 'resultats', '33', 'Creation', 9, NULL, '2023-07-02 20:40:02', '2023-07-02 20:40:02'),
(37, 'frequentations', '38', 'Creation', 9, NULL, '2023-07-02 20:44:59', '2023-07-02 20:44:59'),
(38, 'resultats', '34', 'Creation', 9, NULL, '2023-07-02 20:44:59', '2023-07-02 20:44:59'),
(39, 'frequentations', '39', 'Creation', 9, NULL, '2023-07-02 20:50:29', '2023-07-02 20:50:29'),
(40, 'resultats', '35', 'Creation', 9, NULL, '2023-07-02 20:50:29', '2023-07-02 20:50:29'),
(41, 'evaluations', '79', 'Suppression', 3, NULL, '2023-07-02 20:54:53', '2023-07-02 20:54:53'),
(42, 'evaluations', '79', 'Restoration', 2, NULL, '2023-07-02 20:55:05', '2023-07-02 20:55:05'),
(43, 'categorie_cours', '8', 'Creation', 5, NULL, '2023-07-06 19:59:20', '2023-07-06 19:59:20'),
(44, 'categorie_cours', '8', 'Modification', 5, NULL, '2023-07-06 19:59:41', '2023-07-06 19:59:41'),
(45, 'cours', '10', 'Creation', 5, NULL, '2023-07-06 20:01:22', '2023-07-06 20:01:22'),
(46, 'cours', '11', 'Creation', 5, NULL, '2023-07-06 20:01:54', '2023-07-06 20:01:54'),
(47, 'cours', '12', 'Creation', 5, NULL, '2023-07-06 20:03:15', '2023-07-06 20:03:15'),
(48, 'cours', '13', 'Creation', 5, NULL, '2023-07-06 20:03:50', '2023-07-06 20:03:50'),
(49, 'cours', '14', 'Creation', 5, NULL, '2023-07-06 20:05:23', '2023-07-06 20:05:23'),
(50, 'cours', '15', 'Creation', 5, NULL, '2023-07-06 20:05:42', '2023-07-06 20:05:42'),
(51, 'cours', '16', 'Creation', 5, NULL, '2023-07-06 20:06:39', '2023-07-06 20:06:39'),
(52, 'cours', '17', 'Creation', 5, NULL, '2023-07-06 20:06:57', '2023-07-06 20:06:57'),
(53, 'cours', '18', 'Creation', 5, NULL, '2023-07-06 20:07:14', '2023-07-06 20:07:14'),
(54, 'cours', '19', 'Creation', 5, NULL, '2023-07-06 20:07:28', '2023-07-06 20:07:28'),
(55, 'cours', '20', 'Creation', 5, NULL, '2023-07-06 20:07:58', '2023-07-06 20:07:58'),
(56, 'cours', '21', 'Creation', 5, NULL, '2023-07-06 20:08:41', '2023-07-06 20:08:41'),
(57, 'cours', '22', 'Creation', 5, NULL, '2023-07-06 20:09:03', '2023-07-06 20:09:03'),
(58, 'cours', '23', 'Creation', 5, NULL, '2023-07-06 20:09:36', '2023-07-06 20:09:36'),
(59, 'cours', '24', 'Creation', 5, NULL, '2023-07-06 20:09:59', '2023-07-06 20:09:59'),
(60, 'cours', '25', 'Creation', 5, NULL, '2023-07-06 20:10:23', '2023-07-06 20:10:23'),
(61, 'cours', '26', 'Creation', 5, NULL, '2023-07-06 20:11:12', '2023-07-06 20:11:12'),
(62, 'cours', '27', 'Creation', 5, NULL, '2023-07-06 20:11:51', '2023-07-06 20:11:51'),
(63, 'cours', '28', 'Creation', 5, NULL, '2023-07-06 20:12:22', '2023-07-06 20:12:22'),
(64, 'cours', '29', 'Creation', 5, NULL, '2023-07-06 20:12:46', '2023-07-06 20:12:46'),
(65, 'cours', '30', 'Creation', 5, NULL, '2023-07-06 20:13:20', '2023-07-06 20:13:20'),
(66, 'cours', '31', 'Creation', 5, NULL, '2023-07-06 20:13:39', '2023-07-06 20:13:39'),
(67, 'eleves', '21', 'Modification', 5, NULL, '2023-07-06 20:21:11', '2023-07-06 20:21:11'),
(68, 'eleves', '37', 'Creation', 5, NULL, '2023-07-06 20:22:00', '2023-07-06 20:22:00'),
(69, 'frequentations', '40', 'Creation', 5, NULL, '2023-07-06 20:22:08', '2023-07-06 20:22:08'),
(70, 'resultats', '36', 'Creation', 5, NULL, '2023-07-06 20:22:08', '2023-07-06 20:22:08'),
(71, 'encadrements', '8', 'Creation', 5, NULL, '2023-07-06 20:26:52', '2023-07-06 20:26:52'),
(72, 'evaluations', '80', 'Creation', 15, NULL, '2023-07-06 20:52:34', '2023-07-06 20:52:34'),
(73, 'evaluations', '81', 'Creation', 15, NULL, '2023-07-06 20:52:34', '2023-07-06 20:52:34'),
(74, 'evaluations', '82', 'Creation', 15, NULL, '2023-07-06 20:52:34', '2023-07-06 20:52:34'),
(75, 'evaluations', '83', 'Creation', 15, NULL, '2023-07-06 20:52:34', '2023-07-06 20:52:34'),
(76, 'evaluations', '84', 'Creation', 15, NULL, '2023-07-06 20:52:34', '2023-07-06 20:52:34'),
(77, 'evaluations', '85', 'Creation', 15, NULL, '2023-07-06 20:52:34', '2023-07-06 20:52:34'),
(78, 'evaluations', '86', 'Creation', 15, NULL, '2023-07-06 20:52:34', '2023-07-06 20:52:34'),
(79, 'evaluations', '87', 'Creation', 15, NULL, '2023-07-06 20:52:34', '2023-07-06 20:52:34'),
(80, 'evaluations', '88', 'Creation', 15, NULL, '2023-07-06 20:52:34', '2023-07-06 20:52:34'),
(81, 'evaluations', '89', 'Creation', 15, NULL, '2023-07-06 20:52:34', '2023-07-06 20:52:34'),
(82, 'evaluations', '90', 'Creation', 15, NULL, '2023-07-06 20:52:34', '2023-07-06 20:52:34'),
(83, 'evaluations', '91', 'Creation', 15, NULL, '2023-07-06 20:52:34', '2023-07-06 20:52:34'),
(84, 'evaluations', '92', 'Creation', 15, NULL, '2023-07-06 20:52:34', '2023-07-06 20:52:34'),
(85, 'evaluations', '93', 'Creation', 15, NULL, '2023-07-06 20:52:34', '2023-07-06 20:52:34'),
(86, 'evaluations', '94', 'Creation', 15, NULL, '2023-07-06 20:52:34', '2023-07-06 20:52:34'),
(87, 'evaluations', '95', 'Creation', 15, NULL, '2023-07-06 20:52:34', '2023-07-06 20:52:34'),
(88, 'evaluations', '96', 'Creation', 15, NULL, '2023-07-06 20:52:34', '2023-07-06 20:52:34'),
(89, 'evaluations', '97', 'Creation', 15, NULL, '2023-07-06 20:52:34', '2023-07-06 20:52:34'),
(90, 'evaluations', '98', 'Creation', 15, NULL, '2023-07-06 20:52:34', '2023-07-06 20:52:34'),
(91, 'evaluations', '99', 'Creation', 15, NULL, '2023-07-06 20:52:34', '2023-07-06 20:52:34'),
(92, 'evaluations', '100', 'Creation', 15, NULL, '2023-07-06 20:52:34', '2023-07-06 20:52:34'),
(93, 'evaluations', '101', 'Creation', 15, NULL, '2023-07-06 20:52:34', '2023-07-06 20:52:34'),
(94, 'evaluations', '102', 'Creation', 15, NULL, '2023-07-06 20:54:46', '2023-07-06 20:54:46'),
(95, 'evaluations', '103', 'Creation', 15, NULL, '2023-07-06 20:54:46', '2023-07-06 20:54:46'),
(96, 'evaluations', '104', 'Creation', 15, NULL, '2023-07-06 20:54:46', '2023-07-06 20:54:46'),
(97, 'evaluations', '105', 'Creation', 15, NULL, '2023-07-06 20:54:46', '2023-07-06 20:54:46'),
(98, 'evaluations', '106', 'Creation', 15, NULL, '2023-07-06 20:54:46', '2023-07-06 20:54:46'),
(99, 'evaluations', '107', 'Creation', 15, NULL, '2023-07-06 20:54:46', '2023-07-06 20:54:46'),
(100, 'evaluations', '108', 'Creation', 15, NULL, '2023-07-06 20:54:46', '2023-07-06 20:54:46'),
(101, 'evaluations', '109', 'Creation', 15, NULL, '2023-07-06 20:54:46', '2023-07-06 20:54:46'),
(102, 'evaluations', '110', 'Creation', 15, NULL, '2023-07-06 20:54:46', '2023-07-06 20:54:46'),
(103, 'evaluations', '111', 'Creation', 15, NULL, '2023-07-06 20:54:46', '2023-07-06 20:54:46'),
(104, 'evaluations', '112', 'Creation', 15, NULL, '2023-07-06 20:54:46', '2023-07-06 20:54:46'),
(105, 'evaluations', '113', 'Creation', 15, NULL, '2023-07-06 20:54:46', '2023-07-06 20:54:46'),
(106, 'evaluations', '114', 'Creation', 15, NULL, '2023-07-06 20:54:46', '2023-07-06 20:54:46'),
(107, 'evaluations', '115', 'Creation', 15, NULL, '2023-07-06 20:54:46', '2023-07-06 20:54:46'),
(108, 'evaluations', '116', 'Creation', 15, NULL, '2023-07-06 20:54:46', '2023-07-06 20:54:46'),
(109, 'evaluations', '117', 'Creation', 15, NULL, '2023-07-06 20:54:46', '2023-07-06 20:54:46'),
(110, 'evaluations', '118', 'Creation', 15, NULL, '2023-07-06 20:54:46', '2023-07-06 20:54:46'),
(111, 'evaluations', '119', 'Creation', 15, NULL, '2023-07-06 20:54:46', '2023-07-06 20:54:46'),
(112, 'evaluations', '120', 'Creation', 15, NULL, '2023-07-06 20:54:46', '2023-07-06 20:54:46'),
(113, 'evaluations', '121', 'Creation', 15, NULL, '2023-07-06 20:54:46', '2023-07-06 20:54:46'),
(114, 'evaluations', '122', 'Creation', 15, NULL, '2023-07-06 20:54:46', '2023-07-06 20:54:46'),
(115, 'evaluations', '123', 'Creation', 15, NULL, '2023-07-06 20:54:46', '2023-07-06 20:54:46'),
(116, 'evaluations', '124', 'Creation', 15, NULL, '2023-07-06 20:55:06', '2023-07-06 20:55:06'),
(117, 'evaluations', '125', 'Creation', 15, NULL, '2023-07-06 20:55:06', '2023-07-06 20:55:06'),
(118, 'evaluations', '126', 'Creation', 15, NULL, '2023-07-06 20:55:06', '2023-07-06 20:55:06'),
(119, 'evaluations', '127', 'Creation', 15, NULL, '2023-07-06 20:55:06', '2023-07-06 20:55:06'),
(120, 'evaluations', '128', 'Creation', 15, NULL, '2023-07-06 20:55:06', '2023-07-06 20:55:06'),
(121, 'evaluations', '129', 'Creation', 15, NULL, '2023-07-06 20:55:06', '2023-07-06 20:55:06'),
(122, 'evaluations', '130', 'Creation', 15, NULL, '2023-07-06 20:55:06', '2023-07-06 20:55:06'),
(123, 'evaluations', '131', 'Creation', 15, NULL, '2023-07-06 20:55:06', '2023-07-06 20:55:06'),
(124, 'evaluations', '132', 'Creation', 15, NULL, '2023-07-06 20:55:06', '2023-07-06 20:55:06'),
(125, 'evaluations', '133', 'Creation', 15, NULL, '2023-07-06 20:55:06', '2023-07-06 20:55:06'),
(126, 'evaluations', '134', 'Creation', 15, NULL, '2023-07-06 20:55:06', '2023-07-06 20:55:06'),
(127, 'evaluations', '135', 'Creation', 15, NULL, '2023-07-06 20:55:06', '2023-07-06 20:55:06'),
(128, 'evaluations', '136', 'Creation', 15, NULL, '2023-07-06 20:55:06', '2023-07-06 20:55:06'),
(129, 'evaluations', '137', 'Creation', 15, NULL, '2023-07-06 20:55:06', '2023-07-06 20:55:06'),
(130, 'evaluations', '138', 'Creation', 15, NULL, '2023-07-06 20:55:06', '2023-07-06 20:55:06'),
(131, 'evaluations', '139', 'Creation', 15, NULL, '2023-07-06 20:55:06', '2023-07-06 20:55:06'),
(132, 'evaluations', '140', 'Creation', 15, NULL, '2023-07-06 20:55:06', '2023-07-06 20:55:06'),
(133, 'evaluations', '141', 'Creation', 15, NULL, '2023-07-06 20:55:06', '2023-07-06 20:55:06'),
(134, 'evaluations', '142', 'Creation', 15, NULL, '2023-07-06 20:55:06', '2023-07-06 20:55:06'),
(135, 'evaluations', '143', 'Creation', 15, NULL, '2023-07-06 20:55:06', '2023-07-06 20:55:06'),
(136, 'evaluations', '144', 'Creation', 15, NULL, '2023-07-06 20:55:06', '2023-07-06 20:55:06'),
(137, 'evaluations', '145', 'Creation', 15, NULL, '2023-07-06 20:55:06', '2023-07-06 20:55:06'),
(138, 'evaluations', '146', 'Creation', 15, NULL, '2023-07-06 20:55:28', '2023-07-06 20:55:28'),
(139, 'evaluations', '147', 'Creation', 15, NULL, '2023-07-06 20:55:28', '2023-07-06 20:55:28'),
(140, 'evaluations', '148', 'Creation', 15, NULL, '2023-07-06 20:55:28', '2023-07-06 20:55:28'),
(141, 'evaluations', '149', 'Creation', 15, NULL, '2023-07-06 20:55:28', '2023-07-06 20:55:28'),
(142, 'evaluations', '150', 'Creation', 15, NULL, '2023-07-06 20:55:28', '2023-07-06 20:55:28'),
(143, 'evaluations', '151', 'Creation', 15, NULL, '2023-07-06 20:55:29', '2023-07-06 20:55:29'),
(144, 'evaluations', '152', 'Creation', 15, NULL, '2023-07-06 20:55:29', '2023-07-06 20:55:29'),
(145, 'evaluations', '153', 'Creation', 15, NULL, '2023-07-06 20:55:29', '2023-07-06 20:55:29'),
(146, 'evaluations', '154', 'Creation', 15, NULL, '2023-07-06 20:55:29', '2023-07-06 20:55:29'),
(147, 'evaluations', '155', 'Creation', 15, NULL, '2023-07-06 20:55:29', '2023-07-06 20:55:29'),
(148, 'evaluations', '156', 'Creation', 15, NULL, '2023-07-06 20:55:29', '2023-07-06 20:55:29'),
(149, 'evaluations', '157', 'Creation', 15, NULL, '2023-07-06 20:55:29', '2023-07-06 20:55:29'),
(150, 'evaluations', '158', 'Creation', 15, NULL, '2023-07-06 20:55:29', '2023-07-06 20:55:29'),
(151, 'evaluations', '159', 'Creation', 15, NULL, '2023-07-06 20:55:29', '2023-07-06 20:55:29'),
(152, 'evaluations', '160', 'Creation', 15, NULL, '2023-07-06 20:55:29', '2023-07-06 20:55:29'),
(153, 'evaluations', '161', 'Creation', 15, NULL, '2023-07-06 20:55:29', '2023-07-06 20:55:29'),
(154, 'evaluations', '162', 'Creation', 15, NULL, '2023-07-06 20:55:29', '2023-07-06 20:55:29'),
(155, 'evaluations', '163', 'Creation', 15, NULL, '2023-07-06 20:55:29', '2023-07-06 20:55:29'),
(156, 'evaluations', '164', 'Creation', 15, NULL, '2023-07-06 20:55:29', '2023-07-06 20:55:29'),
(157, 'evaluations', '165', 'Creation', 15, NULL, '2023-07-06 20:55:29', '2023-07-06 20:55:29'),
(158, 'evaluations', '166', 'Creation', 15, NULL, '2023-07-06 20:55:29', '2023-07-06 20:55:29'),
(159, 'evaluations', '167', 'Creation', 15, NULL, '2023-07-06 20:55:29', '2023-07-06 20:55:29'),
(160, 'evaluations', '168', 'Creation', 15, NULL, '2023-07-06 20:55:48', '2023-07-06 20:55:48'),
(161, 'evaluations', '169', 'Creation', 15, NULL, '2023-07-06 20:55:48', '2023-07-06 20:55:48'),
(162, 'evaluations', '170', 'Creation', 15, NULL, '2023-07-06 20:55:48', '2023-07-06 20:55:48'),
(163, 'evaluations', '171', 'Creation', 15, NULL, '2023-07-06 20:55:48', '2023-07-06 20:55:48'),
(164, 'evaluations', '172', 'Creation', 15, NULL, '2023-07-06 20:55:48', '2023-07-06 20:55:48'),
(165, 'evaluations', '173', 'Creation', 15, NULL, '2023-07-06 20:55:48', '2023-07-06 20:55:48'),
(166, 'evaluations', '174', 'Creation', 15, NULL, '2023-07-06 20:55:48', '2023-07-06 20:55:48'),
(167, 'evaluations', '175', 'Creation', 15, NULL, '2023-07-06 20:55:48', '2023-07-06 20:55:48'),
(168, 'evaluations', '176', 'Creation', 15, NULL, '2023-07-06 20:55:48', '2023-07-06 20:55:48'),
(169, 'evaluations', '177', 'Creation', 15, NULL, '2023-07-06 20:55:48', '2023-07-06 20:55:48'),
(170, 'evaluations', '178', 'Creation', 15, NULL, '2023-07-06 20:55:48', '2023-07-06 20:55:48'),
(171, 'evaluations', '179', 'Creation', 15, NULL, '2023-07-06 20:55:48', '2023-07-06 20:55:48'),
(172, 'evaluations', '180', 'Creation', 15, NULL, '2023-07-06 20:55:48', '2023-07-06 20:55:48'),
(173, 'evaluations', '181', 'Creation', 15, NULL, '2023-07-06 20:55:48', '2023-07-06 20:55:48'),
(174, 'evaluations', '182', 'Creation', 15, NULL, '2023-07-06 20:55:48', '2023-07-06 20:55:48'),
(175, 'evaluations', '183', 'Creation', 15, NULL, '2023-07-06 20:55:48', '2023-07-06 20:55:48'),
(176, 'evaluations', '184', 'Creation', 15, NULL, '2023-07-06 20:55:48', '2023-07-06 20:55:48'),
(177, 'evaluations', '185', 'Creation', 15, NULL, '2023-07-06 20:55:48', '2023-07-06 20:55:48'),
(178, 'evaluations', '186', 'Creation', 15, NULL, '2023-07-06 20:55:48', '2023-07-06 20:55:48'),
(179, 'evaluations', '187', 'Creation', 15, NULL, '2023-07-06 20:55:48', '2023-07-06 20:55:48'),
(180, 'evaluations', '188', 'Creation', 15, NULL, '2023-07-06 20:55:48', '2023-07-06 20:55:48'),
(181, 'evaluations', '189', 'Creation', 15, NULL, '2023-07-06 20:55:48', '2023-07-06 20:55:48'),
(182, 'evaluations', '190', 'Creation', 15, NULL, '2023-07-06 20:56:01', '2023-07-06 20:56:01'),
(183, 'evaluations', '191', 'Creation', 15, NULL, '2023-07-06 20:56:01', '2023-07-06 20:56:01'),
(184, 'evaluations', '192', 'Creation', 15, NULL, '2023-07-06 20:56:01', '2023-07-06 20:56:01'),
(185, 'evaluations', '193', 'Creation', 15, NULL, '2023-07-06 20:56:01', '2023-07-06 20:56:01'),
(186, 'evaluations', '194', 'Creation', 15, NULL, '2023-07-06 20:56:01', '2023-07-06 20:56:01'),
(187, 'evaluations', '195', 'Creation', 15, NULL, '2023-07-06 20:56:01', '2023-07-06 20:56:01'),
(188, 'evaluations', '196', 'Creation', 15, NULL, '2023-07-06 20:56:01', '2023-07-06 20:56:01'),
(189, 'evaluations', '197', 'Creation', 15, NULL, '2023-07-06 20:56:01', '2023-07-06 20:56:01'),
(190, 'evaluations', '198', 'Creation', 15, NULL, '2023-07-06 20:56:01', '2023-07-06 20:56:01'),
(191, 'evaluations', '199', 'Creation', 15, NULL, '2023-07-06 20:56:01', '2023-07-06 20:56:01'),
(192, 'evaluations', '200', 'Creation', 15, NULL, '2023-07-06 20:56:01', '2023-07-06 20:56:01'),
(193, 'evaluations', '201', 'Creation', 15, NULL, '2023-07-06 20:56:01', '2023-07-06 20:56:01'),
(194, 'evaluations', '202', 'Creation', 15, NULL, '2023-07-06 20:56:01', '2023-07-06 20:56:01'),
(195, 'evaluations', '203', 'Creation', 15, NULL, '2023-07-06 20:56:01', '2023-07-06 20:56:01'),
(196, 'evaluations', '204', 'Creation', 15, NULL, '2023-07-06 20:56:01', '2023-07-06 20:56:01'),
(197, 'evaluations', '205', 'Creation', 15, NULL, '2023-07-06 20:56:01', '2023-07-06 20:56:01'),
(198, 'evaluations', '206', 'Creation', 15, NULL, '2023-07-06 20:56:01', '2023-07-06 20:56:01'),
(199, 'evaluations', '207', 'Creation', 15, NULL, '2023-07-06 20:56:01', '2023-07-06 20:56:01'),
(200, 'evaluations', '208', 'Creation', 15, NULL, '2023-07-06 20:56:01', '2023-07-06 20:56:01'),
(201, 'evaluations', '209', 'Creation', 15, NULL, '2023-07-06 20:56:01', '2023-07-06 20:56:01'),
(202, 'evaluations', '210', 'Creation', 15, NULL, '2023-07-06 20:56:01', '2023-07-06 20:56:01'),
(203, 'evaluations', '211', 'Creation', 15, NULL, '2023-07-06 20:56:01', '2023-07-06 20:56:01'),
(204, 'evaluations', '212', 'Creation', 15, NULL, '2023-07-06 20:56:04', '2023-07-06 20:56:04'),
(205, 'evaluations', '213', 'Creation', 15, NULL, '2023-07-06 20:56:04', '2023-07-06 20:56:04'),
(206, 'evaluations', '214', 'Creation', 15, NULL, '2023-07-06 20:56:04', '2023-07-06 20:56:04'),
(207, 'evaluations', '215', 'Creation', 15, NULL, '2023-07-06 20:56:04', '2023-07-06 20:56:04'),
(208, 'evaluations', '216', 'Creation', 15, NULL, '2023-07-06 20:56:04', '2023-07-06 20:56:04'),
(209, 'evaluations', '217', 'Creation', 15, NULL, '2023-07-06 20:56:04', '2023-07-06 20:56:04'),
(210, 'evaluations', '218', 'Creation', 15, NULL, '2023-07-06 20:56:04', '2023-07-06 20:56:04'),
(211, 'evaluations', '219', 'Creation', 15, NULL, '2023-07-06 20:56:04', '2023-07-06 20:56:04'),
(212, 'evaluations', '220', 'Creation', 15, NULL, '2023-07-06 20:56:04', '2023-07-06 20:56:04'),
(213, 'evaluations', '221', 'Creation', 15, NULL, '2023-07-06 20:56:04', '2023-07-06 20:56:04'),
(214, 'evaluations', '222', 'Creation', 15, NULL, '2023-07-06 20:56:05', '2023-07-06 20:56:05'),
(215, 'evaluations', '223', 'Creation', 15, NULL, '2023-07-06 20:56:05', '2023-07-06 20:56:05'),
(216, 'evaluations', '224', 'Creation', 15, NULL, '2023-07-06 20:56:05', '2023-07-06 20:56:05'),
(217, 'evaluations', '225', 'Creation', 15, NULL, '2023-07-06 20:56:05', '2023-07-06 20:56:05'),
(218, 'evaluations', '226', 'Creation', 15, NULL, '2023-07-06 20:56:05', '2023-07-06 20:56:05'),
(219, 'evaluations', '227', 'Creation', 15, NULL, '2023-07-06 20:56:05', '2023-07-06 20:56:05'),
(220, 'evaluations', '228', 'Creation', 15, NULL, '2023-07-06 20:56:05', '2023-07-06 20:56:05'),
(221, 'evaluations', '229', 'Creation', 15, NULL, '2023-07-06 20:56:05', '2023-07-06 20:56:05'),
(222, 'evaluations', '230', 'Creation', 15, NULL, '2023-07-06 20:56:05', '2023-07-06 20:56:05'),
(223, 'evaluations', '231', 'Creation', 15, NULL, '2023-07-06 20:56:05', '2023-07-06 20:56:05'),
(224, 'evaluations', '232', 'Creation', 15, NULL, '2023-07-06 20:56:05', '2023-07-06 20:56:05'),
(225, 'evaluations', '233', 'Creation', 15, NULL, '2023-07-06 20:56:05', '2023-07-06 20:56:05'),
(226, 'evaluations', '234', 'Creation', 15, NULL, '2023-07-06 20:56:07', '2023-07-06 20:56:07'),
(227, 'evaluations', '235', 'Creation', 15, NULL, '2023-07-06 20:56:07', '2023-07-06 20:56:07'),
(228, 'evaluations', '236', 'Creation', 15, NULL, '2023-07-06 20:56:07', '2023-07-06 20:56:07'),
(229, 'evaluations', '237', 'Creation', 15, NULL, '2023-07-06 20:56:07', '2023-07-06 20:56:07'),
(230, 'evaluations', '238', 'Creation', 15, NULL, '2023-07-06 20:56:07', '2023-07-06 20:56:07'),
(231, 'evaluations', '239', 'Creation', 15, NULL, '2023-07-06 20:56:07', '2023-07-06 20:56:07'),
(232, 'evaluations', '240', 'Creation', 15, NULL, '2023-07-06 20:56:07', '2023-07-06 20:56:07'),
(233, 'evaluations', '241', 'Creation', 15, NULL, '2023-07-06 20:56:07', '2023-07-06 20:56:07'),
(234, 'evaluations', '242', 'Creation', 15, NULL, '2023-07-06 20:56:07', '2023-07-06 20:56:07'),
(235, 'evaluations', '243', 'Creation', 15, NULL, '2023-07-06 20:56:07', '2023-07-06 20:56:07'),
(236, 'evaluations', '244', 'Creation', 15, NULL, '2023-07-06 20:56:07', '2023-07-06 20:56:07'),
(237, 'evaluations', '245', 'Creation', 15, NULL, '2023-07-06 20:56:07', '2023-07-06 20:56:07'),
(238, 'evaluations', '246', 'Creation', 15, NULL, '2023-07-06 20:56:07', '2023-07-06 20:56:07'),
(239, 'evaluations', '247', 'Creation', 15, NULL, '2023-07-06 20:56:07', '2023-07-06 20:56:07'),
(240, 'evaluations', '248', 'Creation', 15, NULL, '2023-07-06 20:56:07', '2023-07-06 20:56:07'),
(241, 'evaluations', '249', 'Creation', 15, NULL, '2023-07-06 20:56:07', '2023-07-06 20:56:07'),
(242, 'evaluations', '250', 'Creation', 15, NULL, '2023-07-06 20:56:07', '2023-07-06 20:56:07'),
(243, 'evaluations', '251', 'Creation', 15, NULL, '2023-07-06 20:56:07', '2023-07-06 20:56:07'),
(244, 'evaluations', '252', 'Creation', 15, NULL, '2023-07-06 20:56:07', '2023-07-06 20:56:07'),
(245, 'evaluations', '253', 'Creation', 15, NULL, '2023-07-06 20:56:07', '2023-07-06 20:56:07'),
(246, 'evaluations', '254', 'Creation', 15, NULL, '2023-07-06 20:56:07', '2023-07-06 20:56:07'),
(247, 'evaluations', '255', 'Creation', 15, NULL, '2023-07-06 20:56:07', '2023-07-06 20:56:07'),
(248, 'evaluations', '256', 'Creation', 15, NULL, '2023-07-06 20:56:10', '2023-07-06 20:56:10'),
(249, 'evaluations', '257', 'Creation', 15, NULL, '2023-07-06 20:56:10', '2023-07-06 20:56:10'),
(250, 'evaluations', '258', 'Creation', 15, NULL, '2023-07-06 20:56:10', '2023-07-06 20:56:10'),
(251, 'evaluations', '259', 'Creation', 15, NULL, '2023-07-06 20:56:10', '2023-07-06 20:56:10'),
(252, 'evaluations', '260', 'Creation', 15, NULL, '2023-07-06 20:56:10', '2023-07-06 20:56:10'),
(253, 'evaluations', '261', 'Creation', 15, NULL, '2023-07-06 20:56:10', '2023-07-06 20:56:10'),
(254, 'evaluations', '262', 'Creation', 15, NULL, '2023-07-06 20:56:10', '2023-07-06 20:56:10'),
(255, 'evaluations', '263', 'Creation', 15, NULL, '2023-07-06 20:56:10', '2023-07-06 20:56:10'),
(256, 'evaluations', '264', 'Creation', 15, NULL, '2023-07-06 20:56:10', '2023-07-06 20:56:10'),
(257, 'evaluations', '265', 'Creation', 15, NULL, '2023-07-06 20:56:10', '2023-07-06 20:56:10'),
(258, 'evaluations', '266', 'Creation', 15, NULL, '2023-07-06 20:56:10', '2023-07-06 20:56:10'),
(259, 'evaluations', '267', 'Creation', 15, NULL, '2023-07-06 20:56:10', '2023-07-06 20:56:10'),
(260, 'evaluations', '268', 'Creation', 15, NULL, '2023-07-06 20:56:10', '2023-07-06 20:56:10'),
(261, 'evaluations', '269', 'Creation', 15, NULL, '2023-07-06 20:56:10', '2023-07-06 20:56:10'),
(262, 'evaluations', '270', 'Creation', 15, NULL, '2023-07-06 20:56:10', '2023-07-06 20:56:10'),
(263, 'evaluations', '271', 'Creation', 15, NULL, '2023-07-06 20:56:10', '2023-07-06 20:56:10'),
(264, 'evaluations', '272', 'Creation', 15, NULL, '2023-07-06 20:56:10', '2023-07-06 20:56:10'),
(265, 'evaluations', '273', 'Creation', 15, NULL, '2023-07-06 20:56:10', '2023-07-06 20:56:10'),
(266, 'evaluations', '274', 'Creation', 15, NULL, '2023-07-06 20:56:10', '2023-07-06 20:56:10'),
(267, 'evaluations', '275', 'Creation', 15, NULL, '2023-07-06 20:56:10', '2023-07-06 20:56:10'),
(268, 'evaluations', '276', 'Creation', 15, NULL, '2023-07-06 20:56:10', '2023-07-06 20:56:10'),
(269, 'evaluations', '277', 'Creation', 15, NULL, '2023-07-06 20:56:10', '2023-07-06 20:56:10'),
(270, 'evaluations', '278', 'Creation', 15, NULL, '2023-07-06 20:56:13', '2023-07-06 20:56:13'),
(271, 'evaluations', '279', 'Creation', 15, NULL, '2023-07-06 20:56:13', '2023-07-06 20:56:13'),
(272, 'evaluations', '280', 'Creation', 15, NULL, '2023-07-06 20:56:13', '2023-07-06 20:56:13'),
(273, 'evaluations', '281', 'Creation', 15, NULL, '2023-07-06 20:56:13', '2023-07-06 20:56:13'),
(274, 'evaluations', '282', 'Creation', 15, NULL, '2023-07-06 20:56:13', '2023-07-06 20:56:13'),
(275, 'evaluations', '283', 'Creation', 15, NULL, '2023-07-06 20:56:13', '2023-07-06 20:56:13'),
(276, 'evaluations', '284', 'Creation', 15, NULL, '2023-07-06 20:56:13', '2023-07-06 20:56:13'),
(277, 'evaluations', '285', 'Creation', 15, NULL, '2023-07-06 20:56:13', '2023-07-06 20:56:13'),
(278, 'evaluations', '286', 'Creation', 15, NULL, '2023-07-06 20:56:13', '2023-07-06 20:56:13'),
(279, 'evaluations', '287', 'Creation', 15, NULL, '2023-07-06 20:56:13', '2023-07-06 20:56:13'),
(280, 'evaluations', '288', 'Creation', 15, NULL, '2023-07-06 20:56:13', '2023-07-06 20:56:13'),
(281, 'evaluations', '289', 'Creation', 15, NULL, '2023-07-06 20:56:13', '2023-07-06 20:56:13'),
(282, 'evaluations', '290', 'Creation', 15, NULL, '2023-07-06 20:56:13', '2023-07-06 20:56:13'),
(283, 'evaluations', '291', 'Creation', 15, NULL, '2023-07-06 20:56:13', '2023-07-06 20:56:13'),
(284, 'evaluations', '292', 'Creation', 15, NULL, '2023-07-06 20:56:13', '2023-07-06 20:56:13'),
(285, 'evaluations', '293', 'Creation', 15, NULL, '2023-07-06 20:56:13', '2023-07-06 20:56:13'),
(286, 'evaluations', '294', 'Creation', 15, NULL, '2023-07-06 20:56:13', '2023-07-06 20:56:13'),
(287, 'evaluations', '295', 'Creation', 15, NULL, '2023-07-06 20:56:13', '2023-07-06 20:56:13'),
(288, 'evaluations', '296', 'Creation', 15, NULL, '2023-07-06 20:56:13', '2023-07-06 20:56:13'),
(289, 'evaluations', '297', 'Creation', 15, NULL, '2023-07-06 20:56:13', '2023-07-06 20:56:13'),
(290, 'evaluations', '298', 'Creation', 15, NULL, '2023-07-06 20:56:13', '2023-07-06 20:56:13'),
(291, 'evaluations', '299', 'Creation', 15, NULL, '2023-07-06 20:56:13', '2023-07-06 20:56:13'),
(292, 'evaluations', '300', 'Creation', 15, NULL, '2023-07-06 20:56:21', '2023-07-06 20:56:21'),
(293, 'evaluations', '301', 'Creation', 15, NULL, '2023-07-06 20:56:21', '2023-07-06 20:56:21'),
(294, 'evaluations', '302', 'Creation', 15, NULL, '2023-07-06 20:56:21', '2023-07-06 20:56:21'),
(295, 'evaluations', '303', 'Creation', 15, NULL, '2023-07-06 20:56:21', '2023-07-06 20:56:21'),
(296, 'evaluations', '304', 'Creation', 15, NULL, '2023-07-06 20:56:21', '2023-07-06 20:56:21'),
(297, 'evaluations', '305', 'Creation', 15, NULL, '2023-07-06 20:56:21', '2023-07-06 20:56:21'),
(298, 'evaluations', '306', 'Creation', 15, NULL, '2023-07-06 20:56:21', '2023-07-06 20:56:21'),
(299, 'evaluations', '307', 'Creation', 15, NULL, '2023-07-06 20:56:21', '2023-07-06 20:56:21'),
(300, 'evaluations', '308', 'Creation', 15, NULL, '2023-07-06 20:56:21', '2023-07-06 20:56:21'),
(301, 'evaluations', '309', 'Creation', 15, NULL, '2023-07-06 20:56:21', '2023-07-06 20:56:21'),
(302, 'evaluations', '310', 'Creation', 15, NULL, '2023-07-06 20:56:21', '2023-07-06 20:56:21'),
(303, 'evaluations', '311', 'Creation', 15, NULL, '2023-07-06 20:56:21', '2023-07-06 20:56:21'),
(304, 'evaluations', '312', 'Creation', 15, NULL, '2023-07-06 20:56:21', '2023-07-06 20:56:21'),
(305, 'evaluations', '313', 'Creation', 15, NULL, '2023-07-06 20:56:21', '2023-07-06 20:56:21'),
(306, 'evaluations', '314', 'Creation', 15, NULL, '2023-07-06 20:56:21', '2023-07-06 20:56:21'),
(307, 'evaluations', '315', 'Creation', 15, NULL, '2023-07-06 20:56:21', '2023-07-06 20:56:21'),
(308, 'evaluations', '316', 'Creation', 15, NULL, '2023-07-06 20:56:21', '2023-07-06 20:56:21'),
(309, 'evaluations', '317', 'Creation', 15, NULL, '2023-07-06 20:56:21', '2023-07-06 20:56:21'),
(310, 'evaluations', '318', 'Creation', 15, NULL, '2023-07-06 20:56:21', '2023-07-06 20:56:21'),
(311, 'evaluations', '319', 'Creation', 15, NULL, '2023-07-06 20:56:21', '2023-07-06 20:56:21'),
(312, 'evaluations', '320', 'Creation', 15, NULL, '2023-07-06 20:56:21', '2023-07-06 20:56:21'),
(313, 'evaluations', '321', 'Creation', 15, NULL, '2023-07-06 20:56:21', '2023-07-06 20:56:21'),
(314, 'evaluations', '322', 'Creation', 15, NULL, '2023-07-06 21:02:33', '2023-07-06 21:02:33'),
(315, 'evaluations', '323', 'Creation', 15, NULL, '2023-07-06 21:02:33', '2023-07-06 21:02:33'),
(316, 'evaluations', '324', 'Creation', 15, NULL, '2023-07-06 21:02:33', '2023-07-06 21:02:33'),
(317, 'evaluations', '325', 'Creation', 15, NULL, '2023-07-06 21:02:33', '2023-07-06 21:02:33'),
(318, 'evaluations', '326', 'Creation', 15, NULL, '2023-07-06 21:02:33', '2023-07-06 21:02:33'),
(319, 'evaluations', '327', 'Creation', 15, NULL, '2023-07-06 21:02:33', '2023-07-06 21:02:33'),
(320, 'evaluations', '328', 'Creation', 15, NULL, '2023-07-06 21:02:33', '2023-07-06 21:02:33'),
(321, 'evaluations', '329', 'Creation', 15, NULL, '2023-07-06 21:02:33', '2023-07-06 21:02:33'),
(322, 'evaluations', '330', 'Creation', 15, NULL, '2023-07-06 21:02:33', '2023-07-06 21:02:33'),
(323, 'evaluations', '331', 'Creation', 15, NULL, '2023-07-06 21:02:33', '2023-07-06 21:02:33'),
(324, 'evaluations', '332', 'Creation', 15, NULL, '2023-07-06 21:02:33', '2023-07-06 21:02:33'),
(325, 'evaluations', '333', 'Creation', 15, NULL, '2023-07-06 21:02:33', '2023-07-06 21:02:33'),
(326, 'evaluations', '334', 'Creation', 15, NULL, '2023-07-06 21:02:33', '2023-07-06 21:02:33'),
(327, 'evaluations', '335', 'Creation', 15, NULL, '2023-07-06 21:02:33', '2023-07-06 21:02:33'),
(328, 'evaluations', '336', 'Creation', 15, NULL, '2023-07-06 21:02:33', '2023-07-06 21:02:33'),
(329, 'evaluations', '337', 'Creation', 15, NULL, '2023-07-06 21:02:33', '2023-07-06 21:02:33'),
(330, 'evaluations', '338', 'Creation', 15, NULL, '2023-07-06 21:02:33', '2023-07-06 21:02:33'),
(331, 'evaluations', '339', 'Creation', 15, NULL, '2023-07-06 21:02:33', '2023-07-06 21:02:33'),
(332, 'evaluations', '340', 'Creation', 15, NULL, '2023-07-06 21:02:33', '2023-07-06 21:02:33'),
(333, 'evaluations', '341', 'Creation', 15, NULL, '2023-07-06 21:02:33', '2023-07-06 21:02:33'),
(334, 'evaluations', '342', 'Creation', 15, NULL, '2023-07-06 21:02:33', '2023-07-06 21:02:33'),
(335, 'evaluations', '343', 'Creation', 15, NULL, '2023-07-06 21:02:33', '2023-07-06 21:02:33'),
(336, 'evaluations', '344', 'Creation', 15, NULL, '2023-07-06 21:02:36', '2023-07-06 21:02:36'),
(337, 'evaluations', '345', 'Creation', 15, NULL, '2023-07-06 21:02:36', '2023-07-06 21:02:36'),
(338, 'evaluations', '346', 'Creation', 15, NULL, '2023-07-06 21:02:36', '2023-07-06 21:02:36'),
(339, 'evaluations', '347', 'Creation', 15, NULL, '2023-07-06 21:02:36', '2023-07-06 21:02:36'),
(340, 'evaluations', '348', 'Creation', 15, NULL, '2023-07-06 21:02:36', '2023-07-06 21:02:36'),
(341, 'evaluations', '349', 'Creation', 15, NULL, '2023-07-06 21:02:36', '2023-07-06 21:02:36'),
(342, 'evaluations', '350', 'Creation', 15, NULL, '2023-07-06 21:02:36', '2023-07-06 21:02:36'),
(343, 'evaluations', '351', 'Creation', 15, NULL, '2023-07-06 21:02:36', '2023-07-06 21:02:36'),
(344, 'evaluations', '352', 'Creation', 15, NULL, '2023-07-06 21:02:36', '2023-07-06 21:02:36'),
(345, 'evaluations', '353', 'Creation', 15, NULL, '2023-07-06 21:02:36', '2023-07-06 21:02:36'),
(346, 'evaluations', '354', 'Creation', 15, NULL, '2023-07-06 21:02:36', '2023-07-06 21:02:36'),
(347, 'evaluations', '355', 'Creation', 15, NULL, '2023-07-06 21:02:36', '2023-07-06 21:02:36'),
(348, 'evaluations', '356', 'Creation', 15, NULL, '2023-07-06 21:02:36', '2023-07-06 21:02:36'),
(349, 'evaluations', '357', 'Creation', 15, NULL, '2023-07-06 21:02:36', '2023-07-06 21:02:36'),
(350, 'evaluations', '358', 'Creation', 15, NULL, '2023-07-06 21:02:36', '2023-07-06 21:02:36'),
(351, 'evaluations', '359', 'Creation', 15, NULL, '2023-07-06 21:02:36', '2023-07-06 21:02:36'),
(352, 'evaluations', '360', 'Creation', 15, NULL, '2023-07-06 21:02:36', '2023-07-06 21:02:36'),
(353, 'evaluations', '361', 'Creation', 15, NULL, '2023-07-06 21:02:36', '2023-07-06 21:02:36'),
(354, 'evaluations', '362', 'Creation', 15, NULL, '2023-07-06 21:02:36', '2023-07-06 21:02:36'),
(355, 'evaluations', '363', 'Creation', 15, NULL, '2023-07-06 21:02:36', '2023-07-06 21:02:36'),
(356, 'evaluations', '364', 'Creation', 15, NULL, '2023-07-06 21:02:36', '2023-07-06 21:02:36'),
(357, 'evaluations', '365', 'Creation', 15, NULL, '2023-07-06 21:02:36', '2023-07-06 21:02:36'),
(358, 'evaluations', '366', 'Creation', 15, NULL, '2023-07-06 21:02:39', '2023-07-06 21:02:39'),
(359, 'evaluations', '367', 'Creation', 15, NULL, '2023-07-06 21:02:39', '2023-07-06 21:02:39'),
(360, 'evaluations', '368', 'Creation', 15, NULL, '2023-07-06 21:02:39', '2023-07-06 21:02:39'),
(361, 'evaluations', '369', 'Creation', 15, NULL, '2023-07-06 21:02:39', '2023-07-06 21:02:39'),
(362, 'evaluations', '370', 'Creation', 15, NULL, '2023-07-06 21:02:39', '2023-07-06 21:02:39'),
(363, 'evaluations', '371', 'Creation', 15, NULL, '2023-07-06 21:02:39', '2023-07-06 21:02:39'),
(364, 'evaluations', '372', 'Creation', 15, NULL, '2023-07-06 21:02:39', '2023-07-06 21:02:39'),
(365, 'evaluations', '373', 'Creation', 15, NULL, '2023-07-06 21:02:39', '2023-07-06 21:02:39'),
(366, 'evaluations', '374', 'Creation', 15, NULL, '2023-07-06 21:02:40', '2023-07-06 21:02:40'),
(367, 'evaluations', '375', 'Creation', 15, NULL, '2023-07-06 21:02:40', '2023-07-06 21:02:40'),
(368, 'evaluations', '376', 'Creation', 15, NULL, '2023-07-06 21:02:40', '2023-07-06 21:02:40'),
(369, 'evaluations', '377', 'Creation', 15, NULL, '2023-07-06 21:02:40', '2023-07-06 21:02:40'),
(370, 'evaluations', '378', 'Creation', 15, NULL, '2023-07-06 21:02:40', '2023-07-06 21:02:40'),
(371, 'evaluations', '379', 'Creation', 15, NULL, '2023-07-06 21:02:40', '2023-07-06 21:02:40'),
(372, 'evaluations', '380', 'Creation', 15, NULL, '2023-07-06 21:02:40', '2023-07-06 21:02:40'),
(373, 'evaluations', '381', 'Creation', 15, NULL, '2023-07-06 21:02:40', '2023-07-06 21:02:40'),
(374, 'evaluations', '382', 'Creation', 15, NULL, '2023-07-06 21:02:40', '2023-07-06 21:02:40'),
(375, 'evaluations', '383', 'Creation', 15, NULL, '2023-07-06 21:02:40', '2023-07-06 21:02:40'),
(376, 'evaluations', '384', 'Creation', 15, NULL, '2023-07-06 21:02:40', '2023-07-06 21:02:40'),
(377, 'evaluations', '385', 'Creation', 15, NULL, '2023-07-06 21:02:40', '2023-07-06 21:02:40'),
(378, 'evaluations', '386', 'Creation', 15, NULL, '2023-07-06 21:02:40', '2023-07-06 21:02:40'),
(379, 'evaluations', '387', 'Creation', 15, NULL, '2023-07-06 21:02:40', '2023-07-06 21:02:40'),
(380, 'evaluations', '388', 'Creation', 15, NULL, '2023-07-06 21:02:42', '2023-07-06 21:02:42'),
(381, 'evaluations', '389', 'Creation', 15, NULL, '2023-07-06 21:02:42', '2023-07-06 21:02:42'),
(382, 'evaluations', '390', 'Creation', 15, NULL, '2023-07-06 21:02:42', '2023-07-06 21:02:42'),
(383, 'evaluations', '391', 'Creation', 15, NULL, '2023-07-06 21:02:42', '2023-07-06 21:02:42'),
(384, 'evaluations', '392', 'Creation', 15, NULL, '2023-07-06 21:02:42', '2023-07-06 21:02:42'),
(385, 'evaluations', '393', 'Creation', 15, NULL, '2023-07-06 21:02:42', '2023-07-06 21:02:42'),
(386, 'evaluations', '394', 'Creation', 15, NULL, '2023-07-06 21:02:42', '2023-07-06 21:02:42'),
(387, 'evaluations', '395', 'Creation', 15, NULL, '2023-07-06 21:02:42', '2023-07-06 21:02:42'),
(388, 'evaluations', '396', 'Creation', 15, NULL, '2023-07-06 21:02:42', '2023-07-06 21:02:42'),
(389, 'evaluations', '397', 'Creation', 15, NULL, '2023-07-06 21:02:42', '2023-07-06 21:02:42'),
(390, 'evaluations', '398', 'Creation', 15, NULL, '2023-07-06 21:02:42', '2023-07-06 21:02:42'),
(391, 'evaluations', '399', 'Creation', 15, NULL, '2023-07-06 21:02:42', '2023-07-06 21:02:42'),
(392, 'evaluations', '400', 'Creation', 15, NULL, '2023-07-06 21:02:42', '2023-07-06 21:02:42'),
(393, 'evaluations', '401', 'Creation', 15, NULL, '2023-07-06 21:02:42', '2023-07-06 21:02:42'),
(394, 'evaluations', '402', 'Creation', 15, NULL, '2023-07-06 21:02:43', '2023-07-06 21:02:43'),
(395, 'evaluations', '403', 'Creation', 15, NULL, '2023-07-06 21:02:43', '2023-07-06 21:02:43'),
(396, 'evaluations', '404', 'Creation', 15, NULL, '2023-07-06 21:02:43', '2023-07-06 21:02:43'),
(397, 'evaluations', '405', 'Creation', 15, NULL, '2023-07-06 21:02:43', '2023-07-06 21:02:43'),
(398, 'evaluations', '406', 'Creation', 15, NULL, '2023-07-06 21:02:43', '2023-07-06 21:02:43'),
(399, 'evaluations', '407', 'Creation', 15, NULL, '2023-07-06 21:02:43', '2023-07-06 21:02:43'),
(400, 'evaluations', '408', 'Creation', 15, NULL, '2023-07-06 21:02:43', '2023-07-06 21:02:43'),
(401, 'evaluations', '409', 'Creation', 15, NULL, '2023-07-06 21:02:43', '2023-07-06 21:02:43'),
(402, 'evaluations', '410', 'Creation', 15, NULL, '2023-07-06 21:02:45', '2023-07-06 21:02:45'),
(403, 'evaluations', '411', 'Creation', 15, NULL, '2023-07-06 21:02:45', '2023-07-06 21:02:45'),
(404, 'evaluations', '412', 'Creation', 15, NULL, '2023-07-06 21:02:45', '2023-07-06 21:02:45'),
(405, 'evaluations', '413', 'Creation', 15, NULL, '2023-07-06 21:02:45', '2023-07-06 21:02:45'),
(406, 'evaluations', '414', 'Creation', 15, NULL, '2023-07-06 21:02:45', '2023-07-06 21:02:45'),
(407, 'evaluations', '415', 'Creation', 15, NULL, '2023-07-06 21:02:45', '2023-07-06 21:02:45'),
(408, 'evaluations', '416', 'Creation', 15, NULL, '2023-07-06 21:02:45', '2023-07-06 21:02:45'),
(409, 'evaluations', '417', 'Creation', 15, NULL, '2023-07-06 21:02:45', '2023-07-06 21:02:45'),
(410, 'evaluations', '418', 'Creation', 15, NULL, '2023-07-06 21:02:45', '2023-07-06 21:02:45'),
(411, 'evaluations', '419', 'Creation', 15, NULL, '2023-07-06 21:02:45', '2023-07-06 21:02:45'),
(412, 'evaluations', '420', 'Creation', 15, NULL, '2023-07-06 21:02:45', '2023-07-06 21:02:45'),
(413, 'evaluations', '421', 'Creation', 15, NULL, '2023-07-06 21:02:45', '2023-07-06 21:02:45'),
(414, 'evaluations', '422', 'Creation', 15, NULL, '2023-07-06 21:02:45', '2023-07-06 21:02:45'),
(415, 'evaluations', '423', 'Creation', 15, NULL, '2023-07-06 21:02:45', '2023-07-06 21:02:45'),
(416, 'evaluations', '424', 'Creation', 15, NULL, '2023-07-06 21:02:45', '2023-07-06 21:02:45'),
(417, 'evaluations', '425', 'Creation', 15, NULL, '2023-07-06 21:02:45', '2023-07-06 21:02:45'),
(418, 'evaluations', '426', 'Creation', 15, NULL, '2023-07-06 21:02:45', '2023-07-06 21:02:45'),
(419, 'evaluations', '427', 'Creation', 15, NULL, '2023-07-06 21:02:45', '2023-07-06 21:02:45'),
(420, 'evaluations', '428', 'Creation', 15, NULL, '2023-07-06 21:02:45', '2023-07-06 21:02:45'),
(421, 'evaluations', '429', 'Creation', 15, NULL, '2023-07-06 21:02:45', '2023-07-06 21:02:45'),
(422, 'evaluations', '430', 'Creation', 15, NULL, '2023-07-06 21:02:45', '2023-07-06 21:02:45'),
(423, 'evaluations', '431', 'Creation', 15, NULL, '2023-07-06 21:02:45', '2023-07-06 21:02:45'),
(424, 'evaluations', '432', 'Creation', 15, NULL, '2023-07-06 21:02:48', '2023-07-06 21:02:48'),
(425, 'evaluations', '433', 'Creation', 15, NULL, '2023-07-06 21:02:48', '2023-07-06 21:02:48'),
(426, 'evaluations', '434', 'Creation', 15, NULL, '2023-07-06 21:02:48', '2023-07-06 21:02:48'),
(427, 'evaluations', '435', 'Creation', 15, NULL, '2023-07-06 21:02:48', '2023-07-06 21:02:48'),
(428, 'evaluations', '436', 'Creation', 15, NULL, '2023-07-06 21:02:48', '2023-07-06 21:02:48'),
(429, 'evaluations', '437', 'Creation', 15, NULL, '2023-07-06 21:02:48', '2023-07-06 21:02:48'),
(430, 'evaluations', '438', 'Creation', 15, NULL, '2023-07-06 21:02:48', '2023-07-06 21:02:48'),
(431, 'evaluations', '439', 'Creation', 15, NULL, '2023-07-06 21:02:48', '2023-07-06 21:02:48'),
(432, 'evaluations', '440', 'Creation', 15, NULL, '2023-07-06 21:02:48', '2023-07-06 21:02:48'),
(433, 'evaluations', '441', 'Creation', 15, NULL, '2023-07-06 21:02:48', '2023-07-06 21:02:48'),
(434, 'evaluations', '442', 'Creation', 15, NULL, '2023-07-06 21:02:48', '2023-07-06 21:02:48'),
(435, 'evaluations', '443', 'Creation', 15, NULL, '2023-07-06 21:02:48', '2023-07-06 21:02:48'),
(436, 'evaluations', '444', 'Creation', 15, NULL, '2023-07-06 21:02:48', '2023-07-06 21:02:48'),
(437, 'evaluations', '445', 'Creation', 15, NULL, '2023-07-06 21:02:48', '2023-07-06 21:02:48'),
(438, 'evaluations', '446', 'Creation', 15, NULL, '2023-07-06 21:02:48', '2023-07-06 21:02:48'),
(439, 'evaluations', '447', 'Creation', 15, NULL, '2023-07-06 21:02:48', '2023-07-06 21:02:48'),
(440, 'evaluations', '448', 'Creation', 15, NULL, '2023-07-06 21:02:48', '2023-07-06 21:02:48'),
(441, 'evaluations', '449', 'Creation', 15, NULL, '2023-07-06 21:02:48', '2023-07-06 21:02:48'),
(442, 'evaluations', '450', 'Creation', 15, NULL, '2023-07-06 21:02:48', '2023-07-06 21:02:48'),
(443, 'evaluations', '451', 'Creation', 15, NULL, '2023-07-06 21:02:48', '2023-07-06 21:02:48'),
(444, 'evaluations', '452', 'Creation', 15, NULL, '2023-07-06 21:02:48', '2023-07-06 21:02:48'),
(445, 'evaluations', '453', 'Creation', 15, NULL, '2023-07-06 21:02:48', '2023-07-06 21:02:48'),
(446, 'examens', '23', 'Creation', 15, NULL, '2023-07-06 21:05:03', '2023-07-06 21:05:03'),
(447, 'examens', '24', 'Creation', 15, NULL, '2023-07-06 21:05:03', '2023-07-06 21:05:03'),
(448, 'examens', '25', 'Creation', 15, NULL, '2023-07-06 21:05:03', '2023-07-06 21:05:03'),
(449, 'examens', '26', 'Creation', 15, NULL, '2023-07-06 21:05:03', '2023-07-06 21:05:03'),
(450, 'examens', '27', 'Creation', 15, NULL, '2023-07-06 21:05:03', '2023-07-06 21:05:03'),
(451, 'examens', '28', 'Creation', 15, NULL, '2023-07-06 21:05:03', '2023-07-06 21:05:03'),
(452, 'examens', '29', 'Creation', 15, NULL, '2023-07-06 21:05:03', '2023-07-06 21:05:03'),
(453, 'examens', '30', 'Creation', 15, NULL, '2023-07-06 21:05:03', '2023-07-06 21:05:03'),
(454, 'examens', '31', 'Creation', 15, NULL, '2023-07-06 21:05:03', '2023-07-06 21:05:03'),
(455, 'examens', '32', 'Creation', 15, NULL, '2023-07-06 21:05:03', '2023-07-06 21:05:03'),
(456, 'examens', '33', 'Creation', 15, NULL, '2023-07-06 21:05:03', '2023-07-06 21:05:03'),
(457, 'examens', '34', 'Creation', 15, NULL, '2023-07-06 21:05:03', '2023-07-06 21:05:03'),
(458, 'examens', '35', 'Creation', 15, NULL, '2023-07-06 21:05:03', '2023-07-06 21:05:03'),
(459, 'examens', '36', 'Creation', 15, NULL, '2023-07-06 21:05:03', '2023-07-06 21:05:03'),
(460, 'examens', '37', 'Creation', 15, NULL, '2023-07-06 21:05:03', '2023-07-06 21:05:03'),
(461, 'examens', '38', 'Creation', 15, NULL, '2023-07-06 21:05:03', '2023-07-06 21:05:03'),
(462, 'examens', '39', 'Creation', 15, NULL, '2023-07-06 21:05:03', '2023-07-06 21:05:03'),
(463, 'examens', '40', 'Creation', 15, NULL, '2023-07-06 21:05:03', '2023-07-06 21:05:03'),
(464, 'examens', '41', 'Creation', 15, NULL, '2023-07-06 21:05:03', '2023-07-06 21:05:03'),
(465, 'examens', '42', 'Creation', 15, NULL, '2023-07-06 21:05:03', '2023-07-06 21:05:03'),
(466, 'examens', '43', 'Creation', 15, NULL, '2023-07-06 21:05:03', '2023-07-06 21:05:03'),
(467, 'examens', '44', 'Creation', 15, NULL, '2023-07-06 21:05:03', '2023-07-06 21:05:03'),
(468, 'examens', '45', 'Creation', 15, NULL, '2023-07-06 21:05:16', '2023-07-06 21:05:16'),
(469, 'examens', '46', 'Creation', 15, NULL, '2023-07-06 21:05:16', '2023-07-06 21:05:16'),
(470, 'examens', '47', 'Creation', 15, NULL, '2023-07-06 21:05:16', '2023-07-06 21:05:16'),
(471, 'examens', '48', 'Creation', 15, NULL, '2023-07-06 21:05:16', '2023-07-06 21:05:16'),
(472, 'examens', '49', 'Creation', 15, NULL, '2023-07-06 21:05:16', '2023-07-06 21:05:16'),
(473, 'examens', '50', 'Creation', 15, NULL, '2023-07-06 21:05:16', '2023-07-06 21:05:16'),
(474, 'examens', '51', 'Creation', 15, NULL, '2023-07-06 21:05:16', '2023-07-06 21:05:16'),
(475, 'examens', '52', 'Creation', 15, NULL, '2023-07-06 21:05:16', '2023-07-06 21:05:16'),
(476, 'examens', '53', 'Creation', 15, NULL, '2023-07-06 21:05:16', '2023-07-06 21:05:16'),
(477, 'examens', '54', 'Creation', 15, NULL, '2023-07-06 21:05:16', '2023-07-06 21:05:16'),
(478, 'examens', '55', 'Creation', 15, NULL, '2023-07-06 21:05:16', '2023-07-06 21:05:16'),
(479, 'examens', '56', 'Creation', 15, NULL, '2023-07-06 21:05:16', '2023-07-06 21:05:16'),
(480, 'examens', '57', 'Creation', 15, NULL, '2023-07-06 21:05:16', '2023-07-06 21:05:16'),
(481, 'examens', '58', 'Creation', 15, NULL, '2023-07-06 21:05:16', '2023-07-06 21:05:16'),
(482, 'examens', '59', 'Creation', 15, NULL, '2023-07-06 21:05:16', '2023-07-06 21:05:16'),
(483, 'examens', '60', 'Creation', 15, NULL, '2023-07-06 21:05:16', '2023-07-06 21:05:16'),
(484, 'examens', '61', 'Creation', 15, NULL, '2023-07-06 21:05:16', '2023-07-06 21:05:16'),
(485, 'examens', '62', 'Creation', 15, NULL, '2023-07-06 21:05:16', '2023-07-06 21:05:16'),
(486, 'examens', '63', 'Creation', 15, NULL, '2023-07-06 21:05:16', '2023-07-06 21:05:16'),
(487, 'examens', '64', 'Creation', 15, NULL, '2023-07-06 21:05:16', '2023-07-06 21:05:16'),
(488, 'examens', '65', 'Creation', 15, NULL, '2023-07-06 21:05:16', '2023-07-06 21:05:16'),
(489, 'examens', '66', 'Creation', 15, NULL, '2023-07-06 21:05:16', '2023-07-06 21:05:16'),
(490, 'examens', '67', 'Creation', 15, NULL, '2023-07-06 21:05:20', '2023-07-06 21:05:20'),
(491, 'examens', '68', 'Creation', 15, NULL, '2023-07-06 21:05:20', '2023-07-06 21:05:20'),
(492, 'examens', '69', 'Creation', 15, NULL, '2023-07-06 21:05:20', '2023-07-06 21:05:20'),
(493, 'examens', '70', 'Creation', 15, NULL, '2023-07-06 21:05:20', '2023-07-06 21:05:20'),
(494, 'examens', '71', 'Creation', 15, NULL, '2023-07-06 21:05:20', '2023-07-06 21:05:20'),
(495, 'examens', '72', 'Creation', 15, NULL, '2023-07-06 21:05:20', '2023-07-06 21:05:20'),
(496, 'examens', '73', 'Creation', 15, NULL, '2023-07-06 21:05:20', '2023-07-06 21:05:20'),
(497, 'examens', '74', 'Creation', 15, NULL, '2023-07-06 21:05:20', '2023-07-06 21:05:20'),
(498, 'examens', '75', 'Creation', 15, NULL, '2023-07-06 21:05:20', '2023-07-06 21:05:20'),
(499, 'examens', '76', 'Creation', 15, NULL, '2023-07-06 21:05:20', '2023-07-06 21:05:20'),
(500, 'examens', '77', 'Creation', 15, NULL, '2023-07-06 21:05:20', '2023-07-06 21:05:20'),
(501, 'examens', '78', 'Creation', 15, NULL, '2023-07-06 21:05:20', '2023-07-06 21:05:20'),
(502, 'examens', '79', 'Creation', 15, NULL, '2023-07-06 21:05:20', '2023-07-06 21:05:20'),
(503, 'examens', '80', 'Creation', 15, NULL, '2023-07-06 21:05:20', '2023-07-06 21:05:20'),
(504, 'examens', '81', 'Creation', 15, NULL, '2023-07-06 21:05:20', '2023-07-06 21:05:20'),
(505, 'examens', '82', 'Creation', 15, NULL, '2023-07-06 21:05:20', '2023-07-06 21:05:20'),
(506, 'examens', '83', 'Creation', 15, NULL, '2023-07-06 21:05:20', '2023-07-06 21:05:20'),
(507, 'examens', '84', 'Creation', 15, NULL, '2023-07-06 21:05:20', '2023-07-06 21:05:20'),
(508, 'examens', '85', 'Creation', 15, NULL, '2023-07-06 21:05:20', '2023-07-06 21:05:20'),
(509, 'examens', '86', 'Creation', 15, NULL, '2023-07-06 21:05:20', '2023-07-06 21:05:20'),
(510, 'examens', '87', 'Creation', 15, NULL, '2023-07-06 21:05:20', '2023-07-06 21:05:20'),
(511, 'examens', '88', 'Creation', 15, NULL, '2023-07-06 21:05:20', '2023-07-06 21:05:20'),
(512, 'eleve_Evaluation', '2342', 'Modification', 15, NULL, '2023-07-06 21:06:42', '2023-07-06 21:06:42'),
(513, 'eleve_Evaluation', '2342', 'Modification', 15, NULL, '2023-07-06 21:06:46', '2023-07-06 21:06:46'),
(514, 'eleve_Evaluation', '2342', 'Modification', 15, NULL, '2023-07-06 21:06:49', '2023-07-06 21:06:49'),
(515, 'eleve_Evaluation', '2342', 'Modification', 15, NULL, '2023-07-06 21:06:50', '2023-07-06 21:06:50'),
(516, 'eleve_Evaluation', '2342', 'Modification', 15, NULL, '2023-07-06 21:06:53', '2023-07-06 21:06:53'),
(517, 'eleve_Evaluation', '2342', 'Modification', 15, NULL, '2023-07-06 21:07:42', '2023-07-06 21:07:42'),
(518, 'eleve_Evaluation', '2342', 'Modification', 15, NULL, '2023-07-06 21:08:27', '2023-07-06 21:08:27'),
(519, 'eleve_Evaluation', '2343', 'Modification', 15, NULL, '2023-07-06 21:08:33', '2023-07-06 21:08:33'),
(520, 'eleve_Evaluation', '2344', 'Modification', 15, NULL, '2023-07-06 21:08:46', '2023-07-06 21:08:46'),
(521, 'eleve_Evaluation', '2345', 'Modification', 15, NULL, '2023-07-06 21:08:57', '2023-07-06 21:08:57'),
(522, 'eleve_Evaluation', '2346', 'Modification', 15, NULL, '2023-07-06 21:09:11', '2023-07-06 21:09:11'),
(523, 'eleve_Evaluation', '2347', 'Modification', 15, NULL, '2023-07-06 21:09:22', '2023-07-06 21:09:22'),
(524, 'eleve_Evaluation', '2348', 'Modification', 15, NULL, '2023-07-06 21:09:31', '2023-07-06 21:09:31'),
(525, 'eleve_Evaluation', '2349', 'Modification', 15, NULL, '2023-07-06 21:09:42', '2023-07-06 21:09:42'),
(526, 'eleve_Evaluation', '2350', 'Modification', 15, NULL, '2023-07-06 21:09:50', '2023-07-06 21:09:50'),
(527, 'eleve_Evaluation', '2351', 'Modification', 15, NULL, '2023-07-06 21:09:59', '2023-07-06 21:09:59'),
(528, 'eleve_Evaluation', '2352', 'Modification', 15, NULL, '2023-07-06 21:10:15', '2023-07-06 21:10:15'),
(529, 'eleve_Evaluation', '2353', 'Modification', 15, NULL, '2023-07-06 21:10:24', '2023-07-06 21:10:24'),
(530, 'eleve_Evaluation', '2354', 'Modification', 15, NULL, '2023-07-06 21:10:32', '2023-07-06 21:10:32'),
(531, 'eleve_Evaluation', '2355', 'Modification', 15, NULL, '2023-07-06 21:10:41', '2023-07-06 21:10:41'),
(532, 'eleve_Evaluation', '2356', 'Modification', 15, NULL, '2023-07-06 21:10:49', '2023-07-06 21:10:49'),
(533, 'eleve_Evaluation', '2357', 'Modification', 15, NULL, '2023-07-06 21:10:58', '2023-07-06 21:10:58'),
(534, 'eleve_Evaluation', '2357', 'Modification', 15, NULL, '2023-07-06 21:10:59', '2023-07-06 21:10:59'),
(535, 'eleve_Evaluation', '2358', 'Modification', 15, NULL, '2023-07-06 21:11:30', '2023-07-06 21:11:30'),
(536, 'eleve_Evaluation', '2359', 'Modification', 15, NULL, '2023-07-06 21:11:40', '2023-07-06 21:11:40'),
(537, 'eleve_Evaluation', '2360', 'Modification', 15, NULL, '2023-07-06 21:11:44', '2023-07-06 21:11:44'),
(538, 'eleve_Evaluation', '2361', 'Modification', 15, NULL, '2023-07-06 21:11:48', '2023-07-06 21:11:48'),
(539, 'eleve_Evaluation', '2362', 'Modification', 15, NULL, '2023-07-06 21:11:54', '2023-07-06 21:11:54'),
(540, 'eleve_Evaluation', '2363', 'Modification', 15, NULL, '2023-07-06 21:12:02', '2023-07-06 21:12:02'),
(541, 'eleve_Evaluation', '2364', 'Modification', 15, NULL, '2023-07-06 21:14:51', '2023-07-06 21:14:51'),
(542, 'eleve_Evaluation', '2365', 'Modification', 15, NULL, '2023-07-06 21:15:01', '2023-07-06 21:15:01');
INSERT INTO `logfiles` (`id`, `table_name`, `item_id`, `event`, `done_by`, `deleted_at`, `created_at`, `updated_at`) VALUES
(543, 'eleve_Evaluation', '2366', 'Modification', 15, NULL, '2023-07-06 21:15:08', '2023-07-06 21:15:08'),
(544, 'eleve_Evaluation', '2367', 'Modification', 15, NULL, '2023-07-06 21:15:16', '2023-07-06 21:15:16'),
(545, 'eleve_Evaluation', '2368', 'Modification', 15, NULL, '2023-07-06 21:15:24', '2023-07-06 21:15:24'),
(546, 'eleve_Evaluation', '2369', 'Modification', 15, NULL, '2023-07-06 21:15:27', '2023-07-06 21:15:27'),
(547, 'eleve_Evaluation', '2369', 'Modification', 15, NULL, '2023-07-06 21:15:34', '2023-07-06 21:15:34'),
(548, 'eleve_Evaluation', '2370', 'Modification', 15, NULL, '2023-07-06 21:15:47', '2023-07-06 21:15:47'),
(549, 'eleve_Evaluation', '2371', 'Modification', 15, NULL, '2023-07-06 21:15:53', '2023-07-06 21:15:53'),
(550, 'eleve_Evaluation', '2372', 'Modification', 15, NULL, '2023-07-06 21:15:58', '2023-07-06 21:15:58'),
(551, 'eleve_Evaluation', '2373', 'Modification', 15, NULL, '2023-07-06 21:16:01', '2023-07-06 21:16:01'),
(552, 'eleve_Evaluation', '2374', 'Modification', 15, NULL, '2023-07-06 21:16:09', '2023-07-06 21:16:09'),
(553, 'eleve_Evaluation', '2375', 'Modification', 15, NULL, '2023-07-06 21:16:14', '2023-07-06 21:16:14'),
(554, 'eleve_Evaluation', '2376', 'Modification', 15, NULL, '2023-07-06 21:16:19', '2023-07-06 21:16:19'),
(555, 'eleve_Evaluation', '2377', 'Modification', 15, NULL, '2023-07-06 21:16:23', '2023-07-06 21:16:23'),
(556, 'eleve_Evaluation', '2378', 'Modification', 15, NULL, '2023-07-06 21:16:28', '2023-07-06 21:16:28'),
(557, 'eleve_Evaluation', '2379', 'Modification', 15, NULL, '2023-07-06 21:16:39', '2023-07-06 21:16:39'),
(558, 'eleve_Evaluation', '2380', 'Modification', 15, NULL, '2023-07-06 21:16:45', '2023-07-06 21:16:45'),
(559, 'eleve_Evaluation', '2381', 'Modification', 15, NULL, '2023-07-06 21:16:49', '2023-07-06 21:16:49'),
(560, 'eleve_Evaluation', '2382', 'Modification', 15, NULL, '2023-07-06 21:16:56', '2023-07-06 21:16:56'),
(561, 'eleve_Evaluation', '2383', 'Modification', 15, NULL, '2023-07-06 21:17:01', '2023-07-06 21:17:01'),
(562, 'eleve_Evaluation', '2384', 'Modification', 15, NULL, '2023-07-06 21:17:06', '2023-07-06 21:17:06'),
(563, 'eleve_Evaluation', '2385', 'Modification', 15, NULL, '2023-07-06 21:17:13', '2023-07-06 21:17:13'),
(564, 'eleve_Evaluation', '2366', 'Modification', 15, NULL, '2023-07-06 21:18:04', '2023-07-06 21:18:04'),
(565, 'eleve_examen', '819', 'Modification', 15, NULL, '2023-07-06 21:20:02', '2023-07-06 21:20:02'),
(566, 'eleve_examen', '818', 'Modification', 15, NULL, '2023-07-06 21:20:08', '2023-07-06 21:20:08'),
(567, 'eleve_examen', '817', 'Modification', 15, NULL, '2023-07-06 21:20:15', '2023-07-06 21:20:15'),
(568, 'eleve_examen', '816', 'Modification', 15, NULL, '2023-07-06 21:20:23', '2023-07-06 21:20:23'),
(569, 'eleve_examen', '815', 'Modification', 15, NULL, '2023-07-06 21:20:29', '2023-07-06 21:20:29'),
(570, 'eleve_examen', '814', 'Modification', 15, NULL, '2023-07-06 21:20:33', '2023-07-06 21:20:33'),
(571, 'eleve_examen', '819', 'Modification', 15, NULL, '2023-07-06 21:21:14', '2023-07-06 21:21:14'),
(572, 'eleve_examen', '819', 'Modification', 15, NULL, '2023-07-06 21:21:23', '2023-07-06 21:21:23'),
(573, 'eleve_examen', '819', 'Modification', 15, NULL, '2023-07-06 21:21:34', '2023-07-06 21:21:34'),
(574, 'eleve_examen', '818', 'Modification', 15, NULL, '2023-07-06 21:21:43', '2023-07-06 21:21:43'),
(575, 'eleve_examen', '817', 'Modification', 15, NULL, '2023-07-06 21:21:55', '2023-07-06 21:21:55'),
(576, 'eleve_examen', '816', 'Modification', 15, NULL, '2023-07-06 21:22:02', '2023-07-06 21:22:02'),
(577, 'eleve_examen', '815', 'Modification', 15, NULL, '2023-07-06 21:22:13', '2023-07-06 21:22:13'),
(578, 'eleve_examen', '814', 'Modification', 15, NULL, '2023-07-06 21:22:23', '2023-07-06 21:22:23'),
(579, 'eleve_examen', '798', 'Modification', 15, NULL, '2023-07-06 21:22:31', '2023-07-06 21:22:31'),
(580, 'eleve_examen', '799', 'Modification', 15, NULL, '2023-07-06 21:22:37', '2023-07-06 21:22:37'),
(581, 'eleve_examen', '800', 'Modification', 15, NULL, '2023-07-06 21:22:43', '2023-07-06 21:22:43'),
(582, 'eleve_examen', '801', 'Modification', 15, NULL, '2023-07-06 21:22:51', '2023-07-06 21:22:51'),
(583, 'eleve_examen', '802', 'Modification', 15, NULL, '2023-07-06 21:22:56', '2023-07-06 21:22:56'),
(584, 'eleve_examen', '803', 'Modification', 15, NULL, '2023-07-06 21:23:02', '2023-07-06 21:23:02'),
(585, 'eleve_examen', '804', 'Modification', 15, NULL, '2023-07-06 21:23:10', '2023-07-06 21:23:10'),
(586, 'eleve_examen', '805', 'Modification', 15, NULL, '2023-07-06 21:23:16', '2023-07-06 21:23:16'),
(587, 'eleve_examen', '806', 'Modification', 15, NULL, '2023-07-06 21:23:22', '2023-07-06 21:23:22'),
(588, 'eleve_examen', '807', 'Modification', 15, NULL, '2023-07-06 21:23:40', '2023-07-06 21:23:40'),
(589, 'eleve_examen', '808', 'Modification', 15, NULL, '2023-07-06 21:23:53', '2023-07-06 21:23:53'),
(590, 'eleve_examen', '809', 'Modification', 15, NULL, '2023-07-06 21:24:00', '2023-07-06 21:24:00'),
(591, 'eleve_examen', '810', 'Modification', 15, NULL, '2023-07-06 21:24:05', '2023-07-06 21:24:05'),
(592, 'eleve_examen', '811', 'Modification', 15, NULL, '2023-07-06 21:24:11', '2023-07-06 21:24:11'),
(593, 'eleve_examen', '812', 'Modification', 15, NULL, '2023-07-06 21:24:16', '2023-07-06 21:24:16'),
(594, 'eleve_examen', '813', 'Modification', 15, NULL, '2023-07-06 21:24:22', '2023-07-06 21:24:22'),
(595, 'cours', '12', 'Modification', 5, NULL, '2023-07-06 21:32:17', '2023-07-06 21:32:17'),
(596, 'eleve_Evaluation', '2386', 'Modification', 15, NULL, '2023-07-06 21:42:10', '2023-07-06 21:42:10'),
(597, 'eleve_Evaluation', '2387', 'Modification', 15, NULL, '2023-07-06 21:42:14', '2023-07-06 21:42:14'),
(598, 'eleve_Evaluation', '2388', 'Modification', 15, NULL, '2023-07-06 21:42:24', '2023-07-06 21:42:24'),
(599, 'eleve_Evaluation', '2389', 'Modification', 15, NULL, '2023-07-06 21:42:29', '2023-07-06 21:42:29'),
(600, 'eleve_Evaluation', '2390', 'Modification', 15, NULL, '2023-07-06 21:42:33', '2023-07-06 21:42:33'),
(601, 'eleve_Evaluation', '2391', 'Modification', 15, NULL, '2023-07-06 21:42:37', '2023-07-06 21:42:37'),
(602, 'eleve_Evaluation', '2392', 'Modification', 15, NULL, '2023-07-06 21:42:43', '2023-07-06 21:42:43'),
(603, 'eleve_Evaluation', '2393', 'Modification', 15, NULL, '2023-07-06 21:42:49', '2023-07-06 21:42:49'),
(604, 'eleve_Evaluation', '2394', 'Modification', 15, NULL, '2023-07-06 21:42:55', '2023-07-06 21:42:55'),
(605, 'eleve_Evaluation', '2395', 'Modification', 15, NULL, '2023-07-06 21:42:59', '2023-07-06 21:42:59'),
(606, 'eleve_Evaluation', '2396', 'Modification', 15, NULL, '2023-07-06 21:43:09', '2023-07-06 21:43:09'),
(607, 'eleve_Evaluation', '2397', 'Modification', 15, NULL, '2023-07-06 21:43:15', '2023-07-06 21:43:15'),
(608, 'eleve_Evaluation', '2398', 'Modification', 15, NULL, '2023-07-06 21:43:21', '2023-07-06 21:43:21'),
(609, 'eleve_Evaluation', '2399', 'Modification', 15, NULL, '2023-07-06 21:43:27', '2023-07-06 21:43:27'),
(610, 'eleve_Evaluation', '2400', 'Modification', 15, NULL, '2023-07-06 21:43:33', '2023-07-06 21:43:33'),
(611, 'eleve_Evaluation', '2401', 'Modification', 15, NULL, '2023-07-06 21:43:41', '2023-07-06 21:43:41'),
(612, 'eleve_Evaluation', '2402', 'Modification', 15, NULL, '2023-07-06 21:43:47', '2023-07-06 21:43:47'),
(613, 'eleve_Evaluation', '2403', 'Modification', 15, NULL, '2023-07-06 21:43:54', '2023-07-06 21:43:54'),
(614, 'eleve_Evaluation', '2404', 'Modification', 15, NULL, '2023-07-06 21:44:01', '2023-07-06 21:44:01'),
(615, 'eleve_Evaluation', '2405', 'Modification', 15, NULL, '2023-07-06 21:44:08', '2023-07-06 21:44:08'),
(616, 'eleve_Evaluation', '2406', 'Modification', 15, NULL, '2023-07-06 21:44:17', '2023-07-06 21:44:17'),
(617, 'eleve_Evaluation', '2407', 'Modification', 15, NULL, '2023-07-06 21:44:22', '2023-07-06 21:44:22'),
(618, 'eleve_Evaluation', '2408', 'Modification', 15, NULL, '2023-07-06 21:48:26', '2023-07-06 21:48:26'),
(619, 'eleve_Evaluation', '2409', 'Modification', 15, NULL, '2023-07-06 21:49:34', '2023-07-06 21:49:34'),
(620, 'eleve_Evaluation', '2410', 'Modification', 15, NULL, '2023-07-06 21:50:01', '2023-07-06 21:50:01'),
(621, 'eleve_Evaluation', '2411', 'Modification', 15, NULL, '2023-07-06 21:50:05', '2023-07-06 21:50:05'),
(622, 'eleve_Evaluation', '2412', 'Modification', 15, NULL, '2023-07-06 21:50:12', '2023-07-06 21:50:12'),
(623, 'eleve_Evaluation', '2413', 'Modification', 15, NULL, '2023-07-06 21:50:24', '2023-07-06 21:50:24'),
(624, 'eleve_Evaluation', '2414', 'Modification', 15, NULL, '2023-07-06 21:50:30', '2023-07-06 21:50:30'),
(625, 'eleve_Evaluation', '2415', 'Modification', 15, NULL, '2023-07-06 21:50:46', '2023-07-06 21:50:46'),
(626, 'eleve_Evaluation', '2416', 'Modification', 15, NULL, '2023-07-06 21:50:58', '2023-07-06 21:50:58'),
(627, 'eleve_Evaluation', '2415', 'Modification', 15, NULL, '2023-07-06 21:51:14', '2023-07-06 21:51:14'),
(628, 'eleve_Evaluation', '2417', 'Modification', 15, NULL, '2023-07-06 21:51:29', '2023-07-06 21:51:29'),
(629, 'eleve_Evaluation', '2418', 'Modification', 15, NULL, '2023-07-06 21:51:38', '2023-07-06 21:51:38'),
(630, 'eleve_Evaluation', '2419', 'Modification', 15, NULL, '2023-07-06 21:51:55', '2023-07-06 21:51:55'),
(631, 'eleve_Evaluation', '2420', 'Modification', 15, NULL, '2023-07-06 21:52:05', '2023-07-06 21:52:05'),
(632, 'eleve_Evaluation', '2421', 'Modification', 15, NULL, '2023-07-06 21:52:13', '2023-07-06 21:52:13'),
(633, 'eleve_Evaluation', '2422', 'Modification', 15, NULL, '2023-07-06 21:52:16', '2023-07-06 21:52:16'),
(634, 'eleve_Evaluation', '2423', 'Modification', 15, NULL, '2023-07-06 21:52:20', '2023-07-06 21:52:20'),
(635, 'eleve_Evaluation', '2424', 'Modification', 15, NULL, '2023-07-06 21:52:25', '2023-07-06 21:52:25'),
(636, 'eleve_Evaluation', '2425', 'Modification', 15, NULL, '2023-07-06 21:52:31', '2023-07-06 21:52:31'),
(637, 'eleve_Evaluation', '2426', 'Modification', 15, NULL, '2023-07-06 21:52:35', '2023-07-06 21:52:35'),
(638, 'eleve_Evaluation', '2427', 'Modification', 15, NULL, '2023-07-06 21:52:39', '2023-07-06 21:52:39'),
(639, 'eleve_Evaluation', '2428', 'Modification', 15, NULL, '2023-07-06 21:52:44', '2023-07-06 21:52:44'),
(640, 'eleve_Evaluation', '2429', 'Modification', 15, NULL, '2023-07-06 21:52:48', '2023-07-06 21:52:48'),
(641, 'eleve_Evaluation', '2414', 'Modification', 15, NULL, '2023-07-06 21:54:07', '2023-07-06 21:54:07'),
(642, 'eleve_examen', '820', 'Modification', 15, NULL, '2023-07-06 21:59:06', '2023-07-06 21:59:06'),
(643, 'eleve_examen', '821', 'Modification', 15, NULL, '2023-07-06 21:59:10', '2023-07-06 21:59:10'),
(644, 'eleve_examen', '822', 'Modification', 15, NULL, '2023-07-06 21:59:26', '2023-07-06 21:59:26'),
(645, 'eleve_examen', '823', 'Modification', 15, NULL, '2023-07-06 21:59:32', '2023-07-06 21:59:32'),
(646, 'eleve_examen', '824', 'Modification', 15, NULL, '2023-07-06 21:59:37', '2023-07-06 21:59:37'),
(647, 'eleve_examen', '825', 'Modification', 15, NULL, '2023-07-06 21:59:40', '2023-07-06 21:59:40'),
(648, 'eleve_examen', '826', 'Modification', 15, NULL, '2023-07-06 21:59:48', '2023-07-06 21:59:48'),
(649, 'eleve_examen', '827', 'Modification', 15, NULL, '2023-07-06 21:59:53', '2023-07-06 21:59:53'),
(650, 'eleve_examen', '828', 'Modification', 15, NULL, '2023-07-06 22:00:00', '2023-07-06 22:00:00'),
(651, 'eleve_examen', '829', 'Modification', 15, NULL, '2023-07-06 22:00:24', '2023-07-06 22:00:24'),
(652, 'eleve_examen', '830', 'Modification', 15, NULL, '2023-07-06 22:00:32', '2023-07-06 22:00:32'),
(653, 'eleve_examen', '831', 'Modification', 15, NULL, '2023-07-06 22:00:37', '2023-07-06 22:00:37'),
(654, 'eleve_examen', '832', 'Modification', 15, NULL, '2023-07-06 22:00:41', '2023-07-06 22:00:41'),
(655, 'eleve_examen', '833', 'Modification', 15, NULL, '2023-07-06 22:00:52', '2023-07-06 22:00:52'),
(656, 'eleve_examen', '834', 'Modification', 15, NULL, '2023-07-06 22:00:59', '2023-07-06 22:00:59'),
(657, 'eleve_examen', '835', 'Modification', 15, NULL, '2023-07-06 22:01:02', '2023-07-06 22:01:02'),
(658, 'eleve_examen', '836', 'Modification', 15, NULL, '2023-07-06 22:01:10', '2023-07-06 22:01:10'),
(659, 'eleve_examen', '837', 'Modification', 15, NULL, '2023-07-06 22:01:18', '2023-07-06 22:01:18'),
(660, 'eleve_examen', '838', 'Modification', 15, NULL, '2023-07-06 22:01:21', '2023-07-06 22:01:21'),
(661, 'eleve_examen', '839', 'Modification', 15, NULL, '2023-07-06 22:01:30', '2023-07-06 22:01:30'),
(662, 'eleve_examen', '840', 'Modification', 15, NULL, '2023-07-06 22:01:35', '2023-07-06 22:01:35'),
(663, 'eleve_examen', '841', 'Modification', 15, NULL, '2023-07-06 22:01:39', '2023-07-06 22:01:39'),
(664, 'eleve_Evaluation', '2430', 'Modification', 15, NULL, '2023-07-07 19:28:04', '2023-07-07 19:28:04'),
(665, 'eleve_Evaluation', '2431', 'Modification', 15, NULL, '2023-07-07 19:28:10', '2023-07-07 19:28:10'),
(666, 'eleve_Evaluation', '2432', 'Modification', 15, NULL, '2023-07-07 19:28:20', '2023-07-07 19:28:20'),
(667, 'eleve_Evaluation', '2433', 'Modification', 15, NULL, '2023-07-07 19:28:23', '2023-07-07 19:28:23'),
(668, 'eleve_Evaluation', '2434', 'Modification', 15, NULL, '2023-07-07 19:28:32', '2023-07-07 19:28:32'),
(669, 'eleve_Evaluation', '2435', 'Modification', 15, NULL, '2023-07-07 19:28:57', '2023-07-07 19:28:57'),
(670, 'eleve_Evaluation', '2436', 'Modification', 15, NULL, '2023-07-07 19:29:09', '2023-07-07 19:29:09'),
(671, 'eleve_Evaluation', '2437', 'Modification', 15, NULL, '2023-07-07 19:29:13', '2023-07-07 19:29:13'),
(672, 'eleve_Evaluation', '2438', 'Modification', 15, NULL, '2023-07-07 19:29:19', '2023-07-07 19:29:19'),
(673, 'eleve_Evaluation', '2439', 'Modification', 15, NULL, '2023-07-07 19:29:26', '2023-07-07 19:29:26'),
(674, 'eleve_Evaluation', '2440', 'Modification', 15, NULL, '2023-07-07 19:29:30', '2023-07-07 19:29:30'),
(675, 'eleve_Evaluation', '2441', 'Modification', 15, NULL, '2023-07-07 19:29:35', '2023-07-07 19:29:35'),
(676, 'eleve_Evaluation', '2442', 'Modification', 15, NULL, '2023-07-07 19:29:41', '2023-07-07 19:29:41'),
(677, 'eleve_Evaluation', '2443', 'Modification', 15, NULL, '2023-07-07 19:29:49', '2023-07-07 19:29:49'),
(678, 'eleve_Evaluation', '2444', 'Modification', 15, NULL, '2023-07-07 19:29:53', '2023-07-07 19:29:53'),
(679, 'eleve_Evaluation', '2445', 'Modification', 15, NULL, '2023-07-07 19:29:56', '2023-07-07 19:29:56'),
(680, 'eleve_Evaluation', '2446', 'Modification', 15, NULL, '2023-07-07 19:30:08', '2023-07-07 19:30:08'),
(681, 'eleve_Evaluation', '2447', 'Modification', 15, NULL, '2023-07-07 19:30:13', '2023-07-07 19:30:13'),
(682, 'eleve_Evaluation', '2449', 'Modification', 15, NULL, '2023-07-07 19:30:16', '2023-07-07 19:30:16'),
(683, 'eleve_Evaluation', '2450', 'Modification', 15, NULL, '2023-07-07 19:34:47', '2023-07-07 19:34:47'),
(684, 'eleve_Evaluation', '2451', 'Modification', 15, NULL, '2023-07-07 19:34:59', '2023-07-07 19:34:59'),
(685, 'eleve_Evaluation', '2448', 'Modification', 15, NULL, '2023-07-07 19:35:17', '2023-07-07 19:35:17'),
(686, 'eleve_Evaluation', '2449', 'Modification', 15, NULL, '2023-07-07 19:35:21', '2023-07-07 19:35:21'),
(687, 'eleve_Evaluation', '2452', 'Modification', 15, NULL, '2023-07-07 19:38:12', '2023-07-07 19:38:12'),
(688, 'eleve_Evaluation', '2453', 'Modification', 15, NULL, '2023-07-07 19:38:16', '2023-07-07 19:38:16'),
(689, 'eleve_Evaluation', '2454', 'Modification', 15, NULL, '2023-07-07 19:38:21', '2023-07-07 19:38:21'),
(690, 'eleve_Evaluation', '2455', 'Modification', 15, NULL, '2023-07-07 19:38:26', '2023-07-07 19:38:26'),
(691, 'eleve_Evaluation', '2456', 'Modification', 15, NULL, '2023-07-07 19:38:29', '2023-07-07 19:38:29'),
(692, 'eleve_Evaluation', '2457', 'Modification', 15, NULL, '2023-07-07 19:38:33', '2023-07-07 19:38:33'),
(693, 'eleve_Evaluation', '2458', 'Modification', 15, NULL, '2023-07-07 19:38:41', '2023-07-07 19:38:41'),
(694, 'eleve_Evaluation', '2459', 'Modification', 15, NULL, '2023-07-07 19:38:48', '2023-07-07 19:38:48'),
(695, 'eleve_Evaluation', '2460', 'Modification', 15, NULL, '2023-07-07 19:38:52', '2023-07-07 19:38:52'),
(696, 'eleve_Evaluation', '2461', 'Modification', 15, NULL, '2023-07-07 19:39:01', '2023-07-07 19:39:01'),
(697, 'eleve_Evaluation', '2462', 'Modification', 15, NULL, '2023-07-07 19:39:12', '2023-07-07 19:39:12'),
(698, 'eleve_Evaluation', '2463', 'Modification', 15, NULL, '2023-07-07 19:39:18', '2023-07-07 19:39:18'),
(699, 'eleve_Evaluation', '2464', 'Modification', 15, NULL, '2023-07-07 19:39:25', '2023-07-07 19:39:25'),
(700, 'eleve_Evaluation', '2465', 'Modification', 15, NULL, '2023-07-07 19:39:29', '2023-07-07 19:39:29'),
(701, 'eleve_Evaluation', '2466', 'Modification', 15, NULL, '2023-07-07 19:39:32', '2023-07-07 19:39:32'),
(702, 'eleve_Evaluation', '2467', 'Modification', 15, NULL, '2023-07-07 19:39:37', '2023-07-07 19:39:37'),
(703, 'eleve_Evaluation', '2468', 'Modification', 15, NULL, '2023-07-07 19:39:42', '2023-07-07 19:39:42'),
(704, 'eleve_Evaluation', '2469', 'Modification', 15, NULL, '2023-07-07 19:39:46', '2023-07-07 19:39:46'),
(705, 'eleve_Evaluation', '2470', 'Modification', 15, NULL, '2023-07-07 19:39:51', '2023-07-07 19:39:51'),
(706, 'eleve_Evaluation', '2471', 'Modification', 15, NULL, '2023-07-07 19:39:55', '2023-07-07 19:39:55'),
(707, 'eleve_Evaluation', '2472', 'Modification', 15, NULL, '2023-07-07 19:39:58', '2023-07-07 19:39:58'),
(708, 'eleve_Evaluation', '2473', 'Modification', 15, NULL, '2023-07-07 19:40:02', '2023-07-07 19:40:02'),
(709, 'eleve_examen', '842', 'Modification', 15, NULL, '2023-07-07 19:53:01', '2023-07-07 19:53:01'),
(710, 'eleve_examen', '843', 'Modification', 15, NULL, '2023-07-07 19:53:07', '2023-07-07 19:53:07'),
(711, 'eleve_examen', '844', 'Modification', 15, NULL, '2023-07-07 19:53:12', '2023-07-07 19:53:12'),
(712, 'eleve_examen', '845', 'Modification', 15, NULL, '2023-07-07 19:53:17', '2023-07-07 19:53:17'),
(713, 'eleve_examen', '846', 'Modification', 15, NULL, '2023-07-07 19:53:21', '2023-07-07 19:53:21'),
(714, 'eleve_examen', '847', 'Modification', 15, NULL, '2023-07-07 19:53:26', '2023-07-07 19:53:26'),
(715, 'eleve_examen', '848', 'Modification', 15, NULL, '2023-07-07 19:53:29', '2023-07-07 19:53:29'),
(716, 'eleve_examen', '849', 'Modification', 15, NULL, '2023-07-07 19:53:33', '2023-07-07 19:53:33'),
(717, 'eleve_examen', '850', 'Modification', 15, NULL, '2023-07-07 19:53:39', '2023-07-07 19:53:39'),
(718, 'eleve_examen', '851', 'Modification', 15, NULL, '2023-07-07 19:53:43', '2023-07-07 19:53:43'),
(719, 'eleve_examen', '852', 'Modification', 15, NULL, '2023-07-07 19:53:47', '2023-07-07 19:53:47'),
(720, 'eleve_examen', '853', 'Modification', 15, NULL, '2023-07-07 19:53:51', '2023-07-07 19:53:51'),
(721, 'eleve_examen', '854', 'Modification', 15, NULL, '2023-07-07 19:53:59', '2023-07-07 19:53:59'),
(722, 'eleve_examen', '855', 'Modification', 15, NULL, '2023-07-07 19:54:04', '2023-07-07 19:54:04'),
(723, 'eleve_examen', '856', 'Modification', 15, NULL, '2023-07-07 19:54:08', '2023-07-07 19:54:08'),
(724, 'eleve_examen', '857', 'Modification', 15, NULL, '2023-07-07 19:54:12', '2023-07-07 19:54:12'),
(725, 'eleve_examen', '858', 'Modification', 15, NULL, '2023-07-07 19:54:17', '2023-07-07 19:54:17'),
(726, 'eleve_examen', '859', 'Modification', 15, NULL, '2023-07-07 19:54:21', '2023-07-07 19:54:21'),
(727, 'eleve_examen', '860', 'Modification', 15, NULL, '2023-07-07 19:54:25', '2023-07-07 19:54:25'),
(728, 'eleve_examen', '861', 'Modification', 15, NULL, '2023-07-07 19:54:31', '2023-07-07 19:54:31'),
(729, 'eleve_examen', '862', 'Modification', 15, NULL, '2023-07-07 19:54:48', '2023-07-07 19:54:48'),
(730, 'eleve_examen', '863', 'Modification', 15, NULL, '2023-07-07 19:54:52', '2023-07-07 19:54:52'),
(731, 'resultats', '36', 'Modification', 15, NULL, '2023-07-07 19:55:38', '2023-07-07 19:55:38'),
(732, 'eleve_conduites', '8', 'Creation', 9, NULL, '2023-07-07 20:19:33', '2023-07-07 20:19:33'),
(733, 'employers', '14', 'Creation', 5, NULL, '2023-07-07 21:05:31', '2023-07-07 21:05:31'),
(734, 'users', '17', 'Creation', 5, NULL, '2023-07-07 21:06:12', '2023-07-07 21:06:12'),
(735, 'encadrements', '9', 'Creation', 5, NULL, '2023-07-07 21:09:46', '2023-07-07 21:09:46'),
(736, 'users', '17', 'Modification', 5, NULL, '2023-07-07 21:10:01', '2023-07-07 21:10:01'),
(737, 'messages', '15', 'Creation', 5, NULL, '2023-07-07 21:16:59', '2023-07-07 21:16:59'),
(738, 'messages', '16', 'Creation', 5, NULL, '2023-07-07 21:16:59', '2023-07-07 21:16:59'),
(739, 'messages', '17', 'Creation', 5, NULL, '2023-07-07 21:16:59', '2023-07-07 21:16:59'),
(740, 'messages', '18', 'Creation', 5, NULL, '2023-07-07 21:16:59', '2023-07-07 21:16:59'),
(741, 'eleves', '38', 'Creation', 9, NULL, '2023-07-07 21:18:29', '2023-07-07 21:18:29'),
(742, 'frequentations', '41', 'Creation', 9, NULL, '2023-07-07 21:18:41', '2023-07-07 21:18:41'),
(743, 'resultats', '37', 'Creation', 9, NULL, '2023-07-07 21:18:41', '2023-07-07 21:18:41'),
(744, 'frequentations', '41', 'Modification', 9, NULL, '2023-07-07 21:38:52', '2023-07-07 21:38:52'),
(745, 'paiement_frais', '14', 'Creation', 9, NULL, '2023-07-07 21:40:39', '2023-07-07 21:40:39'),
(746, 'employers', '15', 'Creation', 5, NULL, '2023-07-08 06:16:57', '2023-07-08 06:16:57'),
(747, 'employers', '15', 'Modification', 5, NULL, '2023-07-08 06:17:39', '2023-07-08 06:17:39'),
(748, 'users', '18', 'Creation', 5, NULL, '2023-07-08 06:18:18', '2023-07-08 06:18:18'),
(749, 'encadrements', '10', 'Creation', 5, NULL, '2023-07-08 06:18:42', '2023-07-08 06:18:42'),
(750, 'users', '18', 'Modification', 5, NULL, '2023-07-08 06:18:53', '2023-07-08 06:18:53'),
(751, 'messages', '19', 'Creation', 5, NULL, '2023-07-08 06:19:23', '2023-07-08 06:19:23'),
(752, 'eleves', '39', 'Creation', 9, NULL, '2023-07-08 06:21:25', '2023-07-08 06:21:25'),
(753, 'frequentations', '42', 'Creation', 9, NULL, '2023-07-08 06:21:44', '2023-07-08 06:21:44'),
(754, 'resultats', '38', 'Creation', 9, NULL, '2023-07-08 06:21:44', '2023-07-08 06:21:44'),
(755, 'classes', '9', 'Suppression', 5, NULL, '2023-07-11 15:42:23', '2023-07-11 15:42:23'),
(756, 'classes', '9', 'Restoration', 2, NULL, '2023-07-11 15:42:52', '2023-07-11 15:42:52'),
(757, 'annee_scolaires', '2', 'Suppression', 5, NULL, '2023-07-14 09:19:24', '2023-07-14 09:19:24'),
(758, 'parrains', '3', 'Modification', 9, NULL, '2023-07-14 09:20:43', '2023-07-14 09:20:43'),
(759, 'users', '8', 'Modification', 9, NULL, '2023-07-14 09:20:44', '2023-07-14 09:20:44'),
(760, 'eleve_conduites', '9', 'Creation', 15, NULL, '2023-07-14 10:35:46', '2023-07-14 10:35:46'),
(761, 'eleve_conduites', '10', 'Creation', 15, NULL, '2023-07-14 10:36:25', '2023-07-14 10:36:25'),
(762, 'eleve_conduites', '11', 'Creation', 15, NULL, '2023-07-14 10:36:50', '2023-07-14 10:36:50'),
(763, 'eleve_conduites', '12', 'Creation', 15, NULL, '2023-07-14 10:37:04', '2023-07-14 10:37:04'),
(764, 'eleve_conduites', '13', 'Creation', 15, NULL, '2023-07-14 10:37:35', '2023-07-14 10:37:35'),
(765, 'eleve_conduites', '14', 'Creation', 15, NULL, '2023-07-14 10:43:55', '2023-07-14 10:43:55'),
(766, 'eleve_conduites', '15', 'Creation', 15, NULL, '2023-07-14 10:44:10', '2023-07-14 10:44:10'),
(767, 'annee_scolaires', '2', 'Restoration', 2, NULL, '2023-07-18 07:56:06', '2023-07-18 07:56:06'),
(768, 'annee_scolaires', '2', 'Suppression', 5, NULL, '2023-07-18 10:45:32', '2023-07-18 10:45:32');

-- --------------------------------------------------------

--
-- Structure de la table `messages`
--

CREATE TABLE `messages` (
  `id` bigint(20) UNSIGNED NOT NULL,
  `objet` varchar(255) COLLATE utf8mb4_unicode_ci NOT NULL,
  `contenu` text COLLATE utf8mb4_unicode_ci NOT NULL,
  `expediteur` bigint(20) UNSIGNED NOT NULL,
  `destinateur` bigint(20) UNSIGNED NOT NULL,
  `created_at` timestamp NULL DEFAULT NULL,
  `updated_at` timestamp NULL DEFAULT NULL,
  `read_at` timestamp NULL DEFAULT NULL,
  `deleted_at` timestamp NULL DEFAULT NULL
) ENGINE=InnoDB DEFAULT CHARSET=utf8mb4 COLLATE=utf8mb4_unicode_ci;

--
-- Déchargement des données de la table `messages`
--

INSERT INTO `messages` (`id`, `objet`, `contenu`, `expediteur`, `destinateur`, `created_at`, `updated_at`, `read_at`, `deleted_at`) VALUES
(3, 'Test Message', 'Dui velit libero semper lobortis ante, felis accumsan mi proin, aliquet donec phasellus sem. Malesuada primis nunc hac arcu nam suspendisse per, consequat pulvinar habitasse sociosqu eu posuere tellus id, curae donec sed lacinia tempus lobortis.', 5, 8, '2023-04-16 19:26:34', '2023-04-17 07:44:39', '2023-04-17 07:44:39', NULL),
(4, 'Test Message', 'Dui velit libero semper lobortis ante, felis accumsan mi proin, aliquet donec phasellus sem. Malesuada primis nunc hac arcu nam suspendisse per, consequat pulvinar habitasse sociosqu eu posuere tellus id, curae donec sed lacinia tempus lobortis.', 5, 10, '2023-04-16 19:26:34', '2023-04-16 19:26:34', NULL, NULL),
(5, 'Communication Test', 'Lorem ipsum dolor sit amet consectetur adipiscing elit lectus neque dignissim aenean, ultricies magnis tincidunt dictum class tortor sociis senectus congue cum potenti, sollicitudin arcu vel ornare tempor et imperdiet nulla at erat. Porttitor pulvinar mollis torquent facilisis mattis semper arcu id tempor fames, faucibus pellentesque varius mi commodo primis odio enim augue risus, metus potenti parturient montes eu porta nostra fringilla sem.', 8, 5, '2023-04-16 19:42:38', '2023-06-29 16:46:43', '2023-06-29 16:46:43', NULL),
(6, 'Tuna sema', '<span class=\"ml-1 duration-300 opacity-100 pointer-events-none ease\">Messages</span>\r\n                            <span class=\"ml-1 duration-300 opacity-100 pointer-events-none ease\">10</span>', 5, 8, '2023-04-16 20:16:35', '2023-05-01 13:29:00', '2023-05-01 13:29:00', NULL),
(7, 'Tuna sema', '<span class=\"ml-1 duration-300 opacity-100 pointer-events-none ease\">Messages</span>\r\n                            <span class=\"ml-1 duration-300 opacity-100 pointer-events-none ease\">10</span>', 5, 10, '2023-04-16 20:16:35', '2023-04-16 20:16:35', NULL, NULL),
(8, 'Paiement Frais Scolaires', 'Bytes\r\nLists\r\nRich TextHTML\r\nCopy\r\nLorem ipsum dolor sit amet consectetur adipiscing elit netus semper ultricies quisque, eu eros himenaeos odio nullam vel praesent pharetra ante malesuada penatibus, accumsan elementum hac dis arcu platea nec quam aptent luctus. Cubilia litora libero phasellus mollis tempus augue mattis, porttitor dis dignissim lectus nisi nulla hac conubia, nullam aliquam tortor faucibus luctus facilisis. Laoreet donec erat taciti ad mollis, aenean fermentum nostra. Enim at natoque parturient nisl velit vehicula curae suspendisse tempus, himenaeos vulputate gravida nam egestas euismod lacus nostra aptent, in eu luctus convallis vestibulum sapien netus rhoncus', 5, 8, '2023-04-17 07:43:31', '2023-05-01 13:28:57', '2023-05-01 13:28:57', NULL),
(9, 'Paiement Frais Scolaires', 'Bytes\r\nLists\r\nRich TextHTML\r\nCopy\r\nLorem ipsum dolor sit amet consectetur adipiscing elit netus semper ultricies quisque, eu eros himenaeos odio nullam vel praesent pharetra ante malesuada penatibus, accumsan elementum hac dis arcu platea nec quam aptent luctus. Cubilia litora libero phasellus mollis tempus augue mattis, porttitor dis dignissim lectus nisi nulla hac conubia, nullam aliquam tortor faucibus luctus facilisis. Laoreet donec erat taciti ad mollis, aenean fermentum nostra. Enim at natoque parturient nisl velit vehicula curae suspendisse tempus, himenaeos vulputate gravida nam egestas euismod lacus nostra aptent, in eu luctus convallis vestibulum sapien netus rhoncus', 5, 10, '2023-04-17 07:43:32', '2023-04-17 07:43:32', NULL, NULL),
(10, 'Demande De Derogation', 'sagittis. Massa rhoncus sed risus primis fames non parturient, molestie scelerisque nullam nibh feugiat convallis, dictum interdum proin malesuada suspendisse sagittis. Ullamcorper', 8, 5, '2023-04-17 09:22:15', '2023-07-19 07:11:59', '2023-07-19 07:11:59', NULL),
(11, 'Test Up Dates', 'Proin imperdiet tortor ad ridiculus maecenas lacus vehicula montes, venenatis curabitur urna aliquam rhoncus in sociis, condimentum pellentesque primis volutpat dictum dignissim eleifend. Cum sodales hac interdum cursus condimentum pretium risus parturient, quis dictumst curabitur inceptos aptent nascetur mollis mus magnis, mauris varius eget per turpis ut etiam.', 5, 8, '2023-06-01 23:34:02', '2023-06-02 21:02:11', '2023-06-02 21:02:11', NULL),
(12, 'TEst 200k', 'Nousommes lA', 8, 5, '2023-06-02 21:02:08', '2023-07-19 07:11:55', '2023-07-19 07:11:55', NULL),
(13, 'retard', 'Lorem ipsum dolor sit amet consectetur adipiscing elit et etiam, cum mollis diam fringilla ante bibendum interdum duis, netus enim luctus convallis sem mattis aliquet habitant. Nascetur senectus rutrum taciti sollicitudin sed aenean ac fusce litora vitae potenti scelerisque, justo nisl fames cubilia enim eget etiam magnis lectus et. Posuere fringilla mollis nulla sapien dignissim diam inceptos cursus, varius egestas netus ac arcu euismod lacus, porttitor taciti dictumst maecenas morbi', 5, 14, '2023-06-05 11:25:37', '2023-06-05 11:25:37', NULL, NULL),
(14, 'Reponde A votre Messsage du 12121212', 'Ad justo nam cum natoque montes luctus ultrices cursus, mi ultricies praesent proin fusce sem sapien platea, faucibus etiam vel aenean sollicitudin varius convallis. Justo parturient aliquam vel libero sociosqu dictumst dis nullam, nunc facilisis aenean fames semper litora fringilla penatibus ut, vulputate malesuada convallis nisi volutpat laoreet suscipit. Fringilla id cum vivamus neque inceptos nulla ridiculus sodales in, litora fusce nec at posuere purus fames magnis integer, scelerisque tempor cras sapien ad mus mollis magna. Rutrum sed mi facilisi platea aenean accumsan habitasse, gravida lacus elementum ad litora eu euismod, varius aptent dui quis malesuada praesent.', 5, 8, '2023-06-29 17:00:46', '2023-06-29 17:01:27', '2023-06-29 17:01:27', NULL),
(15, 'Communication du 30 Juillet', 'Ullamcorper ante scelerisque nam tempus montes congue iaculis nunc facilisi metus placerat, netus phasellus urna odio consequat ligula hac orci turpis suspendisse cras, faucibus auctor habitant dictum magna mus at non malesuada cursus. Euismod potenti cubilia quisque interdum netus tortor viverra dui lectus vel non iaculis penatibus, aenean fermentum commodo nisl conubia auctor enim dictum purus sem ultrices elementum. Non suspendisse ultrices mus nibh magnis inceptos eu, proin aptent varius sodales vulputate ultricies, platea penatibus accumsan orci dapibus interdum. Ultrices montes nascetur nisl odio mattis eget euismod aliquam ultricies vulputate potenti cursus, enim ridiculus quis suspendisse leo pretium morbi venenatis dapibus class libero quisque parturient, mollis nec primis commodo rhoncus egestas habitasse taciti at vivamus fermentum.', 5, 8, '2023-07-07 21:16:59', '2023-07-14 12:37:48', '2023-07-14 12:37:48', NULL),
(16, 'Communication du 30 Juillet', 'Ullamcorper ante scelerisque nam tempus montes congue iaculis nunc facilisi metus placerat, netus phasellus urna odio consequat ligula hac orci turpis suspendisse cras, faucibus auctor habitant dictum magna mus at non malesuada cursus. Euismod potenti cubilia quisque interdum netus tortor viverra dui lectus vel non iaculis penatibus, aenean fermentum commodo nisl conubia auctor enim dictum purus sem ultrices elementum. Non suspendisse ultrices mus nibh magnis inceptos eu, proin aptent varius sodales vulputate ultricies, platea penatibus accumsan orci dapibus interdum. Ultrices montes nascetur nisl odio mattis eget euismod aliquam ultricies vulputate potenti cursus, enim ridiculus quis suspendisse leo pretium morbi venenatis dapibus class libero quisque parturient, mollis nec primis commodo rhoncus egestas habitasse taciti at vivamus fermentum.', 5, 10, '2023-07-07 21:16:59', '2023-07-07 21:16:59', NULL, NULL),
(17, 'Communication du 30 Juillet', 'Ullamcorper ante scelerisque nam tempus montes congue iaculis nunc facilisi metus placerat, netus phasellus urna odio consequat ligula hac orci turpis suspendisse cras, faucibus auctor habitant dictum magna mus at non malesuada cursus. Euismod potenti cubilia quisque interdum netus tortor viverra dui lectus vel non iaculis penatibus, aenean fermentum commodo nisl conubia auctor enim dictum purus sem ultrices elementum. Non suspendisse ultrices mus nibh magnis inceptos eu, proin aptent varius sodales vulputate ultricies, platea penatibus accumsan orci dapibus interdum. Ultrices montes nascetur nisl odio mattis eget euismod aliquam ultricies vulputate potenti cursus, enim ridiculus quis suspendisse leo pretium morbi venenatis dapibus class libero quisque parturient, mollis nec primis commodo rhoncus egestas habitasse taciti at vivamus fermentum.', 5, 14, '2023-07-07 21:16:59', '2023-07-07 21:16:59', NULL, NULL),
(18, 'Communication du 30 Juillet', 'Ullamcorper ante scelerisque nam tempus montes congue iaculis nunc facilisi metus placerat, netus phasellus urna odio consequat ligula hac orci turpis suspendisse cras, faucibus auctor habitant dictum magna mus at non malesuada cursus. Euismod potenti cubilia quisque interdum netus tortor viverra dui lectus vel non iaculis penatibus, aenean fermentum commodo nisl conubia auctor enim dictum purus sem ultrices elementum. Non suspendisse ultrices mus nibh magnis inceptos eu, proin aptent varius sodales vulputate ultricies, platea penatibus accumsan orci dapibus interdum. Ultrices montes nascetur nisl odio mattis eget euismod aliquam ultricies vulputate potenti cursus, enim ridiculus quis suspendisse leo pretium morbi venenatis dapibus class libero quisque parturient, mollis nec primis commodo rhoncus egestas habitasse taciti at vivamus fermentum.', 5, 16, '2023-07-07 21:16:59', '2023-07-07 21:16:59', NULL, NULL),
(19, 'Communication', 'Lorem ipsum dolor sit amet consectetur adipiscing elit, tortor non commodo sagittis pellentesque habitant ad porta, massa pulvinar et purus vehicula tincidunt. Fermentum lacinia diam nulla ante sapien nullam tempus, senectus phasellus arcu ultrices turpis auctor at, orci fames purus bibendum interdum hac. Ultrices sollicitudin iaculis netus accumsan fringilla leo sed blandit, laoreet condimentum placerat phasellus gravida felis cubilia ante, ac ut platea egestas pellentesque sodales aliquet. Nostra in nulla sed praesent blandit lectus arcu suspendisse sapien, eget dis molestie proin donec etiam litora rhoncus eros, libero curabitur potenti commodo platea magnis ultrices ac.', 5, 16, '2023-07-08 06:19:23', '2023-07-08 06:19:23', NULL, NULL);

-- --------------------------------------------------------

--
-- Structure de la table `migrations`
--

CREATE TABLE `migrations` (
  `id` int(10) UNSIGNED NOT NULL,
  `migration` varchar(255) COLLATE utf8mb4_unicode_ci NOT NULL,
  `batch` int(11) NOT NULL
) ENGINE=InnoDB DEFAULT CHARSET=utf8mb4 COLLATE=utf8mb4_unicode_ci;

--
-- Déchargement des données de la table `migrations`
--

INSERT INTO `migrations` (`id`, `migration`, `batch`) VALUES
(1, '2013_08_23_182726_create_fonctions_table', 1),
(2, '2013_08_23_183016_create_employers_table', 1),
(3, '2013_08_23_185610_create_table_employer_fonction', 1),
(4, '2014_10_12_000000_create_users_table', 1),
(5, '2014_10_12_100000_create_password_resets_table', 1),
(6, '2019_08_19_000000_create_failed_jobs_table', 1),
(7, '2019_12_14_000001_create_personal_access_tokens_table', 1),
(8, '2022_08_23_191212_create_classes_table', 1),
(9, '2022_08_23_191630_create_categorie_cours_table', 1),
(10, '2022_08_23_191720_create_cours_table', 1),
(11, '2022_08_23_194802_create_annee_scolaires_table', 1),
(12, '2022_08_23_194907_create_eleves_table', 1),
(13, '2022_08_23_195235_create_frequentations_table', 1),
(14, '2022_08_23_200306_create_trimestres_table', 1),
(15, '2022_08_23_200340_create_periodes_table', 1),
(16, '2022_08_23_200341_create_type_evaluations_table', 1),
(17, '2022_08_23_201355_create_evaluations_table', 1),
(18, '2022_08_23_201737_create_table_eleve_evaluation', 1),
(19, '2022_08_23_203051_create_examens_table', 1),
(20, '2022_08_23_203528_create_table_eleve_examen', 1),
(21, '2022_08_24_111241_add_column_matricule_on_employer', 2),
(22, '2022_08_24_111435_add_column_matricule_on_employer', 3),
(23, '2022_08_25_123813_add_is_current_on_table_annee_scolaire', 4),
(24, '2022_08_27_023021_add_softdelete_to_table_fonctions', 5),
(25, '2022_08_27_030641_add_softdelete_to_table_fonctions', 6),
(26, '2022_08_28_212124_add_softdeletes_to_table_eleves', 7),
(27, '2022_08_29_015735_add_softdeletes_to_frequentations', 8),
(28, '2022_08_29_020410_add_softdeletes_to_frequentations', 9),
(29, '2022_08_29_212546_add_softdeletes_to_annee_scolaire', 10),
(30, '2022_08_29_212709_add_softdeletes_to_trimestres', 10),
(31, '2022_08_29_212754_add_softdeletes_to_periodes', 10),
(32, '2022_08_29_213054_add_softdeletes_to_evaluations', 10),
(33, '2022_08_29_213136_add_softdeletes_to_type_evaluations', 10),
(34, '2022_08_29_213206_add_softdeletes_to_examens', 10),
(35, '2022_08_29_213339_add_softdeletes_to_categorie_cours', 10),
(36, '2022_08_29_213404_add_softdeletes_to_cours', 10),
(37, '2022_08_29_213442_add_softdeletes_to_eleve_evaluation', 10),
(38, '2022_08_29_213520_add_softdeletes_to_eleve_examen', 10),
(39, '2022_08_29_214039_add_softdeletes_to_classe', 10),
(40, '2022_08_29_214507_add_softdeletes_to_classe', 11),
(41, '2022_08_29_214601_add_softdeletes_to_classe', 12),
(42, '2022_08_29_214742_add_softdeletes_to_annee_scolaire', 13),
(43, '2022_08_29_214848_add_softdeletes_to_trimestres', 13),
(44, '2022_08_29_214922_add_softdeletes_to_periodes', 13),
(45, '2022_08_29_214953_add_softdeletes_to_evaluations', 13),
(46, '2022_08_29_215017_add_softdeletes_to_type_evaluations', 13),
(47, '2022_08_29_215039_add_softdeletes_to_examens', 13),
(48, '2022_08_29_215105_add_softdeletes_to_categorie_cours', 13),
(49, '2022_08_29_215127_add_softdeletes_to_cours', 13),
(50, '2022_08_29_215146_add_softdeletes_to_eleve_evaluation', 13),
(51, '2022_08_29_215211_add_softdeletes_to_eleve_examen', 13),
(52, '2022_08_30_051752_create_table_classe', 14),
(53, '2022_08_30_052014_create_table_classe', 15),
(54, '2022_09_03_091436_update_pivot_table_eleve_evaluation', 16),
(55, '2022_10_25_214742_add_selected_to_annee_scolaire', 17),
(57, '2022_11_19_138050_add_sexe_to_table_eleve', 19),
(58, '2022_11_23_230530_add_soft_deletes_on_table_user', 20),
(61, '2023_04_01_122818_create_table_encadrement', 21),
(62, '2023_04_01_122854_create_table_niveau', 21),
(63, '2023_04_01_123506_add_niveau_id_to_classes', 22),
(64, '2023_04_07_154345_create_table_conduites', 23),
(68, '2023_04_07_155226_create_table_eleve_conduite', 24),
(71, '2023_04_10_134823_create_parent_table', 25),
(72, '2023_04_10_135244_create_eleve_parent_table', 25),
(73, '2023_04_11_074121_add_parrain_to_eleves', 26),
(74, '2023_04_12_095545_add_id_parrain_to_user', 27),
(75, '2023_04_16_141937_create_resultats_table', 28),
(76, '2023_04_16_143659_create_type_frais_table', 28),
(77, '2023_04_16_143741_create_mode_paiements_tables', 28),
(78, '2023_04_16_143755_create_frais_table', 28),
(79, '2023_04_16_143817_create_moyen_paiements_table', 28),
(80, '2023_04_16_143909_create_paiement_frais_table', 28),
(81, '2023_04_16_143945_create_messages_table', 28),
(82, '2023_04_18_120107_add_frais_id_to_paiements', 29),
(83, '2023_04_18_120110_add_date_id_to_paiements', 30),
(84, '2023_04_18_133329_add_frequentation_id_to_paiements', 31),
(85, '2023_05_22_012447_add_decisiom_on_resultats', 32),
(87, '2023_06_28_225525_create_log_files_table', 33);

-- --------------------------------------------------------

--
-- Structure de la table `mode_paiements`
--

CREATE TABLE `mode_paiements` (
  `id` bigint(20) UNSIGNED NOT NULL,
  `nom` varchar(255) COLLATE utf8mb4_unicode_ci NOT NULL,
  `created_at` timestamp NULL DEFAULT NULL,
  `updated_at` timestamp NULL DEFAULT NULL,
  `deleted_at` timestamp NULL DEFAULT NULL
) ENGINE=InnoDB DEFAULT CHARSET=utf8mb4 COLLATE=utf8mb4_unicode_ci;

--
-- Déchargement des données de la table `mode_paiements`
--

INSERT INTO `mode_paiements` (`id`, `nom`, `created_at`, `updated_at`, `deleted_at`) VALUES
(1, 'ANNUEL', '2023-04-16 13:47:28', '2023-04-16 13:47:29', NULL),
(2, 'TRIMESTRIEL', '2023-04-16 13:47:38', '2023-04-16 13:47:39', NULL),
(3, 'MENSUEL', NULL, NULL, NULL);

-- --------------------------------------------------------

--
-- Structure de la table `moyen_paiements`
--

CREATE TABLE `moyen_paiements` (
  `id` bigint(20) UNSIGNED NOT NULL,
  `nom` varchar(255) COLLATE utf8mb4_unicode_ci NOT NULL,
  `created_at` timestamp NULL DEFAULT NULL,
  `updated_at` timestamp NULL DEFAULT NULL,
  `deleted_at` timestamp NULL DEFAULT NULL
) ENGINE=InnoDB DEFAULT CHARSET=utf8mb4 COLLATE=utf8mb4_unicode_ci;

--
-- Déchargement des données de la table `moyen_paiements`
--

INSERT INTO `moyen_paiements` (`id`, `nom`, `created_at`, `updated_at`, `deleted_at`) VALUES
(1, 'CAISSE', '2023-04-16 13:38:01', '2023-04-16 13:38:01', NULL),
(2, 'BANQUE', '2023-04-16 13:38:42', '2023-04-16 13:38:43', NULL);

-- --------------------------------------------------------

--
-- Structure de la table `niveaux`
--

CREATE TABLE `niveaux` (
  `id` bigint(20) UNSIGNED NOT NULL,
  `nom` varchar(255) COLLATE utf8mb4_unicode_ci NOT NULL,
  `numerotation` int(11) NOT NULL,
  `created_at` timestamp NULL DEFAULT NULL,
  `updated_at` timestamp NULL DEFAULT NULL,
  `deleted_at` timestamp NULL DEFAULT NULL
) ENGINE=InnoDB DEFAULT CHARSET=utf8mb4 COLLATE=utf8mb4_unicode_ci;

--
-- Déchargement des données de la table `niveaux`
--

INSERT INTO `niveaux` (`id`, `nom`, `numerotation`, `created_at`, `updated_at`, `deleted_at`) VALUES
(1, 'PREMIERE ANNEE MATERNELLE', 1, '2023-04-01 10:46:08', '2023-04-01 10:46:09', NULL),
(2, 'DEUXIEME ANNEE MATERNELLE', 2, '2023-04-01 10:46:26', '2023-04-01 10:46:27', NULL),
(3, 'TROISIEME ANNEE MATERNELLE', 3, '2023-04-01 10:46:48', '2023-04-01 10:46:48', NULL),
(4, 'PREMIERE ANNEE PRIMAIRE', 1, '2023-04-01 10:47:07', '2023-04-01 10:47:08', NULL),
(5, 'DEUXIEME ANNEE PRIMAIRE', 2, '2023-04-01 10:47:27', '2023-04-01 10:47:28', NULL),
(6, 'TROISIEME ANNEE PRIMAIRE', 3, '2023-04-01 11:16:44', '2023-04-01 11:16:44', NULL),
(7, 'QUATRIEME ANNEE PRIMAIRE', 4, '2023-04-01 11:17:04', '2023-04-01 11:17:05', NULL),
(8, 'CINQUIME ANNEE PRIMAIRE', 5, '2023-04-01 11:17:20', '2023-04-01 11:17:21', NULL),
(9, 'SIXIEMEN ANNEE PRIMAIRE', 6, '2023-04-01 11:17:31', '2023-04-01 11:17:31', NULL);

-- --------------------------------------------------------

--
-- Structure de la table `paiement_frais`
--

CREATE TABLE `paiement_frais` (
  `id` bigint(20) UNSIGNED NOT NULL,
  `montant_paye` int(11) NOT NULL,
  `reference` varchar(255) COLLATE utf8mb4_unicode_ci DEFAULT NULL,
  `date` date NOT NULL,
  `frequentation_id` bigint(20) UNSIGNED DEFAULT NULL,
  `moyen_paiement_id` bigint(20) UNSIGNED DEFAULT NULL,
  `frais_id` bigint(20) UNSIGNED DEFAULT NULL,
  `created_at` timestamp NULL DEFAULT NULL,
  `updated_at` timestamp NULL DEFAULT NULL,
  `deleted_at` timestamp NULL DEFAULT NULL
) ENGINE=InnoDB DEFAULT CHARSET=utf8mb4 COLLATE=utf8mb4_unicode_ci;

--
-- Déchargement des données de la table `paiement_frais`
--

INSERT INTO `paiement_frais` (`id`, `montant_paye`, `reference`, `date`, `frequentation_id`, `moyen_paiement_id`, `frais_id`, `created_at`, `updated_at`, `deleted_at`) VALUES
(4, 150, 'ref : 120201', '2023-04-18', 18, 2, 6, '2023-04-18 09:35:14', '2023-04-18 09:35:15', NULL),
(5, 5000, 'ref : 120201', '2023-04-19', 18, 1, 15, '2023-04-18 20:17:30', '2023-04-18 20:17:30', NULL),
(6, 80, 'ref : 1202058', '2023-04-19', 18, 2, 6, '2023-04-18 21:44:52', '2023-04-18 21:44:52', NULL),
(7, 4000, '00', '2023-04-19', 18, 1, 15, '2023-04-18 21:45:25', '2023-04-18 21:45:25', NULL),
(8, 1000, '237 Bank du congo', '2023-04-07', 18, 2, 15, '2023-05-07 12:32:06', '2023-05-07 12:32:06', NULL),
(9, 10, NULL, '2021-09-02', 18, 1, 24, '2023-06-14 06:38:43', '2023-06-14 06:38:43', NULL),
(10, 10, NULL, '2023-06-15', 21, 1, 24, '2023-06-15 12:04:22', '2023-06-15 12:04:22', NULL),
(11, 10, NULL, '2022-09-09', 13, 1, 24, '2023-06-29 15:57:55', '2023-06-29 15:57:55', NULL),
(12, 200, NULL, '2023-01-29', 13, 1, 6, '2023-06-29 16:00:13', '2023-06-29 16:00:13', NULL),
(13, 40, NULL, '2023-03-15', 13, 1, 6, '2023-06-29 16:09:57', '2023-06-29 16:09:57', NULL),
(14, 10, NULL, '2023-07-15', 41, 1, 26, '2023-07-07 21:40:39', '2023-07-07 21:40:39', NULL);

-- --------------------------------------------------------

--
-- Structure de la table `parrains`
--

CREATE TABLE `parrains` (
  `id` bigint(20) UNSIGNED NOT NULL,
  `nom` varchar(255) COLLATE utf8mb4_unicode_ci NOT NULL,
  `prenom` varchar(255) COLLATE utf8mb4_unicode_ci NOT NULL,
  `sexe` varchar(255) COLLATE utf8mb4_unicode_ci NOT NULL DEFAULT 'M',
  `telephone` varchar(255) COLLATE utf8mb4_unicode_ci NOT NULL,
  `created_at` timestamp NULL DEFAULT NULL,
  `updated_at` timestamp NULL DEFAULT NULL,
  `deleted_at` timestamp NULL DEFAULT NULL
) ENGINE=InnoDB DEFAULT CHARSET=utf8mb4 COLLATE=utf8mb4_unicode_ci;

--
-- Déchargement des données de la table `parrains`
--

INSERT INTO `parrains` (`id`, `nom`, `prenom`, `sexe`, `telephone`, `created_at`, `updated_at`, `deleted_at`) VALUES
(3, 'Mulindi Kabanga', 'Jean Bavon', 'M', '+243971355590', '2023-04-12 06:36:45', '2023-06-01 10:09:49', NULL),
(4, 'masumbuko muderhwa', 'jean mado', 'M', '+243971355590', '2023-04-13 10:38:00', '2023-06-01 10:03:47', NULL),
(5, 'lucien', 'assumani', 'M', '+25762427572', '2023-06-05 11:22:28', '2023-06-05 11:22:28', NULL),
(6, 'Molisho', 'Molisho', 'M', '+243123456789', '2023-06-27 08:17:41', '2023-06-30 05:55:47', NULL);

-- --------------------------------------------------------

--
-- Structure de la table `password_resets`
--

CREATE TABLE `password_resets` (
  `email` varchar(255) COLLATE utf8mb4_unicode_ci NOT NULL,
  `token` varchar(255) COLLATE utf8mb4_unicode_ci NOT NULL,
  `created_at` timestamp NULL DEFAULT NULL
) ENGINE=InnoDB DEFAULT CHARSET=utf8mb4 COLLATE=utf8mb4_unicode_ci;

-- --------------------------------------------------------

--
-- Structure de la table `periodes`
--

CREATE TABLE `periodes` (
  `id` bigint(20) UNSIGNED NOT NULL,
  `nom` varchar(255) COLLATE utf8mb4_unicode_ci NOT NULL,
  `date_debut` date NOT NULL,
  `date_fin` date NOT NULL,
  `trimestre_id` bigint(20) UNSIGNED DEFAULT NULL,
  `created_at` timestamp NULL DEFAULT NULL,
  `updated_at` timestamp NULL DEFAULT NULL,
  `deleted_at` timestamp NULL DEFAULT NULL
) ENGINE=InnoDB DEFAULT CHARSET=utf8mb4 COLLATE=utf8mb4_unicode_ci;

--
-- Déchargement des données de la table `periodes`
--

INSERT INTO `periodes` (`id`, `nom`, `date_debut`, `date_fin`, `trimestre_id`, `created_at`, `updated_at`, `deleted_at`) VALUES
(1, 'PREMIERE PERIODE', '2022-09-02', '2022-10-20', 1, '2022-08-24 13:10:38', '2022-11-17 17:14:32', NULL),
(2, 'DEUXIEME PERIODE', '2022-10-21', '2022-12-11', 1, '2022-08-24 13:10:37', '2022-11-17 18:12:17', NULL),
(3, 'TROISIEME PERIODE', '2022-12-12', '2023-01-30', 2, '2022-08-24 13:11:07', '2022-11-17 17:19:29', NULL),
(4, 'QUATRIEME PERIODE', '2023-01-31', '2023-03-21', 2, '2022-08-24 13:11:31', '2022-11-17 17:19:42', NULL),
(5, 'CINQUIEME PERIODE', '2023-03-22', '2022-05-10', 3, '2022-08-24 13:11:49', '2022-11-17 17:21:47', NULL),
(6, 'SIXIEME PERIODE', '2023-05-11', '2023-07-20', 3, '2022-08-24 13:12:04', '2022-11-17 17:22:25', NULL),
(7, 'PREMIERE PERIODE', '2000-01-12', '2022-01-12', 7, '2022-08-30 01:30:41', '2022-11-17 18:21:21', '2022-11-17 18:21:21'),
(8, 'PREMIERE PERIODE', '2021-09-02', '2021-10-20', 9, '2023-05-09 14:59:31', '2023-05-09 14:59:31', NULL),
(9, 'DEUXIEME PERIODE', '2021-10-21', '2021-12-11', 9, '2023-05-09 15:00:01', '2023-05-09 15:00:01', NULL),
(10, 'TROISIEME PERIODE', '2021-12-12', '2022-12-30', 10, '2023-05-09 15:00:57', '2023-05-09 15:05:08', NULL),
(11, 'QUATRIEME PERIODE', '2022-01-31', '2022-03-21', 10, '2023-05-09 15:01:44', '2023-05-09 15:01:44', NULL),
(12, 'CINQUIEME PERIODE', '2022-03-22', '2022-05-10', 11, '2023-05-09 15:02:13', '2023-05-09 15:02:39', NULL),
(13, 'SIXIEME PERIODE', '2022-05-11', '2022-02-07', 11, '2023-05-09 15:15:32', '2023-05-09 15:15:32', NULL);

-- --------------------------------------------------------

--
-- Structure de la table `personal_access_tokens`
--

CREATE TABLE `personal_access_tokens` (
  `id` bigint(20) UNSIGNED NOT NULL,
  `tokenable_type` varchar(255) COLLATE utf8mb4_unicode_ci NOT NULL,
  `tokenable_id` bigint(20) UNSIGNED NOT NULL,
  `name` varchar(255) COLLATE utf8mb4_unicode_ci NOT NULL,
  `token` varchar(64) COLLATE utf8mb4_unicode_ci NOT NULL,
  `abilities` text COLLATE utf8mb4_unicode_ci,
  `last_used_at` timestamp NULL DEFAULT NULL,
  `expires_at` timestamp NULL DEFAULT NULL,
  `created_at` timestamp NULL DEFAULT NULL,
  `updated_at` timestamp NULL DEFAULT NULL
) ENGINE=InnoDB DEFAULT CHARSET=utf8mb4 COLLATE=utf8mb4_unicode_ci;

-- --------------------------------------------------------

--
-- Structure de la table `resultats`
--

CREATE TABLE `resultats` (
  `id` bigint(20) UNSIGNED NOT NULL,
  `periode1` double(8,2) NOT NULL DEFAULT '0.00',
  `periode2` double(8,2) NOT NULL DEFAULT '0.00',
  `periode3` double(8,2) NOT NULL DEFAULT '0.00',
  `periode4` double(8,2) NOT NULL DEFAULT '0.00',
  `periode5` double(8,2) NOT NULL DEFAULT '0.00',
  `periode6` double(8,2) NOT NULL DEFAULT '0.00',
  `examen1` double(8,2) NOT NULL DEFAULT '0.00',
  `examen2` double(8,2) NOT NULL DEFAULT '0.00',
  `examen3` double(8,2) NOT NULL DEFAULT '0.00',
  `trimestre1` double(8,2) NOT NULL DEFAULT '0.00',
  `trimestre2` double(8,2) NOT NULL DEFAULT '0.00',
  `trimestre3` double(8,2) NOT NULL DEFAULT '0.00',
  `annee` double(8,2) NOT NULL DEFAULT '0.00',
  `decision` varchar(255) COLLATE utf8mb4_unicode_ci DEFAULT NULL,
  `frequentation_id` bigint(20) UNSIGNED DEFAULT NULL,
  `created_at` timestamp NULL DEFAULT NULL,
  `updated_at` timestamp NULL DEFAULT NULL,
  `deleted_at` timestamp NULL DEFAULT NULL
) ENGINE=InnoDB DEFAULT CHARSET=utf8mb4 COLLATE=utf8mb4_unicode_ci;

--
-- Déchargement des données de la table `resultats`
--

INSERT INTO `resultats` (`id`, `periode1`, `periode2`, `periode3`, `periode4`, `periode5`, `periode6`, `examen1`, `examen2`, `examen3`, `trimestre1`, `trimestre2`, `trimestre3`, `annee`, `decision`, `frequentation_id`, `created_at`, `updated_at`, `deleted_at`) VALUES
(1, 59.20, 57.50, 37.20, 60.00, 61.90, 39.80, 56.20, 55.00, 53.50, 57.30, 51.80, 52.20, 53.80, 'double', 18, '2023-04-27 18:31:23', '2023-06-11 20:40:49', NULL),
(2, 0.00, 0.00, 0.00, 0.00, 0.00, 0.00, 0.00, 0.00, 0.00, 0.00, 0.00, 0.00, 0.00, NULL, 32, '2023-05-02 08:15:02', '2023-05-02 08:15:02', NULL),
(3, 0.00, 0.00, 0.00, 0.00, 0.00, 0.00, 0.00, 0.00, 0.00, 0.00, 0.00, 0.00, 0.00, NULL, 31, '2023-05-02 08:15:02', '2023-05-02 08:15:02', NULL),
(4, 0.00, 0.00, 0.00, 0.00, 0.00, 7.30, 0.00, 0.00, 0.00, 0.00, 0.00, 1.80, 0.60, NULL, 30, '2023-05-02 08:15:02', '2023-05-04 07:28:41', NULL),
(5, 0.00, 0.00, 0.00, 0.00, 0.00, 0.00, 0.00, 0.00, 0.00, 0.00, 0.00, 0.00, 0.00, NULL, 29, '2023-05-02 08:15:02', '2023-05-02 08:15:02', NULL),
(6, 0.00, 0.00, 0.00, 0.00, 0.00, 0.00, 0.00, 0.00, 0.00, 0.00, 0.00, 0.00, 0.00, NULL, 28, '2023-05-02 08:15:02', '2023-05-02 08:15:02', NULL),
(7, 0.00, 0.00, 0.00, 0.00, 0.00, 0.00, 0.00, 0.00, 0.00, 0.00, 0.00, 0.00, 0.00, NULL, 27, '2023-05-02 08:15:02', '2023-05-02 08:15:02', NULL),
(8, 0.00, 0.00, 0.00, 0.00, 0.00, 0.00, 0.00, 0.00, 0.00, 0.00, 0.00, 0.00, 0.00, NULL, 26, '2023-05-02 08:15:03', '2023-05-02 08:15:03', NULL),
(9, 0.00, 0.00, 0.00, 0.00, 0.00, 0.00, 0.00, 0.00, 0.00, 0.00, 0.00, 0.00, 0.00, NULL, 25, '2023-05-02 08:15:03', '2023-05-02 08:15:03', NULL),
(10, 0.00, 0.00, 0.00, 0.00, 0.00, 0.00, 0.00, 0.00, 0.00, 0.00, 0.00, 0.00, 0.00, NULL, 24, '2023-05-02 08:15:03', '2023-05-02 08:15:03', NULL),
(11, 0.00, 0.00, 0.00, 0.00, 0.00, 0.00, 0.00, 0.00, 0.00, 0.00, 0.00, 0.00, 0.00, NULL, 23, '2023-05-02 08:15:03', '2023-05-02 08:15:03', NULL),
(12, 0.00, 0.00, 0.00, 0.00, 0.00, 0.00, 0.00, 0.00, 0.00, 0.00, 0.00, 0.00, 0.00, NULL, 1, '2023-05-02 11:49:08', '2023-05-02 11:49:08', NULL),
(13, 0.00, 0.00, 0.00, 0.00, 0.00, 0.00, 0.00, 0.00, 0.00, 0.00, 0.00, 0.00, 0.00, NULL, 2, '2023-05-02 11:49:08', '2023-05-02 11:49:08', NULL),
(14, 0.00, 0.00, 0.00, 0.00, 0.00, 0.00, 0.00, 0.00, 0.00, 0.00, 0.00, 0.00, 0.00, NULL, 3, '2023-05-02 11:49:09', '2023-05-02 11:49:09', NULL),
(15, 0.00, 0.00, 0.00, 0.00, 0.00, 0.00, 0.00, 0.00, 0.00, 0.00, 0.00, 0.00, 0.00, NULL, 4, '2023-05-02 11:49:09', '2023-05-02 11:49:09', NULL),
(16, 0.00, 0.00, 0.00, 0.00, 0.00, 0.00, 0.00, 0.00, 0.00, 0.00, 0.00, 0.00, 0.00, NULL, 5, '2023-05-02 11:49:09', '2023-05-02 11:49:09', NULL),
(17, 0.00, 0.00, 0.00, 0.00, 0.00, 0.00, 0.00, 0.00, 0.00, 0.00, 0.00, 0.00, 0.00, NULL, 6, '2023-05-02 11:49:09', '2023-05-02 11:49:09', NULL),
(18, 0.00, 0.00, 0.00, 0.00, 0.00, 0.00, 0.00, 0.00, 0.00, 0.00, 0.00, 0.00, 0.00, NULL, 7, '2023-05-02 11:49:09', '2023-05-02 11:49:09', NULL),
(19, 0.00, 0.00, 0.00, 0.00, 0.00, 0.00, 0.00, 0.00, 0.00, 0.00, 0.00, 0.00, 0.00, NULL, 8, '2023-05-02 11:49:09', '2023-05-02 11:49:09', NULL),
(20, 0.00, 0.00, 0.00, 0.00, 0.00, 0.00, 0.00, 0.00, 0.00, 0.00, 0.00, 0.00, 0.00, NULL, 9, '2023-05-02 11:49:09', '2023-05-02 11:49:10', NULL),
(21, 0.00, 0.00, 0.00, 0.00, 0.00, 0.00, 0.00, 0.00, 0.00, 0.00, 0.00, 0.00, 0.00, NULL, 10, '2023-05-02 11:49:10', '2023-05-02 11:49:10', NULL),
(22, 50.10, 60.00, 62.00, 41.50, 63.10, 57.90, 79.60, 80.40, 79.60, 67.30, 66.10, 70.10, 67.80, 'passe', 13, '2023-05-02 11:49:10', '2023-06-27 08:46:04', NULL),
(23, 0.00, 0.00, 0.00, 0.00, 0.00, 0.00, 0.00, 0.00, 0.00, 0.00, 0.00, 0.00, 0.00, NULL, 14, '2023-05-02 11:49:10', '2023-05-02 11:49:10', NULL),
(24, 0.00, 0.00, 0.00, 0.00, 0.00, 0.00, 0.00, 0.00, 0.00, 0.00, 0.00, 0.00, 0.00, NULL, 15, '2023-05-02 11:49:10', '2023-05-02 11:49:10', NULL),
(25, 0.00, 0.00, 0.00, 0.00, 0.00, 0.00, 0.00, 0.00, 0.00, 0.00, 0.00, 0.00, 0.00, NULL, 19, '2023-05-02 11:49:10', '2023-05-02 11:49:10', NULL),
(26, 0.00, 0.00, 0.00, 0.00, 0.00, 0.00, 0.00, 0.00, 0.00, 0.00, 0.00, 0.00, 0.00, NULL, 20, '2023-05-02 11:49:10', '2023-05-02 11:49:10', NULL),
(27, 0.00, 0.00, 0.00, 0.00, 0.00, 0.00, 0.00, 0.00, 0.00, 0.00, 0.00, 0.00, 0.00, NULL, 21, '2023-05-02 11:49:11', '2023-05-02 11:49:11', NULL),
(28, 0.00, 0.00, 0.00, 0.00, 0.00, 0.00, 0.00, 0.00, 0.00, 0.00, 0.00, 0.00, 0.00, NULL, 22, '2023-05-02 11:49:11', '2023-05-02 11:49:11', NULL),
(29, 0.00, 0.00, 0.00, 0.00, 0.00, 0.00, 0.00, 0.00, 0.00, 0.00, 0.00, 0.00, 0.00, NULL, 33, '2023-05-09 14:01:42', '2023-05-09 14:01:42', NULL),
(30, 0.00, 0.00, 0.00, 0.00, 0.00, 0.00, 0.00, 0.00, 0.00, 0.00, 0.00, 0.00, 0.00, NULL, 34, '2023-05-09 15:25:28', '2023-05-09 15:25:28', NULL),
(31, 0.00, 0.00, 0.00, 0.00, 0.00, 0.00, 0.00, 0.00, 0.00, 0.00, 0.00, 0.00, 0.00, NULL, 35, '2023-06-05 11:18:21', '2023-06-05 11:18:21', NULL),
(32, 0.00, 0.00, 0.00, 0.00, 0.00, 0.00, 0.00, 0.00, 0.00, 0.00, 0.00, 0.00, 0.00, NULL, 36, '2023-06-06 09:45:45', '2023-06-06 09:45:45', NULL),
(35, 0.00, 0.00, 0.00, 0.00, 0.00, 0.00, 0.00, 0.00, 0.00, 0.00, 0.00, 0.00, 0.00, NULL, 39, '2023-07-02 20:50:29', '2023-07-02 20:50:29', NULL),
(36, 65.00, 69.30, 62.50, 69.60, 73.20, 90.70, 74.50, 69.30, 82.50, 70.80, 67.70, 82.20, 73.60, 'passe', 40, '2023-07-06 20:22:08', '2023-07-07 19:55:38', NULL),
(37, 0.00, 0.00, 0.00, 0.00, 0.00, 0.00, 0.00, 0.00, 0.00, 0.00, 0.00, 0.00, 0.00, NULL, 41, '2023-07-07 21:18:41', '2023-07-07 21:18:41', NULL),
(38, 0.00, 0.00, 0.00, 0.00, 0.00, 0.00, 0.00, 0.00, 0.00, 0.00, 0.00, 0.00, 0.00, NULL, 42, '2023-07-08 06:21:44', '2023-07-08 06:21:44', NULL);

-- --------------------------------------------------------

--
-- Structure de la table `trimestres`
--

CREATE TABLE `trimestres` (
  `id` bigint(20) UNSIGNED NOT NULL,
  `nom` varchar(255) COLLATE utf8mb4_unicode_ci NOT NULL,
  `date_debut` date NOT NULL,
  `date_fin` date NOT NULL,
  `annee_scolaire_id` bigint(20) UNSIGNED DEFAULT NULL,
  `created_at` timestamp NULL DEFAULT NULL,
  `updated_at` timestamp NULL DEFAULT NULL,
  `deleted_at` timestamp NULL DEFAULT NULL
) ENGINE=InnoDB DEFAULT CHARSET=utf8mb4 COLLATE=utf8mb4_unicode_ci;

--
-- Déchargement des données de la table `trimestres`
--

INSERT INTO `trimestres` (`id`, `nom`, `date_debut`, `date_fin`, `annee_scolaire_id`, `created_at`, `updated_at`, `deleted_at`) VALUES
(1, 'PREMIER TRIMESTRE', '2022-09-02', '2022-12-11', 1, '2022-08-24 13:07:52', '2022-11-19 08:30:21', NULL),
(2, 'DEUXIEME TRIMESTRE', '2022-12-12', '2023-03-21', 1, '2022-08-24 13:08:24', '2022-11-19 08:30:27', NULL),
(3, 'TROISIEME TRIMESTRE', '2023-03-22', '2023-07-02', 1, '2022-08-24 13:09:17', '2022-11-17 17:20:10', NULL),
(7, 'PREMIER TRIMESTRE', '2023-01-15', '2024-04-14', 2, '2022-09-02 00:29:56', '2022-11-17 17:20:34', '2023-04-13 13:31:33'),
(8, 'PREMIER TRIMESTRE', '2024-09-15', '2025-09-15', 3, '2022-09-15 12:03:24', '2022-11-19 09:05:07', NULL),
(9, 'PREMIER TRIMESTRE', '2021-09-02', '2021-12-11', 4, '2023-05-09 14:45:23', '2023-05-09 14:45:23', NULL),
(10, 'DEUXIEME TRIMESTRE', '2021-12-12', '2022-03-21', 4, '2023-05-09 14:45:55', '2023-05-09 14:45:55', NULL),
(11, 'TROISIEME TRIMESTRE', '2022-03-22', '2022-07-02', 4, '2023-05-09 14:46:47', '2023-05-09 15:07:35', NULL),
(12, 'PREMIER TRIMESTRE', '2023-06-08', '2023-06-07', 1, '2023-06-07 01:34:39', '2023-06-07 01:41:20', '2023-06-07 01:41:20');

-- --------------------------------------------------------

--
-- Structure de la table `type_evaluations`
--

CREATE TABLE `type_evaluations` (
  `id` bigint(20) UNSIGNED NOT NULL,
  `nom` varchar(255) COLLATE utf8mb4_unicode_ci NOT NULL,
  `created_at` timestamp NULL DEFAULT NULL,
  `updated_at` timestamp NULL DEFAULT NULL,
  `deleted_at` timestamp NULL DEFAULT NULL
) ENGINE=InnoDB DEFAULT CHARSET=utf8mb4 COLLATE=utf8mb4_unicode_ci;

--
-- Déchargement des données de la table `type_evaluations`
--

INSERT INTO `type_evaluations` (`id`, `nom`, `created_at`, `updated_at`, `deleted_at`) VALUES
(1, 'Interrogation', '2022-08-31 09:07:05', '2022-08-31 09:07:06', NULL),
(2, 'Devoir', '2022-08-31 09:07:13', '2022-08-31 09:07:14', NULL),
(3, 'Rattrapage', '2022-09-01 02:31:57', '2022-09-01 02:31:57', '2023-05-22 12:58:54');

-- --------------------------------------------------------

--
-- Structure de la table `type_frais`
--

CREATE TABLE `type_frais` (
  `id` bigint(20) UNSIGNED NOT NULL,
  `nom` varchar(255) COLLATE utf8mb4_unicode_ci NOT NULL,
  `devise` varchar(255) COLLATE utf8mb4_unicode_ci NOT NULL DEFAULT 'USD',
  `created_at` timestamp NULL DEFAULT NULL,
  `updated_at` timestamp NULL DEFAULT NULL,
  `deleted_at` timestamp NULL DEFAULT NULL
) ENGINE=InnoDB DEFAULT CHARSET=utf8mb4 COLLATE=utf8mb4_unicode_ci;

--
-- Déchargement des données de la table `type_frais`
--

INSERT INTO `type_frais` (`id`, `nom`, `devise`, `created_at`, `updated_at`, `deleted_at`) VALUES
(1, 'FRAIS SCOLAIRES', 'USD', '2023-04-16 13:48:40', '2023-04-16 13:48:40', NULL),
(2, 'FRAIS DIVERS', 'CDF', '2023-04-16 13:48:51', NULL, NULL);

-- --------------------------------------------------------

--
-- Structure de la table `users`
--

CREATE TABLE `users` (
  `id` bigint(20) UNSIGNED NOT NULL,
  `email` varchar(255) COLLATE utf8mb4_unicode_ci NOT NULL,
  `email_verified_at` timestamp NULL DEFAULT NULL,
  `password` varchar(255) COLLATE utf8mb4_unicode_ci NOT NULL,
  `remember_token` varchar(100) COLLATE utf8mb4_unicode_ci DEFAULT NULL,
  `isAdmin` tinyint(1) NOT NULL DEFAULT '0',
  `isActive` tinyint(1) NOT NULL DEFAULT '0',
  `employer_id` bigint(20) UNSIGNED DEFAULT NULL,
  `created_at` timestamp NULL DEFAULT NULL,
  `updated_at` timestamp NULL DEFAULT NULL,
  `deleted_at` timestamp NULL DEFAULT NULL,
  `parrain_id` bigint(20) UNSIGNED DEFAULT NULL
) ENGINE=InnoDB DEFAULT CHARSET=utf8mb4 COLLATE=utf8mb4_unicode_ci;

--
-- Déchargement des données de la table `users`
--

INSERT INTO `users` (`id`, `email`, `email_verified_at`, `password`, `remember_token`, `isAdmin`, `isActive`, `employer_id`, `created_at`, `updated_at`, `deleted_at`, `parrain_id`) VALUES
(2, 'dev.binmulindi6@gmail.com', NULL, '$2y$10$eiqD9nLmn36y86Sd528Gou8vAUnFV9Bsyv3vdy5de6rtsEhFfCgji', 'IwMtVe55XjAPiaY18mYFGr63oUHiqkDPNYXeQ5KQ7QEtDrwwraxdpLTLiXeY', 1, 1, 1, '2022-08-23 17:00:54', '2022-08-23 17:00:54', NULL, NULL),
(3, 'nathalie@gmail.com', NULL, '$2y$10$vPNI6fyNN2Qk7CZ6ql6W.eWL.z9PPTyjy0RP/baU611dIVT8t/IMO', NULL, 0, 1, 2, '2022-08-24 08:21:20', '2023-04-12 12:08:05', NULL, NULL),
(4, 'jaysonmakunn@gmail.com', NULL, '$2y$10$UuTz3qfW1Al8WX4vygTdPulavvANo7yKYfsYh9E.R6.r8qhBKE.vC', NULL, 0, 1, 8, '2022-11-23 08:39:12', '2023-06-02 11:19:24', NULL, NULL),
(5, 'jeanlucmulindi@gmail.com', NULL, '$2y$10$nUsIZ36MIj95XxeCFEFdZuvoZACjj71vXzP.VU8VMpRjZ8UglUF7S', NULL, 0, 1, 3, '2023-04-02 09:58:19', '2023-04-13 14:58:36', NULL, NULL),
(6, 'nickelmolisho@gmail.com', NULL, '$2y$10$EVTCnKc7AUzQnKj7DJeG2uuOrobT96xq2Un9NOUUiJHmZ5AFCsuma', NULL, 0, 1, 4, '2023-04-03 04:34:38', '2023-06-05 11:19:31', NULL, NULL),
(8, 'mulindi@gmail.com', NULL, '$2y$10$WgvkjSpvbkW5Bw9d/o08.u/MO2ZEEBgLKvI4lF5H9pJW.5uH/Hm2O', NULL, 0, 1, NULL, '2023-04-12 06:36:45', '2023-07-14 09:20:44', NULL, 3),
(9, 'christa@gmail.com', NULL, '$2y$10$1gNddZoCWRmEvdJH057YD.1Qm2pi4n65htyTqz15JPSe9YCtm4Y26', NULL, 0, 1, 9, '2023-04-12 21:48:51', '2023-04-12 21:49:10', NULL, NULL),
(10, 'masumbukomuderhwa@gmail.com', NULL, '$2y$10$ym7/iFK9pj84EOvRkCW8yuCI4p2jhcDitVfzl6m6SONoxNrQt1/yW', NULL, 0, 1, NULL, '2023-04-13 10:38:01', '2023-04-13 10:38:24', NULL, 4),
(13, 'charly@gmail.com', NULL, '$2y$10$av9TM7j6ldo6a2i9k7jNjeVNXx7eMRIJPwl4tnGO2Jyn6rbTBMrF.', NULL, 0, 0, 10, '2023-05-30 11:42:06', '2023-05-30 11:42:06', NULL, NULL),
(14, 'assumani@julie.com', NULL, '$2y$10$BR.zFkA3C1KD/GBr0XJOTO8RwHQ/OgigiDcsAzHVd.Ry9TEeFMzr.', NULL, 0, 1, NULL, '2023-06-05 11:22:29', '2023-06-15 12:14:29', NULL, 5),
(15, 'abudu@gmail.com', NULL, '$2y$10$SWZhtkPvELYP87b.w3YZw.zicPMK2tmxCWpgUx/wVFT7T9LnEGpjy', NULL, 0, 1, 12, '2023-06-15 18:06:26', '2023-06-15 18:07:42', NULL, NULL),
(16, 'molisho@gmail.com', NULL, '$2y$10$D75s4Z/tG9c3fCXnfirEBOl9tqZSduE66Tlz7VSVTFgP7uKFEXVBu', NULL, 0, 0, NULL, '2023-06-27 08:17:42', '2023-06-30 05:55:46', NULL, 6),
(17, 'mastaki@gmail.com', NULL, '$2y$10$497tAzyReelejG34zuxq6eNXXTa6irXQA7gpRXsZp7uhtm2rtPSTu', NULL, 0, 1, 14, '2023-07-07 21:06:12', '2023-07-07 21:10:01', NULL, NULL),
(18, 'zepto@gmail.com', NULL, '$2y$10$aKoAENgI1r.iwoPBBKmEduIyAKFhWBROufVwV9nb8W.hkmqBRO3bi', NULL, 0, 1, 15, '2023-07-08 06:18:18', '2023-07-08 06:18:53', NULL, NULL);

--
-- Index pour les tables déchargées
--

--
-- Index pour la table `annee_scolaires`
--
ALTER TABLE `annee_scolaires`
  ADD PRIMARY KEY (`id`),
  ADD UNIQUE KEY `annee_scolaires_nom_unique` (`nom`);

--
-- Index pour la table `categorie_cours`
--
ALTER TABLE `categorie_cours`
  ADD PRIMARY KEY (`id`);

--
-- Index pour la table `classes`
--
ALTER TABLE `classes`
  ADD PRIMARY KEY (`id`),
  ADD KEY `classes_niveau_id_foreign` (`niveau_id`);

--
-- Index pour la table `conduites`
--
ALTER TABLE `conduites`
  ADD PRIMARY KEY (`id`);

--
-- Index pour la table `cours`
--
ALTER TABLE `cours`
  ADD PRIMARY KEY (`id`),
  ADD KEY `cours_categorie_cours_id_foreign` (`categorie_cours_id`),
  ADD KEY `cours_classe_id_foreign` (`classe_id`);

--
-- Index pour la table `eleves`
--
ALTER TABLE `eleves`
  ADD PRIMARY KEY (`id`),
  ADD KEY `eleves_parrain_id_foreign` (`parrain_id`);

--
-- Index pour la table `eleve_conduites`
--
ALTER TABLE `eleve_conduites`
  ADD PRIMARY KEY (`id`),
  ADD KEY `eleve_conduites_eleve_id_foreign` (`eleve_id`),
  ADD KEY `eleve_conduites_conduite_id_foreign` (`conduite_id`),
  ADD KEY `eleve_conduites_periode_id_foreign` (`periode_id`);

--
-- Index pour la table `eleve_evaluation`
--
ALTER TABLE `eleve_evaluation`
  ADD PRIMARY KEY (`id`),
  ADD KEY `table_eleve_evaluation_eleve_id_foreign` (`eleve_id`),
  ADD KEY `table_eleve_evaluation_evaluation_id_foreign` (`evaluation_id`);

--
-- Index pour la table `eleve_examen`
--
ALTER TABLE `eleve_examen`
  ADD PRIMARY KEY (`id`),
  ADD KEY `table_eleve_examen_eleve_id_foreign` (`eleve_id`),
  ADD KEY `table_eleve_examen_examen_id_foreign` (`examen_id`);

--
-- Index pour la table `eleve_parrain`
--
ALTER TABLE `eleve_parrain`
  ADD PRIMARY KEY (`id`),
  ADD KEY `eleve_parrain_eleve_id_foreign` (`eleve_id`),
  ADD KEY `eleve_parrain_parrain_id_foreign` (`parrain_id`);

--
-- Index pour la table `employers`
--
ALTER TABLE `employers`
  ADD PRIMARY KEY (`id`),
  ADD UNIQUE KEY `matricule` (`matricule`);

--
-- Index pour la table `employer_fonction`
--
ALTER TABLE `employer_fonction`
  ADD PRIMARY KEY (`id`),
  ADD KEY `table_employer_fonction_employer_id_foreign` (`employer_id`),
  ADD KEY `table_employer_fonction_fonction_id_foreign` (`fonction_id`);

--
-- Index pour la table `encadrements`
--
ALTER TABLE `encadrements`
  ADD PRIMARY KEY (`id`),
  ADD KEY `encadrements_user_id_foreign` (`user_id`),
  ADD KEY `encadrements_classe_id_foreign` (`classe_id`),
  ADD KEY `encadrements_annee_scolaire_id_foreign` (`annee_scolaire_id`);

--
-- Index pour la table `evaluations`
--
ALTER TABLE `evaluations`
  ADD PRIMARY KEY (`id`),
  ADD KEY `evaluations_type_evaluation_id_foreign` (`type_evaluation_id`),
  ADD KEY `evaluations_cours_id_foreign` (`cours_id`),
  ADD KEY `evaluations_periode_id_foreign` (`periode_id`);

--
-- Index pour la table `examens`
--
ALTER TABLE `examens`
  ADD PRIMARY KEY (`id`),
  ADD KEY `examens_cours_id_foreign` (`cours_id`),
  ADD KEY `examens_trimestre_id_foreign` (`trimestre_id`);

--
-- Index pour la table `failed_jobs`
--
ALTER TABLE `failed_jobs`
  ADD PRIMARY KEY (`id`),
  ADD UNIQUE KEY `failed_jobs_uuid_unique` (`uuid`);

--
-- Index pour la table `fonctions`
--
ALTER TABLE `fonctions`
  ADD PRIMARY KEY (`id`);

--
-- Index pour la table `frais`
--
ALTER TABLE `frais`
  ADD PRIMARY KEY (`id`),
  ADD KEY `frais_niveau_id_foreign` (`niveau_id`),
  ADD KEY `frais_type_frais_id_foreign` (`type_frais_id`),
  ADD KEY `frais_mode_paiement_id_foreign` (`mode_paiement_id`);

--
-- Index pour la table `frequentations`
--
ALTER TABLE `frequentations`
  ADD PRIMARY KEY (`id`),
  ADD KEY `frequentations_eleve_id_foreign` (`eleve_id`),
  ADD KEY `frequentations_classe_id_foreign` (`classe_id`),
  ADD KEY `frequentations_annee_scolaire_id_foreign` (`annee_scolaire_id`);

--
-- Index pour la table `logfiles`
--
ALTER TABLE `logfiles`
  ADD PRIMARY KEY (`id`);

--
-- Index pour la table `messages`
--
ALTER TABLE `messages`
  ADD PRIMARY KEY (`id`),
  ADD KEY `messages_expediteur_foreign` (`expediteur`),
  ADD KEY `messages_destinateur_foreign` (`destinateur`);

--
-- Index pour la table `migrations`
--
ALTER TABLE `migrations`
  ADD PRIMARY KEY (`id`);

--
-- Index pour la table `mode_paiements`
--
ALTER TABLE `mode_paiements`
  ADD PRIMARY KEY (`id`);

--
-- Index pour la table `moyen_paiements`
--
ALTER TABLE `moyen_paiements`
  ADD PRIMARY KEY (`id`);

--
-- Index pour la table `niveaux`
--
ALTER TABLE `niveaux`
  ADD PRIMARY KEY (`id`);

--
-- Index pour la table `paiement_frais`
--
ALTER TABLE `paiement_frais`
  ADD PRIMARY KEY (`id`),
  ADD KEY `paiement_frais_moyen_paiement_id_foreign` (`moyen_paiement_id`),
  ADD KEY `paiement_frais_frais_id_foreign` (`frais_id`),
  ADD KEY `paiement_frais_frequentation_id_foreign` (`frequentation_id`);

--
-- Index pour la table `parrains`
--
ALTER TABLE `parrains`
  ADD PRIMARY KEY (`id`);

--
-- Index pour la table `password_resets`
--
ALTER TABLE `password_resets`
  ADD KEY `password_resets_email_index` (`email`);

--
-- Index pour la table `periodes`
--
ALTER TABLE `periodes`
  ADD PRIMARY KEY (`id`),
  ADD KEY `periodes_trimestre_id_foreign` (`trimestre_id`);

--
-- Index pour la table `personal_access_tokens`
--
ALTER TABLE `personal_access_tokens`
  ADD PRIMARY KEY (`id`),
  ADD UNIQUE KEY `personal_access_tokens_token_unique` (`token`),
  ADD KEY `personal_access_tokens_tokenable_type_tokenable_id_index` (`tokenable_type`,`tokenable_id`);

--
-- Index pour la table `resultats`
--
ALTER TABLE `resultats`
  ADD PRIMARY KEY (`id`),
  ADD KEY `resultats_frequentation_id_foreign` (`frequentation_id`);

--
-- Index pour la table `trimestres`
--
ALTER TABLE `trimestres`
  ADD PRIMARY KEY (`id`),
  ADD KEY `trimestres_annee_scolaire_id_foreign` (`annee_scolaire_id`);

--
-- Index pour la table `type_evaluations`
--
ALTER TABLE `type_evaluations`
  ADD PRIMARY KEY (`id`);

--
-- Index pour la table `type_frais`
--
ALTER TABLE `type_frais`
  ADD PRIMARY KEY (`id`);

--
-- Index pour la table `users`
--
ALTER TABLE `users`
  ADD PRIMARY KEY (`id`),
  ADD UNIQUE KEY `users_email_unique` (`email`),
  ADD KEY `users_employer_id_foreign` (`employer_id`),
  ADD KEY `users_parrain_id_foreign` (`parrain_id`);

--
-- AUTO_INCREMENT pour les tables déchargées
--

--
-- AUTO_INCREMENT pour la table `annee_scolaires`
--
ALTER TABLE `annee_scolaires`
  MODIFY `id` bigint(20) UNSIGNED NOT NULL AUTO_INCREMENT, AUTO_INCREMENT=6;

--
-- AUTO_INCREMENT pour la table `categorie_cours`
--
ALTER TABLE `categorie_cours`
  MODIFY `id` bigint(20) UNSIGNED NOT NULL AUTO_INCREMENT, AUTO_INCREMENT=9;

--
-- AUTO_INCREMENT pour la table `classes`
--
ALTER TABLE `classes`
  MODIFY `id` bigint(20) UNSIGNED NOT NULL AUTO_INCREMENT, AUTO_INCREMENT=17;

--
-- AUTO_INCREMENT pour la table `conduites`
--
ALTER TABLE `conduites`
  MODIFY `id` bigint(20) UNSIGNED NOT NULL AUTO_INCREMENT, AUTO_INCREMENT=6;

--
-- AUTO_INCREMENT pour la table `cours`
--
ALTER TABLE `cours`
  MODIFY `id` bigint(20) UNSIGNED NOT NULL AUTO_INCREMENT, AUTO_INCREMENT=32;

--
-- AUTO_INCREMENT pour la table `eleves`
--
ALTER TABLE `eleves`
  MODIFY `id` bigint(20) UNSIGNED NOT NULL AUTO_INCREMENT, AUTO_INCREMENT=40;

--
-- AUTO_INCREMENT pour la table `eleve_conduites`
--
ALTER TABLE `eleve_conduites`
  MODIFY `id` bigint(20) UNSIGNED NOT NULL AUTO_INCREMENT, AUTO_INCREMENT=16;

--
-- AUTO_INCREMENT pour la table `eleve_evaluation`
--
ALTER TABLE `eleve_evaluation`
  MODIFY `id` bigint(20) UNSIGNED NOT NULL AUTO_INCREMENT, AUTO_INCREMENT=2474;

--
-- AUTO_INCREMENT pour la table `eleve_examen`
--
ALTER TABLE `eleve_examen`
  MODIFY `id` bigint(20) UNSIGNED NOT NULL AUTO_INCREMENT, AUTO_INCREMENT=864;

--
-- AUTO_INCREMENT pour la table `eleve_parrain`
--
ALTER TABLE `eleve_parrain`
  MODIFY `id` bigint(20) UNSIGNED NOT NULL AUTO_INCREMENT;

--
-- AUTO_INCREMENT pour la table `employers`
--
ALTER TABLE `employers`
  MODIFY `id` bigint(20) UNSIGNED NOT NULL AUTO_INCREMENT, AUTO_INCREMENT=16;

--
-- AUTO_INCREMENT pour la table `employer_fonction`
--
ALTER TABLE `employer_fonction`
  MODIFY `id` bigint(20) UNSIGNED NOT NULL AUTO_INCREMENT, AUTO_INCREMENT=36;

--
-- AUTO_INCREMENT pour la table `encadrements`
--
ALTER TABLE `encadrements`
  MODIFY `id` bigint(20) UNSIGNED NOT NULL AUTO_INCREMENT, AUTO_INCREMENT=11;

--
-- AUTO_INCREMENT pour la table `evaluations`
--
ALTER TABLE `evaluations`
  MODIFY `id` bigint(20) UNSIGNED NOT NULL AUTO_INCREMENT, AUTO_INCREMENT=454;

--
-- AUTO_INCREMENT pour la table `examens`
--
ALTER TABLE `examens`
  MODIFY `id` bigint(20) UNSIGNED NOT NULL AUTO_INCREMENT, AUTO_INCREMENT=89;

--
-- AUTO_INCREMENT pour la table `failed_jobs`
--
ALTER TABLE `failed_jobs`
  MODIFY `id` bigint(20) UNSIGNED NOT NULL AUTO_INCREMENT;

--
-- AUTO_INCREMENT pour la table `fonctions`
--
ALTER TABLE `fonctions`
  MODIFY `id` bigint(20) UNSIGNED NOT NULL AUTO_INCREMENT, AUTO_INCREMENT=12;

--
-- AUTO_INCREMENT pour la table `frais`
--
ALTER TABLE `frais`
  MODIFY `id` bigint(20) UNSIGNED NOT NULL AUTO_INCREMENT, AUTO_INCREMENT=29;

--
-- AUTO_INCREMENT pour la table `frequentations`
--
ALTER TABLE `frequentations`
  MODIFY `id` bigint(20) UNSIGNED NOT NULL AUTO_INCREMENT, AUTO_INCREMENT=43;

--
-- AUTO_INCREMENT pour la table `logfiles`
--
ALTER TABLE `logfiles`
  MODIFY `id` bigint(20) UNSIGNED NOT NULL AUTO_INCREMENT, AUTO_INCREMENT=769;

--
-- AUTO_INCREMENT pour la table `messages`
--
ALTER TABLE `messages`
  MODIFY `id` bigint(20) UNSIGNED NOT NULL AUTO_INCREMENT, AUTO_INCREMENT=20;

--
-- AUTO_INCREMENT pour la table `migrations`
--
ALTER TABLE `migrations`
  MODIFY `id` int(10) UNSIGNED NOT NULL AUTO_INCREMENT, AUTO_INCREMENT=88;

--
-- AUTO_INCREMENT pour la table `mode_paiements`
--
ALTER TABLE `mode_paiements`
  MODIFY `id` bigint(20) UNSIGNED NOT NULL AUTO_INCREMENT, AUTO_INCREMENT=4;

--
-- AUTO_INCREMENT pour la table `moyen_paiements`
--
ALTER TABLE `moyen_paiements`
  MODIFY `id` bigint(20) UNSIGNED NOT NULL AUTO_INCREMENT, AUTO_INCREMENT=3;

--
-- AUTO_INCREMENT pour la table `niveaux`
--
ALTER TABLE `niveaux`
  MODIFY `id` bigint(20) UNSIGNED NOT NULL AUTO_INCREMENT, AUTO_INCREMENT=10;

--
-- AUTO_INCREMENT pour la table `paiement_frais`
--
ALTER TABLE `paiement_frais`
  MODIFY `id` bigint(20) UNSIGNED NOT NULL AUTO_INCREMENT, AUTO_INCREMENT=15;

--
-- AUTO_INCREMENT pour la table `parrains`
--
ALTER TABLE `parrains`
  MODIFY `id` bigint(20) UNSIGNED NOT NULL AUTO_INCREMENT, AUTO_INCREMENT=7;

--
-- AUTO_INCREMENT pour la table `periodes`
--
ALTER TABLE `periodes`
  MODIFY `id` bigint(20) UNSIGNED NOT NULL AUTO_INCREMENT, AUTO_INCREMENT=14;

--
-- AUTO_INCREMENT pour la table `personal_access_tokens`
--
ALTER TABLE `personal_access_tokens`
  MODIFY `id` bigint(20) UNSIGNED NOT NULL AUTO_INCREMENT;

--
-- AUTO_INCREMENT pour la table `resultats`
--
ALTER TABLE `resultats`
  MODIFY `id` bigint(20) UNSIGNED NOT NULL AUTO_INCREMENT, AUTO_INCREMENT=39;

--
-- AUTO_INCREMENT pour la table `trimestres`
--
ALTER TABLE `trimestres`
  MODIFY `id` bigint(20) UNSIGNED NOT NULL AUTO_INCREMENT, AUTO_INCREMENT=13;

--
-- AUTO_INCREMENT pour la table `type_evaluations`
--
ALTER TABLE `type_evaluations`
  MODIFY `id` bigint(20) UNSIGNED NOT NULL AUTO_INCREMENT, AUTO_INCREMENT=4;

--
-- AUTO_INCREMENT pour la table `type_frais`
--
ALTER TABLE `type_frais`
  MODIFY `id` bigint(20) UNSIGNED NOT NULL AUTO_INCREMENT, AUTO_INCREMENT=3;

--
-- AUTO_INCREMENT pour la table `users`
--
ALTER TABLE `users`
  MODIFY `id` bigint(20) UNSIGNED NOT NULL AUTO_INCREMENT, AUTO_INCREMENT=19;

--
-- Contraintes pour les tables déchargées
--

--
-- Contraintes pour la table `classes`
--
ALTER TABLE `classes`
  ADD CONSTRAINT `classes_niveau_id_foreign` FOREIGN KEY (`niveau_id`) REFERENCES `niveaux` (`id`);

--
-- Contraintes pour la table `cours`
--
ALTER TABLE `cours`
  ADD CONSTRAINT `cours_categorie_cours_id_foreign` FOREIGN KEY (`categorie_cours_id`) REFERENCES `categorie_cours` (`id`),
  ADD CONSTRAINT `cours_classe_id_foreign` FOREIGN KEY (`classe_id`) REFERENCES `classes` (`id`);

--
-- Contraintes pour la table `eleves`
--
ALTER TABLE `eleves`
  ADD CONSTRAINT `eleves_parrain_id_foreign` FOREIGN KEY (`parrain_id`) REFERENCES `parrains` (`id`);

--
-- Contraintes pour la table `eleve_conduites`
--
ALTER TABLE `eleve_conduites`
  ADD CONSTRAINT `eleve_conduites_conduite_id_foreign` FOREIGN KEY (`conduite_id`) REFERENCES `conduites` (`id`),
  ADD CONSTRAINT `eleve_conduites_eleve_id_foreign` FOREIGN KEY (`eleve_id`) REFERENCES `eleves` (`id`),
  ADD CONSTRAINT `eleve_conduites_periode_id_foreign` FOREIGN KEY (`periode_id`) REFERENCES `periodes` (`id`);

--
-- Contraintes pour la table `eleve_evaluation`
--
ALTER TABLE `eleve_evaluation`
  ADD CONSTRAINT `table_eleve_evaluation_eleve_id_foreign` FOREIGN KEY (`eleve_id`) REFERENCES `eleves` (`id`),
  ADD CONSTRAINT `table_eleve_evaluation_evaluation_id_foreign` FOREIGN KEY (`evaluation_id`) REFERENCES `evaluations` (`id`);

--
-- Contraintes pour la table `eleve_examen`
--
ALTER TABLE `eleve_examen`
  ADD CONSTRAINT `table_eleve_examen_eleve_id_foreign` FOREIGN KEY (`eleve_id`) REFERENCES `eleves` (`id`),
  ADD CONSTRAINT `table_eleve_examen_examen_id_foreign` FOREIGN KEY (`examen_id`) REFERENCES `examens` (`id`);

--
-- Contraintes pour la table `eleve_parrain`
--
ALTER TABLE `eleve_parrain`
  ADD CONSTRAINT `eleve_parrain_eleve_id_foreign` FOREIGN KEY (`eleve_id`) REFERENCES `eleves` (`id`),
  ADD CONSTRAINT `eleve_parrain_parrain_id_foreign` FOREIGN KEY (`parrain_id`) REFERENCES `parrains` (`id`);

--
-- Contraintes pour la table `employer_fonction`
--
ALTER TABLE `employer_fonction`
  ADD CONSTRAINT `table_employer_fonction_employer_id_foreign` FOREIGN KEY (`employer_id`) REFERENCES `employers` (`id`),
  ADD CONSTRAINT `table_employer_fonction_fonction_id_foreign` FOREIGN KEY (`fonction_id`) REFERENCES `fonctions` (`id`);

--
-- Contraintes pour la table `encadrements`
--
ALTER TABLE `encadrements`
  ADD CONSTRAINT `encadrements_annee_scolaire_id_foreign` FOREIGN KEY (`annee_scolaire_id`) REFERENCES `annee_scolaires` (`id`),
  ADD CONSTRAINT `encadrements_classe_id_foreign` FOREIGN KEY (`classe_id`) REFERENCES `classes` (`id`),
  ADD CONSTRAINT `encadrements_user_id_foreign` FOREIGN KEY (`user_id`) REFERENCES `users` (`id`);

--
-- Contraintes pour la table `evaluations`
--
ALTER TABLE `evaluations`
  ADD CONSTRAINT `evaluations_cours_id_foreign` FOREIGN KEY (`cours_id`) REFERENCES `cours` (`id`),
  ADD CONSTRAINT `evaluations_periode_id_foreign` FOREIGN KEY (`periode_id`) REFERENCES `periodes` (`id`),
  ADD CONSTRAINT `evaluations_type_evaluation_id_foreign` FOREIGN KEY (`type_evaluation_id`) REFERENCES `type_evaluations` (`id`);

--
-- Contraintes pour la table `examens`
--
ALTER TABLE `examens`
  ADD CONSTRAINT `examens_cours_id_foreign` FOREIGN KEY (`cours_id`) REFERENCES `cours` (`id`),
  ADD CONSTRAINT `examens_trimestre_id_foreign` FOREIGN KEY (`trimestre_id`) REFERENCES `trimestres` (`id`);

--
-- Contraintes pour la table `frais`
--
ALTER TABLE `frais`
  ADD CONSTRAINT `frais_mode_paiement_id_foreign` FOREIGN KEY (`mode_paiement_id`) REFERENCES `mode_paiements` (`id`),
  ADD CONSTRAINT `frais_niveau_id_foreign` FOREIGN KEY (`niveau_id`) REFERENCES `niveaux` (`id`),
  ADD CONSTRAINT `frais_type_frais_id_foreign` FOREIGN KEY (`type_frais_id`) REFERENCES `type_frais` (`id`);

--
-- Contraintes pour la table `frequentations`
--
ALTER TABLE `frequentations`
  ADD CONSTRAINT `frequentations_annee_scolaire_id_foreign` FOREIGN KEY (`annee_scolaire_id`) REFERENCES `annee_scolaires` (`id`),
  ADD CONSTRAINT `frequentations_classe_id_foreign` FOREIGN KEY (`classe_id`) REFERENCES `classes` (`id`),
  ADD CONSTRAINT `frequentations_eleve_id_foreign` FOREIGN KEY (`eleve_id`) REFERENCES `eleves` (`id`);

--
-- Contraintes pour la table `messages`
--
ALTER TABLE `messages`
  ADD CONSTRAINT `messages_destinateur_foreign` FOREIGN KEY (`destinateur`) REFERENCES `users` (`id`),
  ADD CONSTRAINT `messages_expediteur_foreign` FOREIGN KEY (`expediteur`) REFERENCES `users` (`id`);

--
-- Contraintes pour la table `paiement_frais`
--
ALTER TABLE `paiement_frais`
  ADD CONSTRAINT `paiement_frais_frais_id_foreign` FOREIGN KEY (`frais_id`) REFERENCES `frais` (`id`),
  ADD CONSTRAINT `paiement_frais_frequentation_id_foreign` FOREIGN KEY (`frequentation_id`) REFERENCES `frequentations` (`id`),
  ADD CONSTRAINT `paiement_frais_moyen_paiement_id_foreign` FOREIGN KEY (`moyen_paiement_id`) REFERENCES `moyen_paiements` (`id`);

--
-- Contraintes pour la table `periodes`
--
ALTER TABLE `periodes`
  ADD CONSTRAINT `periodes_trimestre_id_foreign` FOREIGN KEY (`trimestre_id`) REFERENCES `trimestres` (`id`);

--
-- Contraintes pour la table `resultats`
--
ALTER TABLE `resultats`
  ADD CONSTRAINT `resultats_frequentation_id_foreign` FOREIGN KEY (`frequentation_id`) REFERENCES `frequentations` (`id`);

--
-- Contraintes pour la table `trimestres`
--
ALTER TABLE `trimestres`
  ADD CONSTRAINT `trimestres_annee_scolaire_id_foreign` FOREIGN KEY (`annee_scolaire_id`) REFERENCES `annee_scolaires` (`id`);

--
-- Contraintes pour la table `users`
--
ALTER TABLE `users`
  ADD CONSTRAINT `users_employer_id_foreign` FOREIGN KEY (`employer_id`) REFERENCES `employers` (`id`),
  ADD CONSTRAINT `users_parrain_id_foreign` FOREIGN KEY (`parrain_id`) REFERENCES `parrains` (`id`);
COMMIT;

/*!40101 SET CHARACTER_SET_CLIENT=@OLD_CHARACTER_SET_CLIENT */;
/*!40101 SET CHARACTER_SET_RESULTS=@OLD_CHARACTER_SET_RESULTS */;
/*!40101 SET COLLATION_CONNECTION=@OLD_COLLATION_CONNECTION */;
